log_text,label
session token expired unexpectedly on k8s-node-4,Authentication Failure
oauth token validation failed on k8s-node-4,Authentication Failure
authentication failed for admin user on k8s-node-4,Authentication Failure
session token expired unexpectedly on prod-server-1,Authentication Failure
session token expired unexpectedly on prod-server-2,Authentication Failure
session token expired unexpectedly on prod-server-1,Authentication Failure
unauthorized access attempt detected on k8s-node-4,Authentication Failure
authentication failed for admin user on payment-service,Authentication Failure
access denied due to invalid api key on api-gateway,Authentication Failure
access denied due to invalid api key on redis-cache,Authentication Failure
access denied due to invalid api key on kafka-broker,Authentication Failure
jwt token expired during authentication on kafka-broker,Authentication Failure
jwt token expired during authentication on prod-server-2,Authentication Failure
authentication failed for admin user on kafka-broker,Authentication Failure
jwt token expired during authentication on payment-service,Authentication Failure
authentication failed for admin user on k8s-node-4,Authentication Failure
access denied due to invalid api key on kafka-broker,Authentication Failure
authentication failed for admin user on kafka-broker,Authentication Failure
invalid login credentials for user on k8s-node-4,Authentication Failure
invalid login credentials for user on kafka-broker,Authentication Failure
session token expired unexpectedly on frontend-app,Authentication Failure
unauthorized access attempt detected on auth-service,Authentication Failure
invalid login credentials for user on kafka-broker,Authentication Failure
unauthorized access attempt detected on prod-server-1,Authentication Failure
failed password verification on db-cluster,Authentication Failure
authentication failed for admin user on redis-cache,Authentication Failure
access denied due to invalid api key on kafka-broker,Authentication Failure
authentication failed for admin user on prod-server-1,Authentication Failure
jwt token expired during authentication on prod-server-1,Authentication Failure
jwt token expired during authentication on payment-service,Authentication Failure
invalid login credentials for user on db-cluster,Authentication Failure
session token expired unexpectedly on k8s-node-4,Authentication Failure
invalid login credentials for user on prod-server-2,Authentication Failure
jwt token expired during authentication on frontend-app,Authentication Failure
failed password verification on kafka-broker,Authentication Failure
jwt token expired during authentication on redis-cache,Authentication Failure
invalid login credentials for user on db-cluster,Authentication Failure
session token expired unexpectedly on payment-service,Authentication Failure
oauth token validation failed on prod-server-2,Authentication Failure
failed password verification on api-gateway,Authentication Failure
unauthorized access attempt detected on auth-service,Authentication Failure
access denied due to invalid api key on redis-cache,Authentication Failure
unauthorized access attempt detected on k8s-node-4,Authentication Failure
access denied due to invalid api key on redis-cache,Authentication Failure
jwt token expired during authentication on prod-server-2,Authentication Failure
invalid login credentials for user on payment-service,Authentication Failure
invalid login credentials for user on frontend-app,Authentication Failure
invalid login credentials for user on frontend-app,Authentication Failure
unauthorized access attempt detected on payment-service,Authentication Failure
invalid login credentials for user on payment-service,Authentication Failure
unauthorized access attempt detected on k8s-node-4,Authentication Failure
failed password verification on redis-cache,Authentication Failure
jwt token expired during authentication on redis-cache,Authentication Failure
session token expired unexpectedly on auth-service,Authentication Failure
access denied due to invalid api key on payment-service,Authentication Failure
authentication failed for admin user on redis-cache,Authentication Failure
invalid login credentials for user on frontend-app,Authentication Failure
failed password verification on db-cluster,Authentication Failure
jwt token expired during authentication on prod-server-1,Authentication Failure
failed password verification on auth-service,Authentication Failure
unauthorized access attempt detected on redis-cache,Authentication Failure
invalid login credentials for user on db-cluster,Authentication Failure
jwt token expired during authentication on k8s-node-4,Authentication Failure
jwt token expired during authentication on db-cluster,Authentication Failure
access denied due to invalid api key on prod-server-2,Authentication Failure
failed password verification on payment-service,Authentication Failure
oauth token validation failed on prod-server-2,Authentication Failure
failed password verification on payment-service,Authentication Failure
oauth token validation failed on db-cluster,Authentication Failure
invalid login credentials for user on db-cluster,Authentication Failure
failed password verification on redis-cache,Authentication Failure
authentication failed for admin user on db-cluster,Authentication Failure
authentication failed for admin user on frontend-app,Authentication Failure
access denied due to invalid api key on prod-server-2,Authentication Failure
unauthorized access attempt detected on prod-server-2,Authentication Failure
invalid login credentials for user on redis-cache,Authentication Failure
oauth token validation failed on db-cluster,Authentication Failure
jwt token expired during authentication on kafka-broker,Authentication Failure
oauth token validation failed on payment-service,Authentication Failure
failed password verification on auth-service,Authentication Failure
invalid login credentials for user on prod-server-1,Authentication Failure
access denied due to invalid api key on db-cluster,Authentication Failure
authentication failed for admin user on kafka-broker,Authentication Failure
session token expired unexpectedly on payment-service,Authentication Failure
authentication failed for admin user on prod-server-2,Authentication Failure
session token expired unexpectedly on kafka-broker,Authentication Failure
invalid login credentials for user on prod-server-1,Authentication Failure
jwt token expired during authentication on kafka-broker,Authentication Failure
invalid login credentials for user on auth-service,Authentication Failure
failed password verification on kafka-broker,Authentication Failure
invalid login credentials for user on prod-server-2,Authentication Failure
access denied due to invalid api key on redis-cache,Authentication Failure
jwt token expired during authentication on k8s-node-4,Authentication Failure
failed password verification on api-gateway,Authentication Failure
invalid login credentials for user on redis-cache,Authentication Failure
access denied due to invalid api key on db-cluster,Authentication Failure
oauth token validation failed on payment-service,Authentication Failure
access denied due to invalid api key on prod-server-2,Authentication Failure
authentication failed for admin user on prod-server-2,Authentication Failure
failed password verification on prod-server-2,Authentication Failure
access denied due to invalid api key on payment-service,Authentication Failure
access denied due to invalid api key on redis-cache,Authentication Failure
authentication failed for admin user on db-cluster,Authentication Failure
invalid login credentials for user on kafka-broker,Authentication Failure
oauth token validation failed on frontend-app,Authentication Failure
access denied due to invalid api key on api-gateway,Authentication Failure
failed password verification on prod-server-2,Authentication Failure
session token expired unexpectedly on k8s-node-4,Authentication Failure
session token expired unexpectedly on prod-server-2,Authentication Failure
oauth token validation failed on redis-cache,Authentication Failure
access denied due to invalid api key on redis-cache,Authentication Failure
invalid login credentials for user on redis-cache,Authentication Failure
oauth token validation failed on payment-service,Authentication Failure
session token expired unexpectedly on payment-service,Authentication Failure
failed password verification on prod-server-1,Authentication Failure
oauth token validation failed on api-gateway,Authentication Failure
unauthorized access attempt detected on redis-cache,Authentication Failure
unauthorized access attempt detected on frontend-app,Authentication Failure
invalid login credentials for user on payment-service,Authentication Failure
invalid login credentials for user on db-cluster,Authentication Failure
failed password verification on redis-cache,Authentication Failure
session token expired unexpectedly on db-cluster,Authentication Failure
unauthorized access attempt detected on prod-server-1,Authentication Failure
authentication failed for admin user on db-cluster,Authentication Failure
authentication failed for admin user on prod-server-1,Authentication Failure
session token expired unexpectedly on prod-server-2,Authentication Failure
session token expired unexpectedly on prod-server-2,Authentication Failure
session token expired unexpectedly on payment-service,Authentication Failure
jwt token expired during authentication on kafka-broker,Authentication Failure
authentication failed for admin user on auth-service,Authentication Failure
session token expired unexpectedly on api-gateway,Authentication Failure
failed password verification on prod-server-2,Authentication Failure
access denied due to invalid api key on db-cluster,Authentication Failure
oauth token validation failed on prod-server-2,Authentication Failure
session token expired unexpectedly on auth-service,Authentication Failure
oauth token validation failed on auth-service,Authentication Failure
session token expired unexpectedly on prod-server-1,Authentication Failure
session token expired unexpectedly on k8s-node-4,Authentication Failure
failed password verification on payment-service,Authentication Failure
oauth token validation failed on db-cluster,Authentication Failure
unauthorized access attempt detected on api-gateway,Authentication Failure
authentication failed for admin user on auth-service,Authentication Failure
session token expired unexpectedly on api-gateway,Authentication Failure
invalid login credentials for user on api-gateway,Authentication Failure
jwt token expired during authentication on k8s-node-4,Authentication Failure
oauth token validation failed on db-cluster,Authentication Failure
authentication failed for admin user on auth-service,Authentication Failure
oauth token validation failed on prod-server-1,Authentication Failure
access denied due to invalid api key on frontend-app,Authentication Failure
unauthorized access attempt detected on prod-server-1,Authentication Failure
jwt token expired during authentication on k8s-node-4,Authentication Failure
access denied due to invalid api key on kafka-broker,Authentication Failure
unauthorized access attempt detected on k8s-node-4,Authentication Failure
session token expired unexpectedly on redis-cache,Authentication Failure
failed password verification on prod-server-1,Authentication Failure
access denied due to invalid api key on payment-service,Authentication Failure
authentication failed for admin user on redis-cache,Authentication Failure
access denied due to invalid api key on prod-server-1,Authentication Failure
access denied due to invalid api key on prod-server-1,Authentication Failure
jwt token expired during authentication on payment-service,Authentication Failure
oauth token validation failed on db-cluster,Authentication Failure
oauth token validation failed on kafka-broker,Authentication Failure
invalid login credentials for user on db-cluster,Authentication Failure
failed password verification on redis-cache,Authentication Failure
jwt token expired during authentication on payment-service,Authentication Failure
invalid login credentials for user on frontend-app,Authentication Failure
jwt token expired during authentication on api-gateway,Authentication Failure
oauth token validation failed on db-cluster,Authentication Failure
invalid login credentials for user on k8s-node-4,Authentication Failure
jwt token expired during authentication on k8s-node-4,Authentication Failure
jwt token expired during authentication on db-cluster,Authentication Failure
unauthorized access attempt detected on payment-service,Authentication Failure
session token expired unexpectedly on frontend-app,Authentication Failure
oauth token validation failed on redis-cache,Authentication Failure
access denied due to invalid api key on kafka-broker,Authentication Failure
unauthorized access attempt detected on api-gateway,Authentication Failure
authentication failed for admin user on api-gateway,Authentication Failure
invalid login credentials for user on payment-service,Authentication Failure
jwt token expired during authentication on prod-server-2,Authentication Failure
session token expired unexpectedly on prod-server-2,Authentication Failure
session token expired unexpectedly on prod-server-1,Authentication Failure
session token expired unexpectedly on frontend-app,Authentication Failure
authentication failed for admin user on prod-server-2,Authentication Failure
invalid login credentials for user on kafka-broker,Authentication Failure
oauth token validation failed on prod-server-1,Authentication Failure
failed password verification on prod-server-2,Authentication Failure
failed password verification on api-gateway,Authentication Failure
access denied due to invalid api key on payment-service,Authentication Failure
access denied due to invalid api key on prod-server-1,Authentication Failure
access denied due to invalid api key on kafka-broker,Authentication Failure
jwt token expired during authentication on payment-service,Authentication Failure
unauthorized access attempt detected on kafka-broker,Authentication Failure
failed password verification on prod-server-1,Authentication Failure
unauthorized access attempt detected on prod-server-2,Authentication Failure
access denied due to invalid api key on auth-service,Authentication Failure
unauthorized access attempt detected on redis-cache,Authentication Failure
unauthorized access attempt detected on prod-server-2,Authentication Failure
unauthorized access attempt detected on db-cluster,Authentication Failure
session token expired unexpectedly on payment-service,Authentication Failure
jwt token expired during authentication on k8s-node-4,Authentication Failure
invalid login credentials for user on payment-service,Authentication Failure
session token expired unexpectedly on redis-cache,Authentication Failure
authentication failed for admin user on auth-service,Authentication Failure
oauth token validation failed on k8s-node-4,Authentication Failure
authentication failed for admin user on kafka-broker,Authentication Failure
unauthorized access attempt detected on prod-server-2,Authentication Failure
access denied due to invalid api key on api-gateway,Authentication Failure
invalid login credentials for user on redis-cache,Authentication Failure
failed password verification on frontend-app,Authentication Failure
session token expired unexpectedly on auth-service,Authentication Failure
invalid login credentials for user on prod-server-1,Authentication Failure
unauthorized access attempt detected on payment-service,Authentication Failure
failed password verification on api-gateway,Authentication Failure
access denied due to invalid api key on payment-service,Authentication Failure
unauthorized access attempt detected on k8s-node-4,Authentication Failure
unauthorized access attempt detected on payment-service,Authentication Failure
failed password verification on kafka-broker,Authentication Failure
unauthorized access attempt detected on db-cluster,Authentication Failure
unauthorized access attempt detected on auth-service,Authentication Failure
jwt token expired during authentication on db-cluster,Authentication Failure
authentication failed for admin user on db-cluster,Authentication Failure
jwt token expired during authentication on k8s-node-4,Authentication Failure
jwt token expired during authentication on kafka-broker,Authentication Failure
authentication failed for admin user on k8s-node-4,Authentication Failure
authentication failed for admin user on api-gateway,Authentication Failure
invalid login credentials for user on prod-server-1,Authentication Failure
invalid login credentials for user on payment-service,Authentication Failure
session token expired unexpectedly on auth-service,Authentication Failure
failed password verification on redis-cache,Authentication Failure
authentication failed for admin user on kafka-broker,Authentication Failure
session token expired unexpectedly on db-cluster,Authentication Failure
unauthorized access attempt detected on redis-cache,Authentication Failure
jwt token expired during authentication on redis-cache,Authentication Failure
invalid login credentials for user on prod-server-2,Authentication Failure
access denied due to invalid api key on auth-service,Authentication Failure
failed password verification on frontend-app,Authentication Failure
invalid login credentials for user on payment-service,Authentication Failure
failed password verification on kafka-broker,Authentication Failure
oauth token validation failed on redis-cache,Authentication Failure
access denied due to invalid api key on prod-server-1,Authentication Failure
unauthorized access attempt detected on payment-service,Authentication Failure
access denied due to invalid api key on frontend-app,Authentication Failure
unauthorized access attempt detected on redis-cache,Authentication Failure
failed password verification on api-gateway,Authentication Failure
session token expired unexpectedly on prod-server-2,Authentication Failure
access denied due to invalid api key on redis-cache,Authentication Failure
authentication failed for admin user on payment-service,Authentication Failure
access denied due to invalid api key on api-gateway,Authentication Failure
session token expired unexpectedly on frontend-app,Authentication Failure
failed password verification on prod-server-1,Authentication Failure
access denied due to invalid api key on auth-service,Authentication Failure
session token expired unexpectedly on frontend-app,Authentication Failure
access denied due to invalid api key on frontend-app,Authentication Failure
oauth token validation failed on redis-cache,Authentication Failure
unauthorized access attempt detected on prod-server-1,Authentication Failure
jwt token expired during authentication on payment-service,Authentication Failure
failed password verification on redis-cache,Authentication Failure
jwt token expired during authentication on db-cluster,Authentication Failure
session token expired unexpectedly on api-gateway,Authentication Failure
authentication failed for admin user on prod-server-1,Authentication Failure
invalid login credentials for user on auth-service,Authentication Failure
jwt token expired during authentication on prod-server-2,Authentication Failure
authentication failed for admin user on auth-service,Authentication Failure
failed password verification on k8s-node-4,Authentication Failure
authentication failed for admin user on redis-cache,Authentication Failure
invalid login credentials for user on prod-server-1,Authentication Failure
invalid login credentials for user on db-cluster,Authentication Failure
unauthorized access attempt detected on redis-cache,Authentication Failure
access denied due to invalid api key on payment-service,Authentication Failure
invalid login credentials for user on db-cluster,Authentication Failure
invalid login credentials for user on prod-server-1,Authentication Failure
jwt token expired during authentication on auth-service,Authentication Failure
failed password verification on auth-service,Authentication Failure
authentication failed for admin user on db-cluster,Authentication Failure
jwt token expired during authentication on auth-service,Authentication Failure
authentication failed for admin user on db-cluster,Authentication Failure
jwt token expired during authentication on db-cluster,Authentication Failure
session token expired unexpectedly on api-gateway,Authentication Failure
access denied due to invalid api key on payment-service,Authentication Failure
invalid login credentials for user on kafka-broker,Authentication Failure
session token expired unexpectedly on redis-cache,Authentication Failure
authentication failed for admin user on prod-server-1,Authentication Failure
jwt token expired during authentication on frontend-app,Authentication Failure
unauthorized access attempt detected on redis-cache,Authentication Failure
access denied due to invalid api key on frontend-app,Authentication Failure
authentication failed for admin user on payment-service,Authentication Failure
authentication failed for admin user on db-cluster,Authentication Failure
invalid login credentials for user on prod-server-2,Authentication Failure
unauthorized access attempt detected on k8s-node-4,Authentication Failure
authentication failed for admin user on db-cluster,Authentication Failure
oauth token validation failed on auth-service,Authentication Failure
invalid login credentials for user on db-cluster,Authentication Failure
invalid login credentials for user on auth-service,Authentication Failure
unauthorized access attempt detected on auth-service,Authentication Failure
unauthorized access attempt detected on prod-server-1,Authentication Failure
unauthorized access attempt detected on kafka-broker,Authentication Failure
invalid login credentials for user on prod-server-1,Authentication Failure
access denied due to invalid api key on k8s-node-4,Authentication Failure
invalid login credentials for user on db-cluster,Authentication Failure
failed password verification on auth-service,Authentication Failure
access denied due to invalid api key on auth-service,Authentication Failure
unauthorized access attempt detected on frontend-app,Authentication Failure
failed password verification on prod-server-1,Authentication Failure
oauth token validation failed on prod-server-1,Authentication Failure
jwt token expired during authentication on db-cluster,Authentication Failure
invalid login credentials for user on redis-cache,Authentication Failure
oauth token validation failed on frontend-app,Authentication Failure
jwt token expired during authentication on api-gateway,Authentication Failure
failed password verification on kafka-broker,Authentication Failure
unauthorized access attempt detected on auth-service,Authentication Failure
failed password verification on k8s-node-4,Authentication Failure
session token expired unexpectedly on k8s-node-4,Authentication Failure
jwt token expired during authentication on db-cluster,Authentication Failure
invalid login credentials for user on k8s-node-4,Authentication Failure
access denied due to invalid api key on api-gateway,Authentication Failure
oauth token validation failed on auth-service,Authentication Failure
failed password verification on kafka-broker,Authentication Failure
invalid login credentials for user on api-gateway,Authentication Failure
authentication failed for admin user on auth-service,Authentication Failure
oauth token validation failed on frontend-app,Authentication Failure
session token expired unexpectedly on db-cluster,Authentication Failure
authentication failed for admin user on prod-server-2,Authentication Failure
unauthorized access attempt detected on api-gateway,Authentication Failure
access denied due to invalid api key on auth-service,Authentication Failure
authentication failed for admin user on frontend-app,Authentication Failure
failed password verification on frontend-app,Authentication Failure
authentication failed for admin user on auth-service,Authentication Failure
failed password verification on kafka-broker,Authentication Failure
jwt token expired during authentication on api-gateway,Authentication Failure
oauth token validation failed on kafka-broker,Authentication Failure
failed password verification on payment-service,Authentication Failure
access denied due to invalid api key on prod-server-2,Authentication Failure
authentication failed for admin user on frontend-app,Authentication Failure
access denied due to invalid api key on redis-cache,Authentication Failure
unauthorized access attempt detected on kafka-broker,Authentication Failure
oauth token validation failed on prod-server-1,Authentication Failure
authentication failed for admin user on api-gateway,Authentication Failure
authentication failed for admin user on k8s-node-4,Authentication Failure
failed password verification on payment-service,Authentication Failure
jwt token expired during authentication on k8s-node-4,Authentication Failure
access denied due to invalid api key on prod-server-2,Authentication Failure
unauthorized access attempt detected on api-gateway,Authentication Failure
invalid login credentials for user on auth-service,Authentication Failure
jwt token expired during authentication on kafka-broker,Authentication Failure
unauthorized access attempt detected on prod-server-1,Authentication Failure
jwt token expired during authentication on auth-service,Authentication Failure
failed password verification on payment-service,Authentication Failure
oauth token validation failed on frontend-app,Authentication Failure
oauth token validation failed on api-gateway,Authentication Failure
failed password verification on k8s-node-4,Authentication Failure
oauth token validation failed on frontend-app,Authentication Failure
access denied due to invalid api key on frontend-app,Authentication Failure
invalid login credentials for user on k8s-node-4,Authentication Failure
invalid login credentials for user on db-cluster,Authentication Failure
session token expired unexpectedly on prod-server-2,Authentication Failure
authentication failed for admin user on k8s-node-4,Authentication Failure
unauthorized access attempt detected on auth-service,Authentication Failure
invalid login credentials for user on frontend-app,Authentication Failure
authentication failed for admin user on prod-server-1,Authentication Failure
jwt token expired during authentication on frontend-app,Authentication Failure
jwt token expired during authentication on frontend-app,Authentication Failure
authentication failed for admin user on api-gateway,Authentication Failure
authentication failed for admin user on redis-cache,Authentication Failure
unauthorized access attempt detected on api-gateway,Authentication Failure
access denied due to invalid api key on api-gateway,Authentication Failure
oauth token validation failed on k8s-node-4,Authentication Failure
unauthorized access attempt detected on prod-server-1,Authentication Failure
authentication failed for admin user on redis-cache,Authentication Failure
session token expired unexpectedly on kafka-broker,Authentication Failure
jwt token expired during authentication on prod-server-2,Authentication Failure
jwt token expired during authentication on auth-service,Authentication Failure
session token expired unexpectedly on prod-server-1,Authentication Failure
failed password verification on payment-service,Authentication Failure
unauthorized access attempt detected on prod-server-1,Authentication Failure
access denied due to invalid api key on db-cluster,Authentication Failure
unauthorized access attempt detected on db-cluster,Authentication Failure
failed password verification on prod-server-2,Authentication Failure
access denied due to invalid api key on redis-cache,Authentication Failure
authentication failed for admin user on redis-cache,Authentication Failure
access denied due to invalid api key on prod-server-2,Authentication Failure
authentication failed for admin user on frontend-app,Authentication Failure
jwt token expired during authentication on auth-service,Authentication Failure
failed password verification on kafka-broker,Authentication Failure
failed password verification on kafka-broker,Authentication Failure
authentication failed for admin user on api-gateway,Authentication Failure
oauth token validation failed on auth-service,Authentication Failure
authentication failed for admin user on prod-server-2,Authentication Failure
invalid login credentials for user on k8s-node-4,Authentication Failure
authentication failed for admin user on api-gateway,Authentication Failure
unauthorized access attempt detected on auth-service,Authentication Failure
oauth token validation failed on redis-cache,Authentication Failure
unauthorized access attempt detected on redis-cache,Authentication Failure
invalid login credentials for user on db-cluster,Authentication Failure
failed password verification on prod-server-1,Authentication Failure
access denied due to invalid api key on prod-server-1,Authentication Failure
access denied due to invalid api key on frontend-app,Authentication Failure
unauthorized access attempt detected on prod-server-2,Authentication Failure
access denied due to invalid api key on kafka-broker,Authentication Failure
jwt token expired during authentication on prod-server-1,Authentication Failure
oauth token validation failed on api-gateway,Authentication Failure
failed password verification on k8s-node-4,Authentication Failure
invalid login credentials for user on db-cluster,Authentication Failure
failed password verification on kafka-broker,Authentication Failure
session token expired unexpectedly on redis-cache,Authentication Failure
session token expired unexpectedly on prod-server-2,Authentication Failure
access denied due to invalid api key on redis-cache,Authentication Failure
authentication failed for admin user on auth-service,Authentication Failure
session token expired unexpectedly on kafka-broker,Authentication Failure
jwt token expired during authentication on kafka-broker,Authentication Failure
access denied due to invalid api key on k8s-node-4,Authentication Failure
oauth token validation failed on k8s-node-4,Authentication Failure
invalid login credentials for user on frontend-app,Authentication Failure
unauthorized access attempt detected on auth-service,Authentication Failure
authentication failed for admin user on payment-service,Authentication Failure
jwt token expired during authentication on auth-service,Authentication Failure
invalid login credentials for user on api-gateway,Authentication Failure
invalid login credentials for user on db-cluster,Authentication Failure
jwt token expired during authentication on frontend-app,Authentication Failure
jwt token expired during authentication on prod-server-2,Authentication Failure
failed password verification on redis-cache,Authentication Failure
failed password verification on prod-server-2,Authentication Failure
unauthorized access attempt detected on prod-server-1,Authentication Failure
unauthorized access attempt detected on prod-server-1,Authentication Failure
invalid login credentials for user on redis-cache,Authentication Failure
authentication failed for admin user on api-gateway,Authentication Failure
unauthorized access attempt detected on kafka-broker,Authentication Failure
unauthorized access attempt detected on kafka-broker,Authentication Failure
oauth token validation failed on frontend-app,Authentication Failure
failed password verification on db-cluster,Authentication Failure
oauth token validation failed on kafka-broker,Authentication Failure
session token expired unexpectedly on api-gateway,Authentication Failure
unauthorized access attempt detected on payment-service,Authentication Failure
unauthorized access attempt detected on kafka-broker,Authentication Failure
session token expired unexpectedly on payment-service,Authentication Failure
jwt token expired during authentication on prod-server-2,Authentication Failure
unauthorized access attempt detected on kafka-broker,Authentication Failure
access denied due to invalid api key on prod-server-2,Authentication Failure
oauth token validation failed on api-gateway,Authentication Failure
jwt token expired during authentication on api-gateway,Authentication Failure
unauthorized access attempt detected on db-cluster,Authentication Failure
access denied due to invalid api key on db-cluster,Authentication Failure
session token expired unexpectedly on api-gateway,Authentication Failure
access denied due to invalid api key on auth-service,Authentication Failure
session token expired unexpectedly on payment-service,Authentication Failure
access denied due to invalid api key on frontend-app,Authentication Failure
invalid login credentials for user on prod-server-1,Authentication Failure
unauthorized access attempt detected on db-cluster,Authentication Failure
session token expired unexpectedly on k8s-node-4,Authentication Failure
unauthorized access attempt detected on auth-service,Authentication Failure
session token expired unexpectedly on api-gateway,Authentication Failure
oauth token validation failed on payment-service,Authentication Failure
access denied due to invalid api key on payment-service,Authentication Failure
failed password verification on redis-cache,Authentication Failure
jwt token expired during authentication on frontend-app,Authentication Failure
unauthorized access attempt detected on k8s-node-4,Authentication Failure
oauth token validation failed on kafka-broker,Authentication Failure
invalid login credentials for user on db-cluster,Authentication Failure
authentication failed for admin user on kafka-broker,Authentication Failure
failed password verification on frontend-app,Authentication Failure
unauthorized access attempt detected on db-cluster,Authentication Failure
session token expired unexpectedly on api-gateway,Authentication Failure
access denied due to invalid api key on prod-server-1,Authentication Failure
access denied due to invalid api key on k8s-node-4,Authentication Failure
unauthorized access attempt detected on auth-service,Authentication Failure
invalid login credentials for user on redis-cache,Authentication Failure
unauthorized access attempt detected on prod-server-1,Authentication Failure
access denied due to invalid api key on payment-service,Authentication Failure
unauthorized access attempt detected on prod-server-2,Authentication Failure
unauthorized access attempt detected on api-gateway,Authentication Failure
authentication failed for admin user on payment-service,Authentication Failure
jwt token expired during authentication on db-cluster,Authentication Failure
unauthorized access attempt detected on kafka-broker,Authentication Failure
failed password verification on auth-service,Authentication Failure
jwt token expired during authentication on redis-cache,Authentication Failure
authentication failed for admin user on db-cluster,Authentication Failure
session token expired unexpectedly on redis-cache,Authentication Failure
authentication failed for admin user on kafka-broker,Authentication Failure
authentication failed for admin user on api-gateway,Authentication Failure
unauthorized access attempt detected on api-gateway,Authentication Failure
oauth token validation failed on api-gateway,Authentication Failure
unauthorized access attempt detected on k8s-node-4,Authentication Failure
failed password verification on prod-server-2,Authentication Failure
invalid login credentials for user on prod-server-2,Authentication Failure
session token expired unexpectedly on db-cluster,Authentication Failure
invalid login credentials for user on redis-cache,Authentication Failure
failed password verification on k8s-node-4,Authentication Failure
oauth token validation failed on frontend-app,Authentication Failure
session token expired unexpectedly on prod-server-1,Authentication Failure
unauthorized access attempt detected on payment-service,Authentication Failure
unauthorized access attempt detected on payment-service,Authentication Failure
oauth token validation failed on kafka-broker,Authentication Failure
jwt token expired during authentication on k8s-node-4,Authentication Failure
failed password verification on db-cluster,Authentication Failure
access denied due to invalid api key on frontend-app,Authentication Failure
invalid login credentials for user on db-cluster,Authentication Failure
unauthorized access attempt detected on prod-server-1,Authentication Failure
access denied due to invalid api key on prod-server-1,Authentication Failure
failed password verification on kafka-broker,Authentication Failure
unauthorized access attempt detected on payment-service,Authentication Failure
failed password verification on redis-cache,Authentication Failure
authentication failed for admin user on payment-service,Authentication Failure
session token expired unexpectedly on prod-server-1,Authentication Failure
invalid login credentials for user on payment-service,Authentication Failure
invalid login credentials for user on frontend-app,Authentication Failure
session token expired unexpectedly on kafka-broker,Authentication Failure
invalid login credentials for user on prod-server-1,Authentication Failure
authentication failed for admin user on k8s-node-4,Authentication Failure
invalid login credentials for user on frontend-app,Authentication Failure
oauth token validation failed on redis-cache,Authentication Failure
oauth token validation failed on k8s-node-4,Authentication Failure
session token expired unexpectedly on k8s-node-4,Authentication Failure
access denied due to invalid api key on payment-service,Authentication Failure
session token expired unexpectedly on payment-service,Authentication Failure
authentication failed for admin user on auth-service,Authentication Failure
jwt token expired during authentication on k8s-node-4,Authentication Failure
session token expired unexpectedly on prod-server-1,Authentication Failure
session token expired unexpectedly on api-gateway,Authentication Failure
oauth token validation failed on prod-server-2,Authentication Failure
oauth token validation failed on kafka-broker,Authentication Failure
jwt token expired during authentication on api-gateway,Authentication Failure
oauth token validation failed on auth-service,Authentication Failure
authentication failed for admin user on prod-server-2,Authentication Failure
failed password verification on prod-server-1,Authentication Failure
session token expired unexpectedly on frontend-app,Authentication Failure
failed password verification on k8s-node-4,Authentication Failure
oauth token validation failed on prod-server-2,Authentication Failure
session token expired unexpectedly on prod-server-1,Authentication Failure
access denied due to invalid api key on auth-service,Authentication Failure
unauthorized access attempt detected on k8s-node-4,Authentication Failure
session token expired unexpectedly on prod-server-2,Authentication Failure
access denied due to invalid api key on redis-cache,Authentication Failure
unauthorized access attempt detected on frontend-app,Authentication Failure
failed password verification on auth-service,Authentication Failure
unauthorized access attempt detected on redis-cache,Authentication Failure
failed password verification on db-cluster,Authentication Failure
invalid login credentials for user on prod-server-2,Authentication Failure
authentication failed for admin user on payment-service,Authentication Failure
jwt token expired during authentication on prod-server-1,Authentication Failure
failed password verification on api-gateway,Authentication Failure
jwt token expired during authentication on k8s-node-4,Authentication Failure
session token expired unexpectedly on kafka-broker,Authentication Failure
invalid login credentials for user on k8s-node-4,Authentication Failure
invalid login credentials for user on payment-service,Authentication Failure
invalid login credentials for user on k8s-node-4,Authentication Failure
oauth token validation failed on prod-server-2,Authentication Failure
session token expired unexpectedly on prod-server-2,Authentication Failure
invalid login credentials for user on prod-server-1,Authentication Failure
session token expired unexpectedly on k8s-node-4,Authentication Failure
failed password verification on payment-service,Authentication Failure
session token expired unexpectedly on frontend-app,Authentication Failure
oauth token validation failed on auth-service,Authentication Failure
oauth token validation failed on kafka-broker,Authentication Failure
access denied due to invalid api key on k8s-node-4,Authentication Failure
failed password verification on k8s-node-4,Authentication Failure
jwt token expired during authentication on kafka-broker,Authentication Failure
session token expired unexpectedly on k8s-node-4,Authentication Failure
unauthorized access attempt detected on db-cluster,Authentication Failure
session token expired unexpectedly on payment-service,Authentication Failure
invalid login credentials for user on prod-server-1,Authentication Failure
failed password verification on api-gateway,Authentication Failure
unauthorized access attempt detected on redis-cache,Authentication Failure
access denied due to invalid api key on k8s-node-4,Authentication Failure
invalid login credentials for user on frontend-app,Authentication Failure
access denied due to invalid api key on api-gateway,Authentication Failure
unauthorized access attempt detected on payment-service,Authentication Failure
invalid login credentials for user on k8s-node-4,Authentication Failure
session token expired unexpectedly on frontend-app,Authentication Failure
failed password verification on db-cluster,Authentication Failure
access denied due to invalid api key on api-gateway,Authentication Failure
session token expired unexpectedly on prod-server-1,Authentication Failure
session token expired unexpectedly on api-gateway,Authentication Failure
invalid login credentials for user on payment-service,Authentication Failure
session token expired unexpectedly on k8s-node-4,Authentication Failure
authentication failed for admin user on redis-cache,Authentication Failure
jwt token expired during authentication on prod-server-2,Authentication Failure
authentication failed for admin user on prod-server-1,Authentication Failure
oauth token validation failed on db-cluster,Authentication Failure
failed password verification on redis-cache,Authentication Failure
session token expired unexpectedly on auth-service,Authentication Failure
access denied due to invalid api key on redis-cache,Authentication Failure
oauth token validation failed on api-gateway,Authentication Failure
jwt token expired during authentication on prod-server-1,Authentication Failure
oauth token validation failed on kafka-broker,Authentication Failure
session token expired unexpectedly on auth-service,Authentication Failure
unauthorized access attempt detected on prod-server-2,Authentication Failure
unauthorized access attempt detected on frontend-app,Authentication Failure
failed password verification on frontend-app,Authentication Failure
failed password verification on db-cluster,Authentication Failure
unauthorized access attempt detected on prod-server-1,Authentication Failure
invalid login credentials for user on prod-server-1,Authentication Failure
session token expired unexpectedly on redis-cache,Authentication Failure
session token expired unexpectedly on payment-service,Authentication Failure
oauth token validation failed on kafka-broker,Authentication Failure
oauth token validation failed on api-gateway,Authentication Failure
jwt token expired during authentication on payment-service,Authentication Failure
failed password verification on db-cluster,Authentication Failure
unauthorized access attempt detected on k8s-node-4,Authentication Failure
authentication failed for admin user on db-cluster,Authentication Failure
authentication failed for admin user on payment-service,Authentication Failure
invalid login credentials for user on prod-server-1,Authentication Failure
invalid login credentials for user on prod-server-2,Authentication Failure
jwt token expired during authentication on prod-server-2,Authentication Failure
invalid login credentials for user on frontend-app,Authentication Failure
authentication failed for admin user on frontend-app,Authentication Failure
jwt token expired during authentication on redis-cache,Authentication Failure
authentication failed for admin user on frontend-app,Authentication Failure
oauth token validation failed on prod-server-2,Authentication Failure
failed password verification on db-cluster,Authentication Failure
oauth token validation failed on api-gateway,Authentication Failure
unauthorized access attempt detected on api-gateway,Authentication Failure
access denied due to invalid api key on k8s-node-4,Authentication Failure
failed password verification on auth-service,Authentication Failure
invalid login credentials for user on kafka-broker,Authentication Failure
failed password verification on auth-service,Authentication Failure
access denied due to invalid api key on api-gateway,Authentication Failure
jwt token expired during authentication on kafka-broker,Authentication Failure
access denied due to invalid api key on prod-server-2,Authentication Failure
access denied due to invalid api key on prod-server-2,Authentication Failure
invalid login credentials for user on kafka-broker,Authentication Failure
unauthorized access attempt detected on payment-service,Authentication Failure
access denied due to invalid api key on prod-server-2,Authentication Failure
session token expired unexpectedly on prod-server-2,Authentication Failure
oauth token validation failed on prod-server-1,Authentication Failure
access denied due to invalid api key on auth-service,Authentication Failure
session token expired unexpectedly on payment-service,Authentication Failure
access denied due to invalid api key on api-gateway,Authentication Failure
session token expired unexpectedly on payment-service,Authentication Failure
access denied due to invalid api key on frontend-app,Authentication Failure
authentication failed for admin user on api-gateway,Authentication Failure
authentication failed for admin user on redis-cache,Authentication Failure
unauthorized access attempt detected on api-gateway,Authentication Failure
session token expired unexpectedly on db-cluster,Authentication Failure
oauth token validation failed on payment-service,Authentication Failure
session token expired unexpectedly on db-cluster,Authentication Failure
jwt token expired during authentication on prod-server-2,Authentication Failure
jwt token expired during authentication on auth-service,Authentication Failure
session token expired unexpectedly on api-gateway,Authentication Failure
oauth token validation failed on redis-cache,Authentication Failure
invalid login credentials for user on kafka-broker,Authentication Failure
failed password verification on frontend-app,Authentication Failure
session token expired unexpectedly on prod-server-2,Authentication Failure
access denied due to invalid api key on kafka-broker,Authentication Failure
oauth token validation failed on auth-service,Authentication Failure
session token expired unexpectedly on prod-server-1,Authentication Failure
invalid login credentials for user on api-gateway,Authentication Failure
invalid login credentials for user on api-gateway,Authentication Failure
failed password verification on frontend-app,Authentication Failure
access denied due to invalid api key on auth-service,Authentication Failure
failed password verification on kafka-broker,Authentication Failure
oauth token validation failed on api-gateway,Authentication Failure
session token expired unexpectedly on k8s-node-4,Authentication Failure
invalid login credentials for user on db-cluster,Authentication Failure
jwt token expired during authentication on api-gateway,Authentication Failure
authentication failed for admin user on db-cluster,Authentication Failure
unauthorized access attempt detected on payment-service,Authentication Failure
failed password verification on kafka-broker,Authentication Failure
unauthorized access attempt detected on frontend-app,Authentication Failure
unauthorized access attempt detected on auth-service,Authentication Failure
jwt token expired during authentication on auth-service,Authentication Failure
oauth token validation failed on auth-service,Authentication Failure
oauth token validation failed on db-cluster,Authentication Failure
invalid login credentials for user on prod-server-1,Authentication Failure
access denied due to invalid api key on auth-service,Authentication Failure
authentication failed for admin user on kafka-broker,Authentication Failure
authentication failed for admin user on auth-service,Authentication Failure
jwt token expired during authentication on kafka-broker,Authentication Failure
session token expired unexpectedly on frontend-app,Authentication Failure
access denied due to invalid api key on api-gateway,Authentication Failure
session token expired unexpectedly on redis-cache,Authentication Failure
unauthorized access attempt detected on payment-service,Authentication Failure
failed password verification on prod-server-1,Authentication Failure
authentication failed for admin user on auth-service,Authentication Failure
session token expired unexpectedly on api-gateway,Authentication Failure
invalid login credentials for user on prod-server-2,Authentication Failure
session token expired unexpectedly on prod-server-2,Authentication Failure
invalid login credentials for user on redis-cache,Authentication Failure
oauth token validation failed on db-cluster,Authentication Failure
unauthorized access attempt detected on api-gateway,Authentication Failure
unauthorized access attempt detected on k8s-node-4,Authentication Failure
access denied due to invalid api key on prod-server-1,Authentication Failure
session token expired unexpectedly on db-cluster,Authentication Failure
jwt token expired during authentication on prod-server-1,Authentication Failure
failed password verification on api-gateway,Authentication Failure
authentication failed for admin user on payment-service,Authentication Failure
jwt token expired during authentication on api-gateway,Authentication Failure
session token expired unexpectedly on api-gateway,Authentication Failure
failed password verification on prod-server-2,Authentication Failure
invalid login credentials for user on kafka-broker,Authentication Failure
unauthorized access attempt detected on prod-server-1,Authentication Failure
access denied due to invalid api key on auth-service,Authentication Failure
invalid login credentials for user on redis-cache,Authentication Failure
session token expired unexpectedly on redis-cache,Authentication Failure
authentication failed for admin user on k8s-node-4,Authentication Failure
failed password verification on db-cluster,Authentication Failure
unauthorized access attempt detected on prod-server-2,Authentication Failure
session token expired unexpectedly on frontend-app,Authentication Failure
invalid login credentials for user on k8s-node-4,Authentication Failure
authentication failed for admin user on auth-service,Authentication Failure
failed password verification on api-gateway,Authentication Failure
jwt token expired during authentication on db-cluster,Authentication Failure
postgres connection timeout on frontend-app,Database Error
primary database server unavailable on prod-server-1,Database Error
mysql deadlock detected on prod-server-1,Database Error
replication lag detected in database cluster on frontend-app,Database Error
database transaction rollback occurred on db-cluster,Database Error
primary database server unavailable on redis-cache,Database Error
postgres connection timeout on auth-service,Database Error
database connection pool exhausted on payment-service,Database Error
database node unreachable on redis-cache,Database Error
query execution timeout exceeded on prod-server-1,Database Error
postgres connection timeout on k8s-node-4,Database Error
database node unreachable on frontend-app,Database Error
mysql deadlock detected on kafka-broker,Database Error
database node unreachable on k8s-node-4,Database Error
database transaction rollback occurred on prod-server-2,Database Error
database transaction rollback occurred on payment-service,Database Error
replication lag detected in database cluster on db-cluster,Database Error
database connection pool exhausted on frontend-app,Database Error
database node unreachable on kafka-broker,Database Error
primary database server unavailable on payment-service,Database Error
replication lag detected in database cluster on auth-service,Database Error
database connection pool exhausted on kafka-broker,Database Error
database node unreachable on prod-server-2,Database Error
database transaction rollback occurred on prod-server-1,Database Error
database connection pool exhausted on prod-server-1,Database Error
replication lag detected in database cluster on kafka-broker,Database Error
postgres connection timeout on k8s-node-4,Database Error
postgres connection timeout on prod-server-2,Database Error
database transaction rollback occurred on auth-service,Database Error
database connection pool exhausted on payment-service,Database Error
replication lag detected in database cluster on api-gateway,Database Error
database connection pool exhausted on redis-cache,Database Error
primary database server unavailable on frontend-app,Database Error
database connection pool exhausted on api-gateway,Database Error
database node unreachable on redis-cache,Database Error
database transaction rollback occurred on api-gateway,Database Error
query execution timeout exceeded on kafka-broker,Database Error
mysql deadlock detected on payment-service,Database Error
mysql deadlock detected on prod-server-1,Database Error
query execution timeout exceeded on k8s-node-4,Database Error
query execution timeout exceeded on db-cluster,Database Error
database node unreachable on k8s-node-4,Database Error
database node unreachable on frontend-app,Database Error
database node unreachable on api-gateway,Database Error
replication lag detected in database cluster on redis-cache,Database Error
postgres connection timeout on payment-service,Database Error
mysql deadlock detected on auth-service,Database Error
replication lag detected in database cluster on k8s-node-4,Database Error
database transaction rollback occurred on frontend-app,Database Error
query execution timeout exceeded on redis-cache,Database Error
database node unreachable on prod-server-2,Database Error
database transaction rollback occurred on prod-server-1,Database Error
database node unreachable on prod-server-1,Database Error
postgres connection timeout on redis-cache,Database Error
primary database server unavailable on frontend-app,Database Error
mysql deadlock detected on prod-server-2,Database Error
database connection pool exhausted on redis-cache,Database Error
database connection pool exhausted on redis-cache,Database Error
query execution timeout exceeded on db-cluster,Database Error
query execution timeout exceeded on db-cluster,Database Error
mysql deadlock detected on api-gateway,Database Error
database node unreachable on frontend-app,Database Error
replication lag detected in database cluster on k8s-node-4,Database Error
mysql deadlock detected on api-gateway,Database Error
database node unreachable on db-cluster,Database Error
postgres connection timeout on api-gateway,Database Error
replication lag detected in database cluster on prod-server-2,Database Error
query execution timeout exceeded on auth-service,Database Error
replication lag detected in database cluster on frontend-app,Database Error
database transaction rollback occurred on payment-service,Database Error
database transaction rollback occurred on payment-service,Database Error
database connection pool exhausted on prod-server-2,Database Error
database transaction rollback occurred on k8s-node-4,Database Error
postgres connection timeout on prod-server-1,Database Error
mysql deadlock detected on frontend-app,Database Error
primary database server unavailable on prod-server-2,Database Error
postgres connection timeout on api-gateway,Database Error
database transaction rollback occurred on redis-cache,Database Error
mysql deadlock detected on payment-service,Database Error
database connection pool exhausted on auth-service,Database Error
database connection pool exhausted on frontend-app,Database Error
database connection pool exhausted on db-cluster,Database Error
primary database server unavailable on prod-server-2,Database Error
mysql deadlock detected on api-gateway,Database Error
database node unreachable on prod-server-2,Database Error
mysql deadlock detected on prod-server-1,Database Error
replication lag detected in database cluster on payment-service,Database Error
replication lag detected in database cluster on prod-server-1,Database Error
query execution timeout exceeded on prod-server-1,Database Error
query execution timeout exceeded on k8s-node-4,Database Error
database transaction rollback occurred on kafka-broker,Database Error
database node unreachable on db-cluster,Database Error
database transaction rollback occurred on prod-server-1,Database Error
mysql deadlock detected on prod-server-1,Database Error
postgres connection timeout on redis-cache,Database Error
replication lag detected in database cluster on auth-service,Database Error
database connection pool exhausted on payment-service,Database Error
primary database server unavailable on payment-service,Database Error
database transaction rollback occurred on prod-server-2,Database Error
query execution timeout exceeded on redis-cache,Database Error
postgres connection timeout on kafka-broker,Database Error
replication lag detected in database cluster on payment-service,Database Error
primary database server unavailable on redis-cache,Database Error
query execution timeout exceeded on redis-cache,Database Error
query execution timeout exceeded on k8s-node-4,Database Error
mysql deadlock detected on kafka-broker,Database Error
database connection pool exhausted on auth-service,Database Error
replication lag detected in database cluster on api-gateway,Database Error
primary database server unavailable on payment-service,Database Error
mysql deadlock detected on redis-cache,Database Error
database transaction rollback occurred on prod-server-2,Database Error
replication lag detected in database cluster on db-cluster,Database Error
query execution timeout exceeded on auth-service,Database Error
database node unreachable on kafka-broker,Database Error
database connection pool exhausted on db-cluster,Database Error
database node unreachable on db-cluster,Database Error
database node unreachable on prod-server-1,Database Error
database connection pool exhausted on auth-service,Database Error
replication lag detected in database cluster on api-gateway,Database Error
mysql deadlock detected on payment-service,Database Error
query execution timeout exceeded on api-gateway,Database Error
mysql deadlock detected on prod-server-2,Database Error
database connection pool exhausted on auth-service,Database Error
primary database server unavailable on k8s-node-4,Database Error
postgres connection timeout on redis-cache,Database Error
database connection pool exhausted on payment-service,Database Error
database node unreachable on frontend-app,Database Error
database node unreachable on prod-server-1,Database Error
mysql deadlock detected on frontend-app,Database Error
postgres connection timeout on redis-cache,Database Error
database transaction rollback occurred on prod-server-2,Database Error
replication lag detected in database cluster on frontend-app,Database Error
database node unreachable on prod-server-1,Database Error
database connection pool exhausted on frontend-app,Database Error
primary database server unavailable on prod-server-2,Database Error
database connection pool exhausted on kafka-broker,Database Error
replication lag detected in database cluster on db-cluster,Database Error
primary database server unavailable on db-cluster,Database Error
postgres connection timeout on frontend-app,Database Error
mysql deadlock detected on redis-cache,Database Error
replication lag detected in database cluster on redis-cache,Database Error
replication lag detected in database cluster on redis-cache,Database Error
postgres connection timeout on api-gateway,Database Error
database node unreachable on payment-service,Database Error
database connection pool exhausted on k8s-node-4,Database Error
database transaction rollback occurred on api-gateway,Database Error
postgres connection timeout on k8s-node-4,Database Error
database connection pool exhausted on payment-service,Database Error
mysql deadlock detected on prod-server-1,Database Error
database node unreachable on payment-service,Database Error
query execution timeout exceeded on redis-cache,Database Error
database transaction rollback occurred on api-gateway,Database Error
database node unreachable on payment-service,Database Error
database transaction rollback occurred on prod-server-1,Database Error
database transaction rollback occurred on auth-service,Database Error
query execution timeout exceeded on kafka-broker,Database Error
database transaction rollback occurred on payment-service,Database Error
postgres connection timeout on prod-server-1,Database Error
query execution timeout exceeded on db-cluster,Database Error
database transaction rollback occurred on prod-server-1,Database Error
postgres connection timeout on api-gateway,Database Error
database connection pool exhausted on frontend-app,Database Error
query execution timeout exceeded on prod-server-1,Database Error
database transaction rollback occurred on api-gateway,Database Error
replication lag detected in database cluster on db-cluster,Database Error
postgres connection timeout on payment-service,Database Error
replication lag detected in database cluster on auth-service,Database Error
database node unreachable on prod-server-1,Database Error
query execution timeout exceeded on kafka-broker,Database Error
postgres connection timeout on db-cluster,Database Error
replication lag detected in database cluster on prod-server-2,Database Error
database connection pool exhausted on api-gateway,Database Error
replication lag detected in database cluster on redis-cache,Database Error
database node unreachable on auth-service,Database Error
replication lag detected in database cluster on payment-service,Database Error
mysql deadlock detected on auth-service,Database Error
database node unreachable on auth-service,Database Error
database connection pool exhausted on frontend-app,Database Error
replication lag detected in database cluster on redis-cache,Database Error
database node unreachable on api-gateway,Database Error
database transaction rollback occurred on kafka-broker,Database Error
postgres connection timeout on auth-service,Database Error
database node unreachable on payment-service,Database Error
database transaction rollback occurred on db-cluster,Database Error
database connection pool exhausted on prod-server-2,Database Error
database node unreachable on kafka-broker,Database Error
database connection pool exhausted on kafka-broker,Database Error
replication lag detected in database cluster on api-gateway,Database Error
mysql deadlock detected on redis-cache,Database Error
mysql deadlock detected on frontend-app,Database Error
query execution timeout exceeded on frontend-app,Database Error
database node unreachable on prod-server-2,Database Error
replication lag detected in database cluster on payment-service,Database Error
replication lag detected in database cluster on frontend-app,Database Error
database node unreachable on payment-service,Database Error
mysql deadlock detected on prod-server-1,Database Error
primary database server unavailable on redis-cache,Database Error
database connection pool exhausted on k8s-node-4,Database Error
database connection pool exhausted on frontend-app,Database Error
query execution timeout exceeded on prod-server-2,Database Error
database connection pool exhausted on redis-cache,Database Error
postgres connection timeout on payment-service,Database Error
primary database server unavailable on auth-service,Database Error
replication lag detected in database cluster on prod-server-2,Database Error
database node unreachable on prod-server-2,Database Error
database transaction rollback occurred on prod-server-1,Database Error
postgres connection timeout on frontend-app,Database Error
database connection pool exhausted on payment-service,Database Error
query execution timeout exceeded on payment-service,Database Error
query execution timeout exceeded on kafka-broker,Database Error
database connection pool exhausted on api-gateway,Database Error
database connection pool exhausted on kafka-broker,Database Error
postgres connection timeout on redis-cache,Database Error
database connection pool exhausted on api-gateway,Database Error
mysql deadlock detected on kafka-broker,Database Error
mysql deadlock detected on prod-server-2,Database Error
primary database server unavailable on k8s-node-4,Database Error
database node unreachable on k8s-node-4,Database Error
query execution timeout exceeded on api-gateway,Database Error
query execution timeout exceeded on auth-service,Database Error
postgres connection timeout on auth-service,Database Error
primary database server unavailable on db-cluster,Database Error
primary database server unavailable on redis-cache,Database Error
replication lag detected in database cluster on k8s-node-4,Database Error
mysql deadlock detected on payment-service,Database Error
database connection pool exhausted on redis-cache,Database Error
query execution timeout exceeded on api-gateway,Database Error
database transaction rollback occurred on prod-server-1,Database Error
postgres connection timeout on prod-server-1,Database Error
query execution timeout exceeded on payment-service,Database Error
postgres connection timeout on frontend-app,Database Error
replication lag detected in database cluster on payment-service,Database Error
mysql deadlock detected on db-cluster,Database Error
database connection pool exhausted on redis-cache,Database Error
database connection pool exhausted on auth-service,Database Error
replication lag detected in database cluster on payment-service,Database Error
mysql deadlock detected on redis-cache,Database Error
postgres connection timeout on k8s-node-4,Database Error
primary database server unavailable on redis-cache,Database Error
postgres connection timeout on api-gateway,Database Error
mysql deadlock detected on prod-server-2,Database Error
query execution timeout exceeded on payment-service,Database Error
primary database server unavailable on payment-service,Database Error
database transaction rollback occurred on db-cluster,Database Error
database node unreachable on prod-server-1,Database Error
database node unreachable on k8s-node-4,Database Error
primary database server unavailable on payment-service,Database Error
database connection pool exhausted on kafka-broker,Database Error
mysql deadlock detected on redis-cache,Database Error
mysql deadlock detected on db-cluster,Database Error
postgres connection timeout on prod-server-2,Database Error
postgres connection timeout on frontend-app,Database Error
database node unreachable on redis-cache,Database Error
database transaction rollback occurred on kafka-broker,Database Error
database node unreachable on prod-server-2,Database Error
database transaction rollback occurred on k8s-node-4,Database Error
postgres connection timeout on frontend-app,Database Error
database connection pool exhausted on prod-server-2,Database Error
query execution timeout exceeded on payment-service,Database Error
query execution timeout exceeded on frontend-app,Database Error
replication lag detected in database cluster on api-gateway,Database Error
replication lag detected in database cluster on kafka-broker,Database Error
database transaction rollback occurred on db-cluster,Database Error
replication lag detected in database cluster on api-gateway,Database Error
query execution timeout exceeded on kafka-broker,Database Error
database node unreachable on payment-service,Database Error
mysql deadlock detected on prod-server-2,Database Error
postgres connection timeout on api-gateway,Database Error
replication lag detected in database cluster on kafka-broker,Database Error
primary database server unavailable on kafka-broker,Database Error
postgres connection timeout on redis-cache,Database Error
database node unreachable on api-gateway,Database Error
primary database server unavailable on api-gateway,Database Error
database connection pool exhausted on db-cluster,Database Error
query execution timeout exceeded on prod-server-1,Database Error
database connection pool exhausted on db-cluster,Database Error
primary database server unavailable on redis-cache,Database Error
replication lag detected in database cluster on k8s-node-4,Database Error
primary database server unavailable on kafka-broker,Database Error
postgres connection timeout on kafka-broker,Database Error
database node unreachable on frontend-app,Database Error
postgres connection timeout on db-cluster,Database Error
postgres connection timeout on k8s-node-4,Database Error
primary database server unavailable on db-cluster,Database Error
primary database server unavailable on kafka-broker,Database Error
postgres connection timeout on payment-service,Database Error
mysql deadlock detected on prod-server-1,Database Error
primary database server unavailable on payment-service,Database Error
database node unreachable on db-cluster,Database Error
database connection pool exhausted on k8s-node-4,Database Error
replication lag detected in database cluster on api-gateway,Database Error
database transaction rollback occurred on prod-server-2,Database Error
mysql deadlock detected on api-gateway,Database Error
query execution timeout exceeded on db-cluster,Database Error
database connection pool exhausted on prod-server-2,Database Error
replication lag detected in database cluster on prod-server-1,Database Error
primary database server unavailable on prod-server-2,Database Error
primary database server unavailable on payment-service,Database Error
database node unreachable on db-cluster,Database Error
database transaction rollback occurred on frontend-app,Database Error
database transaction rollback occurred on auth-service,Database Error
postgres connection timeout on kafka-broker,Database Error
replication lag detected in database cluster on payment-service,Database Error
primary database server unavailable on db-cluster,Database Error
replication lag detected in database cluster on frontend-app,Database Error
mysql deadlock detected on prod-server-1,Database Error
postgres connection timeout on payment-service,Database Error
database connection pool exhausted on k8s-node-4,Database Error
primary database server unavailable on api-gateway,Database Error
database node unreachable on prod-server-2,Database Error
database node unreachable on kafka-broker,Database Error
mysql deadlock detected on prod-server-2,Database Error
database node unreachable on k8s-node-4,Database Error
replication lag detected in database cluster on prod-server-1,Database Error
replication lag detected in database cluster on api-gateway,Database Error
replication lag detected in database cluster on auth-service,Database Error
mysql deadlock detected on auth-service,Database Error
postgres connection timeout on prod-server-2,Database Error
database transaction rollback occurred on frontend-app,Database Error
replication lag detected in database cluster on payment-service,Database Error
database node unreachable on auth-service,Database Error
database node unreachable on prod-server-1,Database Error
mysql deadlock detected on k8s-node-4,Database Error
database transaction rollback occurred on prod-server-2,Database Error
mysql deadlock detected on prod-server-1,Database Error
database node unreachable on auth-service,Database Error
database transaction rollback occurred on prod-server-1,Database Error
database transaction rollback occurred on payment-service,Database Error
primary database server unavailable on payment-service,Database Error
database transaction rollback occurred on k8s-node-4,Database Error
postgres connection timeout on kafka-broker,Database Error
primary database server unavailable on frontend-app,Database Error
primary database server unavailable on db-cluster,Database Error
mysql deadlock detected on api-gateway,Database Error
query execution timeout exceeded on api-gateway,Database Error
mysql deadlock detected on kafka-broker,Database Error
primary database server unavailable on redis-cache,Database Error
database node unreachable on auth-service,Database Error
postgres connection timeout on prod-server-1,Database Error
postgres connection timeout on auth-service,Database Error
postgres connection timeout on prod-server-1,Database Error
mysql deadlock detected on kafka-broker,Database Error
database node unreachable on frontend-app,Database Error
mysql deadlock detected on auth-service,Database Error
mysql deadlock detected on prod-server-1,Database Error
primary database server unavailable on api-gateway,Database Error
primary database server unavailable on frontend-app,Database Error
query execution timeout exceeded on kafka-broker,Database Error
replication lag detected in database cluster on db-cluster,Database Error
database transaction rollback occurred on db-cluster,Database Error
database transaction rollback occurred on prod-server-1,Database Error
mysql deadlock detected on prod-server-2,Database Error
database node unreachable on payment-service,Database Error
database transaction rollback occurred on db-cluster,Database Error
postgres connection timeout on api-gateway,Database Error
query execution timeout exceeded on payment-service,Database Error
replication lag detected in database cluster on k8s-node-4,Database Error
database connection pool exhausted on prod-server-2,Database Error
query execution timeout exceeded on auth-service,Database Error
database connection pool exhausted on k8s-node-4,Database Error
database transaction rollback occurred on k8s-node-4,Database Error
database node unreachable on auth-service,Database Error
database node unreachable on prod-server-1,Database Error
postgres connection timeout on frontend-app,Database Error
replication lag detected in database cluster on kafka-broker,Database Error
query execution timeout exceeded on api-gateway,Database Error
database node unreachable on redis-cache,Database Error
primary database server unavailable on api-gateway,Database Error
postgres connection timeout on payment-service,Database Error
mysql deadlock detected on kafka-broker,Database Error
mysql deadlock detected on k8s-node-4,Database Error
database connection pool exhausted on redis-cache,Database Error
mysql deadlock detected on payment-service,Database Error
mysql deadlock detected on kafka-broker,Database Error
query execution timeout exceeded on redis-cache,Database Error
database connection pool exhausted on auth-service,Database Error
query execution timeout exceeded on kafka-broker,Database Error
database transaction rollback occurred on auth-service,Database Error
mysql deadlock detected on frontend-app,Database Error
query execution timeout exceeded on frontend-app,Database Error
database connection pool exhausted on k8s-node-4,Database Error
database node unreachable on api-gateway,Database Error
database connection pool exhausted on api-gateway,Database Error
database transaction rollback occurred on prod-server-2,Database Error
mysql deadlock detected on frontend-app,Database Error
database node unreachable on api-gateway,Database Error
primary database server unavailable on k8s-node-4,Database Error
primary database server unavailable on prod-server-2,Database Error
query execution timeout exceeded on frontend-app,Database Error
replication lag detected in database cluster on prod-server-1,Database Error
mysql deadlock detected on frontend-app,Database Error
query execution timeout exceeded on payment-service,Database Error
query execution timeout exceeded on redis-cache,Database Error
mysql deadlock detected on auth-service,Database Error
replication lag detected in database cluster on kafka-broker,Database Error
database connection pool exhausted on db-cluster,Database Error
mysql deadlock detected on payment-service,Database Error
postgres connection timeout on redis-cache,Database Error
database node unreachable on kafka-broker,Database Error
database transaction rollback occurred on k8s-node-4,Database Error
database node unreachable on k8s-node-4,Database Error
replication lag detected in database cluster on prod-server-2,Database Error
database connection pool exhausted on auth-service,Database Error
mysql deadlock detected on redis-cache,Database Error
replication lag detected in database cluster on prod-server-1,Database Error
database node unreachable on payment-service,Database Error
replication lag detected in database cluster on api-gateway,Database Error
database connection pool exhausted on api-gateway,Database Error
primary database server unavailable on payment-service,Database Error
primary database server unavailable on auth-service,Database Error
database transaction rollback occurred on prod-server-2,Database Error
database node unreachable on prod-server-1,Database Error
database transaction rollback occurred on payment-service,Database Error
postgres connection timeout on prod-server-2,Database Error
database node unreachable on kafka-broker,Database Error
database node unreachable on redis-cache,Database Error
query execution timeout exceeded on db-cluster,Database Error
database transaction rollback occurred on api-gateway,Database Error
mysql deadlock detected on prod-server-2,Database Error
mysql deadlock detected on prod-server-2,Database Error
database transaction rollback occurred on k8s-node-4,Database Error
database transaction rollback occurred on kafka-broker,Database Error
primary database server unavailable on payment-service,Database Error
replication lag detected in database cluster on frontend-app,Database Error
postgres connection timeout on kafka-broker,Database Error
database connection pool exhausted on redis-cache,Database Error
postgres connection timeout on prod-server-1,Database Error
postgres connection timeout on frontend-app,Database Error
database node unreachable on payment-service,Database Error
mysql deadlock detected on redis-cache,Database Error
replication lag detected in database cluster on db-cluster,Database Error
replication lag detected in database cluster on redis-cache,Database Error
postgres connection timeout on redis-cache,Database Error
database node unreachable on payment-service,Database Error
query execution timeout exceeded on auth-service,Database Error
database transaction rollback occurred on auth-service,Database Error
replication lag detected in database cluster on payment-service,Database Error
mysql deadlock detected on auth-service,Database Error
replication lag detected in database cluster on prod-server-1,Database Error
database transaction rollback occurred on kafka-broker,Database Error
postgres connection timeout on prod-server-1,Database Error
database transaction rollback occurred on frontend-app,Database Error
postgres connection timeout on frontend-app,Database Error
mysql deadlock detected on prod-server-2,Database Error
primary database server unavailable on frontend-app,Database Error
database transaction rollback occurred on auth-service,Database Error
database node unreachable on prod-server-1,Database Error
replication lag detected in database cluster on auth-service,Database Error
database node unreachable on api-gateway,Database Error
mysql deadlock detected on payment-service,Database Error
postgres connection timeout on k8s-node-4,Database Error
replication lag detected in database cluster on kafka-broker,Database Error
mysql deadlock detected on api-gateway,Database Error
primary database server unavailable on redis-cache,Database Error
primary database server unavailable on k8s-node-4,Database Error
database node unreachable on auth-service,Database Error
mysql deadlock detected on auth-service,Database Error
mysql deadlock detected on api-gateway,Database Error
database connection pool exhausted on payment-service,Database Error
postgres connection timeout on prod-server-2,Database Error
postgres connection timeout on kafka-broker,Database Error
postgres connection timeout on prod-server-1,Database Error
replication lag detected in database cluster on prod-server-2,Database Error
replication lag detected in database cluster on auth-service,Database Error
query execution timeout exceeded on api-gateway,Database Error
replication lag detected in database cluster on api-gateway,Database Error
query execution timeout exceeded on frontend-app,Database Error
primary database server unavailable on frontend-app,Database Error
query execution timeout exceeded on api-gateway,Database Error
database transaction rollback occurred on payment-service,Database Error
database transaction rollback occurred on api-gateway,Database Error
postgres connection timeout on db-cluster,Database Error
query execution timeout exceeded on db-cluster,Database Error
query execution timeout exceeded on kafka-broker,Database Error
postgres connection timeout on prod-server-2,Database Error
mysql deadlock detected on redis-cache,Database Error
postgres connection timeout on db-cluster,Database Error
replication lag detected in database cluster on prod-server-1,Database Error
database transaction rollback occurred on k8s-node-4,Database Error
replication lag detected in database cluster on frontend-app,Database Error
postgres connection timeout on prod-server-2,Database Error
replication lag detected in database cluster on api-gateway,Database Error
database node unreachable on prod-server-1,Database Error
database connection pool exhausted on payment-service,Database Error
postgres connection timeout on frontend-app,Database Error
database connection pool exhausted on frontend-app,Database Error
database node unreachable on frontend-app,Database Error
replication lag detected in database cluster on auth-service,Database Error
query execution timeout exceeded on prod-server-2,Database Error
query execution timeout exceeded on db-cluster,Database Error
database node unreachable on kafka-broker,Database Error
mysql deadlock detected on db-cluster,Database Error
query execution timeout exceeded on prod-server-1,Database Error
mysql deadlock detected on k8s-node-4,Database Error
database connection pool exhausted on db-cluster,Database Error
mysql deadlock detected on redis-cache,Database Error
mysql deadlock detected on prod-server-2,Database Error
mysql deadlock detected on frontend-app,Database Error
database transaction rollback occurred on prod-server-2,Database Error
postgres connection timeout on kafka-broker,Database Error
mysql deadlock detected on prod-server-1,Database Error
replication lag detected in database cluster on db-cluster,Database Error
database transaction rollback occurred on payment-service,Database Error
primary database server unavailable on prod-server-2,Database Error
database connection pool exhausted on api-gateway,Database Error
query execution timeout exceeded on db-cluster,Database Error
primary database server unavailable on auth-service,Database Error
replication lag detected in database cluster on redis-cache,Database Error
replication lag detected in database cluster on k8s-node-4,Database Error
mysql deadlock detected on auth-service,Database Error
replication lag detected in database cluster on api-gateway,Database Error
query execution timeout exceeded on auth-service,Database Error
postgres connection timeout on db-cluster,Database Error
query execution timeout exceeded on k8s-node-4,Database Error
database transaction rollback occurred on api-gateway,Database Error
primary database server unavailable on kafka-broker,Database Error
replication lag detected in database cluster on frontend-app,Database Error
replication lag detected in database cluster on api-gateway,Database Error
postgres connection timeout on db-cluster,Database Error
query execution timeout exceeded on prod-server-2,Database Error
query execution timeout exceeded on api-gateway,Database Error
mysql deadlock detected on redis-cache,Database Error
mysql deadlock detected on prod-server-2,Database Error
database connection pool exhausted on k8s-node-4,Database Error
replication lag detected in database cluster on frontend-app,Database Error
database connection pool exhausted on redis-cache,Database Error
postgres connection timeout on kafka-broker,Database Error
replication lag detected in database cluster on frontend-app,Database Error
mysql deadlock detected on api-gateway,Database Error
database node unreachable on prod-server-2,Database Error
database connection pool exhausted on prod-server-1,Database Error
mysql deadlock detected on db-cluster,Database Error
database connection pool exhausted on prod-server-2,Database Error
primary database server unavailable on payment-service,Database Error
mysql deadlock detected on prod-server-2,Database Error
database connection pool exhausted on k8s-node-4,Database Error
replication lag detected in database cluster on prod-server-2,Database Error
postgres connection timeout on k8s-node-4,Database Error
replication lag detected in database cluster on prod-server-1,Database Error
postgres connection timeout on payment-service,Database Error
database transaction rollback occurred on auth-service,Database Error
database transaction rollback occurred on prod-server-1,Database Error
database transaction rollback occurred on frontend-app,Database Error
query execution timeout exceeded on auth-service,Database Error
database node unreachable on prod-server-2,Database Error
mysql deadlock detected on prod-server-1,Database Error
database connection pool exhausted on frontend-app,Database Error
database connection pool exhausted on kafka-broker,Database Error
database connection pool exhausted on frontend-app,Database Error
database node unreachable on auth-service,Database Error
query execution timeout exceeded on prod-server-1,Database Error
replication lag detected in database cluster on prod-server-2,Database Error
primary database server unavailable on db-cluster,Database Error
database transaction rollback occurred on redis-cache,Database Error
replication lag detected in database cluster on prod-server-1,Database Error
primary database server unavailable on kafka-broker,Database Error
postgres connection timeout on prod-server-2,Database Error
postgres connection timeout on redis-cache,Database Error
primary database server unavailable on prod-server-1,Database Error
postgres connection timeout on prod-server-1,Database Error
replication lag detected in database cluster on prod-server-2,Database Error
mysql deadlock detected on api-gateway,Database Error
postgres connection timeout on auth-service,Database Error
query execution timeout exceeded on api-gateway,Database Error
database connection pool exhausted on prod-server-2,Database Error
replication lag detected in database cluster on k8s-node-4,Database Error
primary database server unavailable on prod-server-1,Database Error
database connection pool exhausted on prod-server-2,Database Error
database node unreachable on api-gateway,Database Error
database connection pool exhausted on prod-server-1,Database Error
primary database server unavailable on prod-server-2,Database Error
primary database server unavailable on auth-service,Database Error
replication lag detected in database cluster on redis-cache,Database Error
database transaction rollback occurred on prod-server-1,Database Error
primary database server unavailable on api-gateway,Database Error
query execution timeout exceeded on redis-cache,Database Error
postgres connection timeout on payment-service,Database Error
query execution timeout exceeded on redis-cache,Database Error
primary database server unavailable on kafka-broker,Database Error
database node unreachable on k8s-node-4,Database Error
database node unreachable on kafka-broker,Database Error
database node unreachable on k8s-node-4,Database Error
database transaction rollback occurred on db-cluster,Database Error
replication lag detected in database cluster on frontend-app,Database Error
replication lag detected in database cluster on auth-service,Database Error
database transaction rollback occurred on frontend-app,Database Error
database transaction rollback occurred on prod-server-2,Database Error
postgres connection timeout on redis-cache,Database Error
postgres connection timeout on k8s-node-4,Database Error
database node unreachable on frontend-app,Database Error
primary database server unavailable on prod-server-1,Database Error
primary database server unavailable on k8s-node-4,Database Error
replication lag detected in database cluster on prod-server-2,Database Error
database connection pool exhausted on prod-server-2,Database Error
query execution timeout exceeded on prod-server-1,Database Error
primary database server unavailable on prod-server-1,Database Error
mysql deadlock detected on k8s-node-4,Database Error
mysql deadlock detected on db-cluster,Database Error
database transaction rollback occurred on k8s-node-4,Database Error
database transaction rollback occurred on api-gateway,Database Error
primary database server unavailable on auth-service,Database Error
database node unreachable on kafka-broker,Database Error
postgres connection timeout on redis-cache,Database Error
database connection pool exhausted on api-gateway,Database Error
postgres connection timeout on frontend-app,Database Error
primary database server unavailable on auth-service,Database Error
database transaction rollback occurred on prod-server-2,Database Error
database connection pool exhausted on kafka-broker,Database Error
database connection pool exhausted on frontend-app,Database Error
query execution timeout exceeded on db-cluster,Database Error
mysql deadlock detected on redis-cache,Database Error
database transaction rollback occurred on frontend-app,Database Error
database connection pool exhausted on auth-service,Database Error
postgres connection timeout on frontend-app,Database Error
mysql deadlock detected on db-cluster,Database Error
primary database server unavailable on frontend-app,Database Error
postgres connection timeout on k8s-node-4,Database Error
database transaction rollback occurred on prod-server-1,Database Error
query execution timeout exceeded on payment-service,Database Error
mysql deadlock detected on prod-server-2,Database Error
database transaction rollback occurred on redis-cache,Database Error
database transaction rollback occurred on api-gateway,Database Error
database connection pool exhausted on frontend-app,Database Error
database node unreachable on auth-service,Database Error
database transaction rollback occurred on prod-server-2,Database Error
database connection pool exhausted on api-gateway,Database Error
query execution timeout exceeded on auth-service,Database Error
database connection pool exhausted on prod-server-2,Database Error
primary database server unavailable on k8s-node-4,Database Error
mysql deadlock detected on api-gateway,Database Error
database transaction rollback occurred on redis-cache,Database Error
database node unreachable on prod-server-1,Database Error
query execution timeout exceeded on api-gateway,Database Error
postgres connection timeout on prod-server-1,Database Error
primary database server unavailable on prod-server-2,Database Error
replication lag detected in database cluster on db-cluster,Database Error
primary database server unavailable on kafka-broker,Database Error
primary database server unavailable on payment-service,Database Error
replication lag detected in database cluster on payment-service,Database Error
mysql deadlock detected on payment-service,Database Error
database transaction rollback occurred on db-cluster,Database Error
mysql deadlock detected on frontend-app,Database Error
query execution timeout exceeded on prod-server-2,Database Error
mysql deadlock detected on api-gateway,Database Error
database transaction rollback occurred on prod-server-1,Database Error
database connection pool exhausted on k8s-node-4,Database Error
primary database server unavailable on prod-server-1,Database Error
query execution timeout exceeded on db-cluster,Database Error
database transaction rollback occurred on k8s-node-4,Database Error
mysql deadlock detected on redis-cache,Database Error
postgres connection timeout on frontend-app,Database Error
mysql deadlock detected on auth-service,Database Error
database transaction rollback occurred on payment-service,Database Error
primary database server unavailable on auth-service,Database Error
mysql deadlock detected on payment-service,Database Error
query execution timeout exceeded on redis-cache,Database Error
database node unreachable on prod-server-1,Database Error
primary database server unavailable on api-gateway,Database Error
database node unreachable on prod-server-1,Database Error
database connection pool exhausted on payment-service,Database Error
postgres connection timeout on prod-server-2,Database Error
database transaction rollback occurred on redis-cache,Database Error
database connection pool exhausted on k8s-node-4,Database Error
database node unreachable on redis-cache,Database Error
database transaction rollback occurred on redis-cache,Database Error
postgres connection timeout on prod-server-1,Database Error
primary database server unavailable on kafka-broker,Database Error
mysql deadlock detected on prod-server-1,Database Error
database transaction rollback occurred on api-gateway,Database Error
query execution timeout exceeded on payment-service,Database Error
database transaction rollback occurred on payment-service,Database Error
postgres connection timeout on redis-cache,Database Error
replication lag detected in database cluster on payment-service,Database Error
database connection pool exhausted on api-gateway,Database Error
database transaction rollback occurred on api-gateway,Database Error
postgres connection timeout on auth-service,Database Error
database node unreachable on kafka-broker,Database Error
primary database server unavailable on frontend-app,Database Error
query execution timeout exceeded on payment-service,Database Error
database connection pool exhausted on api-gateway,Database Error
replication lag detected in database cluster on api-gateway,Database Error
replication lag detected in database cluster on db-cluster,Database Error
primary database server unavailable on prod-server-1,Database Error
query execution timeout exceeded on api-gateway,Database Error
replication lag detected in database cluster on db-cluster,Database Error
database node unreachable on frontend-app,Database Error
mysql deadlock detected on kafka-broker,Database Error
mysql deadlock detected on api-gateway,Database Error
database transaction rollback occurred on frontend-app,Database Error
postgres connection timeout on frontend-app,Database Error
database node unreachable on prod-server-1,Database Error
primary database server unavailable on db-cluster,Database Error
mysql deadlock detected on db-cluster,Database Error
primary database server unavailable on payment-service,Database Error
replication lag detected in database cluster on payment-service,Database Error
primary database server unavailable on redis-cache,Database Error
database transaction rollback occurred on auth-service,Database Error
replication lag detected in database cluster on redis-cache,Database Error
database transaction rollback occurred on api-gateway,Database Error
replication lag detected in database cluster on auth-service,Database Error
request exceeded timeout limit on kafka-broker,API Timeout
external api timeout failure on frontend-app,API Timeout
upstream service timeout occurred on k8s-node-4,API Timeout
gateway request timeout exceeded on redis-cache,API Timeout
external api timeout failure on k8s-node-4,API Timeout
api latency spike observed on api-gateway,API Timeout
api response delayed beyond threshold on redis-cache,API Timeout
microservice communication timeout on frontend-app,API Timeout
microservice communication timeout on prod-server-1,API Timeout
http request timeout detected on frontend-app,API Timeout
gateway request timeout exceeded on api-gateway,API Timeout
external api timeout failure on prod-server-1,API Timeout
external api timeout failure on payment-service,API Timeout
api response delayed beyond threshold on kafka-broker,API Timeout
request exceeded timeout limit on frontend-app,API Timeout
external api timeout failure on kafka-broker,API Timeout
api latency spike observed on frontend-app,API Timeout
request exceeded timeout limit on redis-cache,API Timeout
api latency spike observed on prod-server-1,API Timeout
http request timeout detected on prod-server-2,API Timeout
request exceeded timeout limit on prod-server-1,API Timeout
external api timeout failure on prod-server-2,API Timeout
gateway request timeout exceeded on prod-server-1,API Timeout
api latency spike observed on api-gateway,API Timeout
gateway request timeout exceeded on redis-cache,API Timeout
api latency spike observed on kafka-broker,API Timeout
external api timeout failure on frontend-app,API Timeout
request exceeded timeout limit on prod-server-2,API Timeout
http request timeout detected on db-cluster,API Timeout
gateway request timeout exceeded on prod-server-2,API Timeout
microservice communication timeout on payment-service,API Timeout
upstream service timeout occurred on redis-cache,API Timeout
http request timeout detected on payment-service,API Timeout
request exceeded timeout limit on payment-service,API Timeout
api response delayed beyond threshold on db-cluster,API Timeout
external api timeout failure on k8s-node-4,API Timeout
api latency spike observed on payment-service,API Timeout
api response delayed beyond threshold on frontend-app,API Timeout
http request timeout detected on payment-service,API Timeout
request exceeded timeout limit on payment-service,API Timeout
microservice communication timeout on api-gateway,API Timeout
gateway request timeout exceeded on redis-cache,API Timeout
http request timeout detected on auth-service,API Timeout
request exceeded timeout limit on db-cluster,API Timeout
upstream service timeout occurred on redis-cache,API Timeout
external api timeout failure on db-cluster,API Timeout
gateway request timeout exceeded on db-cluster,API Timeout
api response delayed beyond threshold on payment-service,API Timeout
http request timeout detected on kafka-broker,API Timeout
http request timeout detected on kafka-broker,API Timeout
request exceeded timeout limit on prod-server-1,API Timeout
external api timeout failure on prod-server-1,API Timeout
microservice communication timeout on db-cluster,API Timeout
request exceeded timeout limit on payment-service,API Timeout
gateway request timeout exceeded on kafka-broker,API Timeout
external api timeout failure on k8s-node-4,API Timeout
external api timeout failure on redis-cache,API Timeout
microservice communication timeout on frontend-app,API Timeout
upstream service timeout occurred on k8s-node-4,API Timeout
api latency spike observed on db-cluster,API Timeout
api response delayed beyond threshold on auth-service,API Timeout
microservice communication timeout on frontend-app,API Timeout
gateway request timeout exceeded on auth-service,API Timeout
external api timeout failure on k8s-node-4,API Timeout
gateway request timeout exceeded on redis-cache,API Timeout
gateway request timeout exceeded on payment-service,API Timeout
http request timeout detected on api-gateway,API Timeout
gateway request timeout exceeded on prod-server-2,API Timeout
gateway request timeout exceeded on redis-cache,API Timeout
external api timeout failure on prod-server-2,API Timeout
request exceeded timeout limit on kafka-broker,API Timeout
http request timeout detected on api-gateway,API Timeout
api response delayed beyond threshold on auth-service,API Timeout
microservice communication timeout on auth-service,API Timeout
upstream service timeout occurred on api-gateway,API Timeout
request exceeded timeout limit on payment-service,API Timeout
request exceeded timeout limit on kafka-broker,API Timeout
microservice communication timeout on redis-cache,API Timeout
http request timeout detected on api-gateway,API Timeout
gateway request timeout exceeded on payment-service,API Timeout
external api timeout failure on payment-service,API Timeout
upstream service timeout occurred on api-gateway,API Timeout
request exceeded timeout limit on db-cluster,API Timeout
external api timeout failure on k8s-node-4,API Timeout
http request timeout detected on db-cluster,API Timeout
upstream service timeout occurred on kafka-broker,API Timeout
api response delayed beyond threshold on payment-service,API Timeout
request exceeded timeout limit on prod-server-2,API Timeout
http request timeout detected on redis-cache,API Timeout
api latency spike observed on k8s-node-4,API Timeout
external api timeout failure on prod-server-2,API Timeout
microservice communication timeout on payment-service,API Timeout
external api timeout failure on prod-server-2,API Timeout
request exceeded timeout limit on prod-server-2,API Timeout
gateway request timeout exceeded on kafka-broker,API Timeout
gateway request timeout exceeded on db-cluster,API Timeout
http request timeout detected on payment-service,API Timeout
http request timeout detected on api-gateway,API Timeout
external api timeout failure on k8s-node-4,API Timeout
microservice communication timeout on payment-service,API Timeout
request exceeded timeout limit on payment-service,API Timeout
gateway request timeout exceeded on api-gateway,API Timeout
external api timeout failure on payment-service,API Timeout
api latency spike observed on db-cluster,API Timeout
upstream service timeout occurred on redis-cache,API Timeout
http request timeout detected on prod-server-2,API Timeout
gateway request timeout exceeded on api-gateway,API Timeout
http request timeout detected on db-cluster,API Timeout
api response delayed beyond threshold on prod-server-2,API Timeout
api latency spike observed on prod-server-1,API Timeout
http request timeout detected on auth-service,API Timeout
gateway request timeout exceeded on prod-server-1,API Timeout
request exceeded timeout limit on api-gateway,API Timeout
api response delayed beyond threshold on prod-server-1,API Timeout
request exceeded timeout limit on auth-service,API Timeout
request exceeded timeout limit on prod-server-1,API Timeout
api latency spike observed on db-cluster,API Timeout
request exceeded timeout limit on api-gateway,API Timeout
api latency spike observed on k8s-node-4,API Timeout
microservice communication timeout on db-cluster,API Timeout
gateway request timeout exceeded on api-gateway,API Timeout
api response delayed beyond threshold on frontend-app,API Timeout
request exceeded timeout limit on prod-server-1,API Timeout
http request timeout detected on api-gateway,API Timeout
api response delayed beyond threshold on frontend-app,API Timeout
request exceeded timeout limit on frontend-app,API Timeout
request exceeded timeout limit on db-cluster,API Timeout
upstream service timeout occurred on auth-service,API Timeout
request exceeded timeout limit on db-cluster,API Timeout
api latency spike observed on payment-service,API Timeout
external api timeout failure on payment-service,API Timeout
upstream service timeout occurred on payment-service,API Timeout
api response delayed beyond threshold on prod-server-1,API Timeout
external api timeout failure on auth-service,API Timeout
gateway request timeout exceeded on prod-server-2,API Timeout
microservice communication timeout on db-cluster,API Timeout
request exceeded timeout limit on auth-service,API Timeout
gateway request timeout exceeded on frontend-app,API Timeout
request exceeded timeout limit on prod-server-1,API Timeout
external api timeout failure on prod-server-1,API Timeout
external api timeout failure on db-cluster,API Timeout
microservice communication timeout on api-gateway,API Timeout
http request timeout detected on api-gateway,API Timeout
gateway request timeout exceeded on api-gateway,API Timeout
api latency spike observed on frontend-app,API Timeout
upstream service timeout occurred on auth-service,API Timeout
external api timeout failure on api-gateway,API Timeout
request exceeded timeout limit on api-gateway,API Timeout
microservice communication timeout on frontend-app,API Timeout
request exceeded timeout limit on k8s-node-4,API Timeout
api response delayed beyond threshold on payment-service,API Timeout
api latency spike observed on redis-cache,API Timeout
api latency spike observed on kafka-broker,API Timeout
external api timeout failure on db-cluster,API Timeout
request exceeded timeout limit on auth-service,API Timeout
gateway request timeout exceeded on frontend-app,API Timeout
gateway request timeout exceeded on auth-service,API Timeout
upstream service timeout occurred on api-gateway,API Timeout
microservice communication timeout on redis-cache,API Timeout
request exceeded timeout limit on prod-server-1,API Timeout
microservice communication timeout on frontend-app,API Timeout
external api timeout failure on frontend-app,API Timeout
http request timeout detected on payment-service,API Timeout
http request timeout detected on kafka-broker,API Timeout
external api timeout failure on auth-service,API Timeout
api latency spike observed on api-gateway,API Timeout
api response delayed beyond threshold on frontend-app,API Timeout
microservice communication timeout on k8s-node-4,API Timeout
upstream service timeout occurred on auth-service,API Timeout
external api timeout failure on prod-server-1,API Timeout
gateway request timeout exceeded on prod-server-1,API Timeout
microservice communication timeout on api-gateway,API Timeout
http request timeout detected on auth-service,API Timeout
request exceeded timeout limit on frontend-app,API Timeout
upstream service timeout occurred on prod-server-1,API Timeout
upstream service timeout occurred on redis-cache,API Timeout
api latency spike observed on api-gateway,API Timeout
api response delayed beyond threshold on db-cluster,API Timeout
http request timeout detected on prod-server-2,API Timeout
request exceeded timeout limit on kafka-broker,API Timeout
gateway request timeout exceeded on prod-server-2,API Timeout
microservice communication timeout on api-gateway,API Timeout
http request timeout detected on kafka-broker,API Timeout
api response delayed beyond threshold on k8s-node-4,API Timeout
microservice communication timeout on frontend-app,API Timeout
api response delayed beyond threshold on prod-server-2,API Timeout
api latency spike observed on kafka-broker,API Timeout
api latency spike observed on frontend-app,API Timeout
upstream service timeout occurred on api-gateway,API Timeout
upstream service timeout occurred on api-gateway,API Timeout
external api timeout failure on prod-server-2,API Timeout
request exceeded timeout limit on db-cluster,API Timeout
api latency spike observed on kafka-broker,API Timeout
external api timeout failure on prod-server-1,API Timeout
upstream service timeout occurred on db-cluster,API Timeout
upstream service timeout occurred on auth-service,API Timeout
gateway request timeout exceeded on k8s-node-4,API Timeout
http request timeout detected on payment-service,API Timeout
gateway request timeout exceeded on k8s-node-4,API Timeout
gateway request timeout exceeded on payment-service,API Timeout
request exceeded timeout limit on kafka-broker,API Timeout
gateway request timeout exceeded on payment-service,API Timeout
upstream service timeout occurred on payment-service,API Timeout
request exceeded timeout limit on db-cluster,API Timeout
api response delayed beyond threshold on auth-service,API Timeout
request exceeded timeout limit on kafka-broker,API Timeout
upstream service timeout occurred on frontend-app,API Timeout
api response delayed beyond threshold on payment-service,API Timeout
upstream service timeout occurred on db-cluster,API Timeout
upstream service timeout occurred on api-gateway,API Timeout
api latency spike observed on frontend-app,API Timeout
external api timeout failure on api-gateway,API Timeout
http request timeout detected on db-cluster,API Timeout
request exceeded timeout limit on api-gateway,API Timeout
gateway request timeout exceeded on prod-server-1,API Timeout
microservice communication timeout on redis-cache,API Timeout
api response delayed beyond threshold on kafka-broker,API Timeout
gateway request timeout exceeded on k8s-node-4,API Timeout
api response delayed beyond threshold on frontend-app,API Timeout
api latency spike observed on kafka-broker,API Timeout
external api timeout failure on k8s-node-4,API Timeout
upstream service timeout occurred on db-cluster,API Timeout
api response delayed beyond threshold on redis-cache,API Timeout
http request timeout detected on kafka-broker,API Timeout
gateway request timeout exceeded on auth-service,API Timeout
upstream service timeout occurred on api-gateway,API Timeout
api response delayed beyond threshold on prod-server-1,API Timeout
microservice communication timeout on auth-service,API Timeout
api response delayed beyond threshold on redis-cache,API Timeout
http request timeout detected on db-cluster,API Timeout
upstream service timeout occurred on kafka-broker,API Timeout
http request timeout detected on api-gateway,API Timeout
http request timeout detected on api-gateway,API Timeout
external api timeout failure on prod-server-1,API Timeout
api response delayed beyond threshold on k8s-node-4,API Timeout
microservice communication timeout on kafka-broker,API Timeout
api response delayed beyond threshold on db-cluster,API Timeout
http request timeout detected on api-gateway,API Timeout
api response delayed beyond threshold on frontend-app,API Timeout
api response delayed beyond threshold on frontend-app,API Timeout
http request timeout detected on frontend-app,API Timeout
upstream service timeout occurred on kafka-broker,API Timeout
request exceeded timeout limit on redis-cache,API Timeout
api response delayed beyond threshold on frontend-app,API Timeout
gateway request timeout exceeded on auth-service,API Timeout
api latency spike observed on prod-server-2,API Timeout
gateway request timeout exceeded on api-gateway,API Timeout
microservice communication timeout on redis-cache,API Timeout
api response delayed beyond threshold on auth-service,API Timeout
request exceeded timeout limit on api-gateway,API Timeout
upstream service timeout occurred on k8s-node-4,API Timeout
api response delayed beyond threshold on k8s-node-4,API Timeout
external api timeout failure on prod-server-2,API Timeout
api response delayed beyond threshold on prod-server-2,API Timeout
request exceeded timeout limit on payment-service,API Timeout
request exceeded timeout limit on kafka-broker,API Timeout
upstream service timeout occurred on api-gateway,API Timeout
external api timeout failure on auth-service,API Timeout
microservice communication timeout on api-gateway,API Timeout
api latency spike observed on db-cluster,API Timeout
microservice communication timeout on payment-service,API Timeout
request exceeded timeout limit on kafka-broker,API Timeout
gateway request timeout exceeded on redis-cache,API Timeout
gateway request timeout exceeded on api-gateway,API Timeout
api response delayed beyond threshold on auth-service,API Timeout
gateway request timeout exceeded on k8s-node-4,API Timeout
api response delayed beyond threshold on db-cluster,API Timeout
upstream service timeout occurred on k8s-node-4,API Timeout
external api timeout failure on k8s-node-4,API Timeout
upstream service timeout occurred on payment-service,API Timeout
api latency spike observed on frontend-app,API Timeout
external api timeout failure on payment-service,API Timeout
microservice communication timeout on db-cluster,API Timeout
upstream service timeout occurred on kafka-broker,API Timeout
api response delayed beyond threshold on payment-service,API Timeout
api latency spike observed on prod-server-2,API Timeout
api response delayed beyond threshold on kafka-broker,API Timeout
api response delayed beyond threshold on frontend-app,API Timeout
api latency spike observed on k8s-node-4,API Timeout
microservice communication timeout on prod-server-1,API Timeout
gateway request timeout exceeded on prod-server-1,API Timeout
upstream service timeout occurred on db-cluster,API Timeout
request exceeded timeout limit on k8s-node-4,API Timeout
microservice communication timeout on redis-cache,API Timeout
gateway request timeout exceeded on kafka-broker,API Timeout
request exceeded timeout limit on db-cluster,API Timeout
api response delayed beyond threshold on frontend-app,API Timeout
gateway request timeout exceeded on kafka-broker,API Timeout
microservice communication timeout on redis-cache,API Timeout
external api timeout failure on api-gateway,API Timeout
microservice communication timeout on redis-cache,API Timeout
microservice communication timeout on frontend-app,API Timeout
external api timeout failure on k8s-node-4,API Timeout
api latency spike observed on kafka-broker,API Timeout
api response delayed beyond threshold on redis-cache,API Timeout
external api timeout failure on k8s-node-4,API Timeout
upstream service timeout occurred on api-gateway,API Timeout
external api timeout failure on frontend-app,API Timeout
microservice communication timeout on k8s-node-4,API Timeout
microservice communication timeout on prod-server-1,API Timeout
upstream service timeout occurred on redis-cache,API Timeout
microservice communication timeout on prod-server-1,API Timeout
microservice communication timeout on api-gateway,API Timeout
gateway request timeout exceeded on db-cluster,API Timeout
microservice communication timeout on auth-service,API Timeout
gateway request timeout exceeded on api-gateway,API Timeout
http request timeout detected on k8s-node-4,API Timeout
api response delayed beyond threshold on prod-server-2,API Timeout
gateway request timeout exceeded on redis-cache,API Timeout
gateway request timeout exceeded on prod-server-2,API Timeout
api latency spike observed on db-cluster,API Timeout
api response delayed beyond threshold on frontend-app,API Timeout
request exceeded timeout limit on frontend-app,API Timeout
api response delayed beyond threshold on redis-cache,API Timeout
api response delayed beyond threshold on frontend-app,API Timeout
gateway request timeout exceeded on prod-server-1,API Timeout
request exceeded timeout limit on payment-service,API Timeout
api latency spike observed on k8s-node-4,API Timeout
request exceeded timeout limit on redis-cache,API Timeout
api response delayed beyond threshold on k8s-node-4,API Timeout
upstream service timeout occurred on kafka-broker,API Timeout
upstream service timeout occurred on payment-service,API Timeout
api response delayed beyond threshold on auth-service,API Timeout
external api timeout failure on api-gateway,API Timeout
request exceeded timeout limit on payment-service,API Timeout
gateway request timeout exceeded on db-cluster,API Timeout
http request timeout detected on kafka-broker,API Timeout
microservice communication timeout on prod-server-1,API Timeout
microservice communication timeout on prod-server-2,API Timeout
external api timeout failure on redis-cache,API Timeout
microservice communication timeout on payment-service,API Timeout
api response delayed beyond threshold on kafka-broker,API Timeout
api response delayed beyond threshold on prod-server-1,API Timeout
upstream service timeout occurred on prod-server-1,API Timeout
api response delayed beyond threshold on k8s-node-4,API Timeout
external api timeout failure on api-gateway,API Timeout
http request timeout detected on frontend-app,API Timeout
api response delayed beyond threshold on kafka-broker,API Timeout
request exceeded timeout limit on db-cluster,API Timeout
external api timeout failure on api-gateway,API Timeout
api latency spike observed on frontend-app,API Timeout
api response delayed beyond threshold on auth-service,API Timeout
api latency spike observed on k8s-node-4,API Timeout
http request timeout detected on auth-service,API Timeout
upstream service timeout occurred on auth-service,API Timeout
api response delayed beyond threshold on db-cluster,API Timeout
gateway request timeout exceeded on redis-cache,API Timeout
api response delayed beyond threshold on api-gateway,API Timeout
api response delayed beyond threshold on api-gateway,API Timeout
external api timeout failure on redis-cache,API Timeout
api latency spike observed on frontend-app,API Timeout
upstream service timeout occurred on db-cluster,API Timeout
microservice communication timeout on prod-server-1,API Timeout
microservice communication timeout on api-gateway,API Timeout
microservice communication timeout on api-gateway,API Timeout
request exceeded timeout limit on auth-service,API Timeout
request exceeded timeout limit on api-gateway,API Timeout
http request timeout detected on frontend-app,API Timeout
gateway request timeout exceeded on payment-service,API Timeout
http request timeout detected on redis-cache,API Timeout
upstream service timeout occurred on prod-server-2,API Timeout
http request timeout detected on auth-service,API Timeout
external api timeout failure on frontend-app,API Timeout
api latency spike observed on prod-server-1,API Timeout
api latency spike observed on frontend-app,API Timeout
request exceeded timeout limit on redis-cache,API Timeout
gateway request timeout exceeded on frontend-app,API Timeout
api response delayed beyond threshold on k8s-node-4,API Timeout
http request timeout detected on redis-cache,API Timeout
request exceeded timeout limit on api-gateway,API Timeout
external api timeout failure on prod-server-2,API Timeout
external api timeout failure on kafka-broker,API Timeout
microservice communication timeout on prod-server-1,API Timeout
gateway request timeout exceeded on auth-service,API Timeout
api latency spike observed on db-cluster,API Timeout
upstream service timeout occurred on payment-service,API Timeout
api response delayed beyond threshold on api-gateway,API Timeout
http request timeout detected on auth-service,API Timeout
http request timeout detected on kafka-broker,API Timeout
request exceeded timeout limit on prod-server-2,API Timeout
gateway request timeout exceeded on prod-server-1,API Timeout
upstream service timeout occurred on kafka-broker,API Timeout
api latency spike observed on redis-cache,API Timeout
api latency spike observed on db-cluster,API Timeout
request exceeded timeout limit on redis-cache,API Timeout
upstream service timeout occurred on api-gateway,API Timeout
api response delayed beyond threshold on kafka-broker,API Timeout
upstream service timeout occurred on db-cluster,API Timeout
http request timeout detected on auth-service,API Timeout
gateway request timeout exceeded on prod-server-2,API Timeout
gateway request timeout exceeded on prod-server-1,API Timeout
api response delayed beyond threshold on frontend-app,API Timeout
api response delayed beyond threshold on db-cluster,API Timeout
upstream service timeout occurred on api-gateway,API Timeout
microservice communication timeout on payment-service,API Timeout
request exceeded timeout limit on auth-service,API Timeout
api response delayed beyond threshold on db-cluster,API Timeout
api latency spike observed on db-cluster,API Timeout
upstream service timeout occurred on payment-service,API Timeout
upstream service timeout occurred on prod-server-2,API Timeout
external api timeout failure on prod-server-1,API Timeout
http request timeout detected on prod-server-1,API Timeout
gateway request timeout exceeded on api-gateway,API Timeout
upstream service timeout occurred on prod-server-1,API Timeout
api latency spike observed on frontend-app,API Timeout
http request timeout detected on api-gateway,API Timeout
gateway request timeout exceeded on frontend-app,API Timeout
http request timeout detected on payment-service,API Timeout
request exceeded timeout limit on prod-server-1,API Timeout
microservice communication timeout on kafka-broker,API Timeout
microservice communication timeout on prod-server-2,API Timeout
gateway request timeout exceeded on k8s-node-4,API Timeout
api latency spike observed on redis-cache,API Timeout
external api timeout failure on k8s-node-4,API Timeout
external api timeout failure on prod-server-2,API Timeout
api latency spike observed on k8s-node-4,API Timeout
http request timeout detected on prod-server-1,API Timeout
request exceeded timeout limit on payment-service,API Timeout
http request timeout detected on prod-server-2,API Timeout
external api timeout failure on redis-cache,API Timeout
request exceeded timeout limit on payment-service,API Timeout
api latency spike observed on prod-server-2,API Timeout
microservice communication timeout on db-cluster,API Timeout
microservice communication timeout on api-gateway,API Timeout
api latency spike observed on payment-service,API Timeout
request exceeded timeout limit on prod-server-1,API Timeout
request exceeded timeout limit on frontend-app,API Timeout
api response delayed beyond threshold on api-gateway,API Timeout
microservice communication timeout on auth-service,API Timeout
gateway request timeout exceeded on redis-cache,API Timeout
http request timeout detected on redis-cache,API Timeout
gateway request timeout exceeded on api-gateway,API Timeout
external api timeout failure on prod-server-1,API Timeout
http request timeout detected on k8s-node-4,API Timeout
upstream service timeout occurred on prod-server-1,API Timeout
upstream service timeout occurred on frontend-app,API Timeout
external api timeout failure on prod-server-1,API Timeout
upstream service timeout occurred on prod-server-2,API Timeout
request exceeded timeout limit on frontend-app,API Timeout
request exceeded timeout limit on prod-server-2,API Timeout
http request timeout detected on auth-service,API Timeout
http request timeout detected on kafka-broker,API Timeout
gateway request timeout exceeded on api-gateway,API Timeout
api latency spike observed on payment-service,API Timeout
http request timeout detected on redis-cache,API Timeout
external api timeout failure on kafka-broker,API Timeout
http request timeout detected on frontend-app,API Timeout
http request timeout detected on prod-server-2,API Timeout
microservice communication timeout on k8s-node-4,API Timeout
external api timeout failure on api-gateway,API Timeout
external api timeout failure on frontend-app,API Timeout
external api timeout failure on kafka-broker,API Timeout
api response delayed beyond threshold on redis-cache,API Timeout
upstream service timeout occurred on frontend-app,API Timeout
http request timeout detected on auth-service,API Timeout
external api timeout failure on db-cluster,API Timeout
gateway request timeout exceeded on api-gateway,API Timeout
request exceeded timeout limit on auth-service,API Timeout
http request timeout detected on frontend-app,API Timeout
upstream service timeout occurred on frontend-app,API Timeout
api response delayed beyond threshold on kafka-broker,API Timeout
http request timeout detected on prod-server-2,API Timeout
http request timeout detected on api-gateway,API Timeout
http request timeout detected on payment-service,API Timeout
http request timeout detected on auth-service,API Timeout
upstream service timeout occurred on prod-server-1,API Timeout
request exceeded timeout limit on payment-service,API Timeout
http request timeout detected on db-cluster,API Timeout
api latency spike observed on db-cluster,API Timeout
api response delayed beyond threshold on auth-service,API Timeout
http request timeout detected on prod-server-2,API Timeout
upstream service timeout occurred on payment-service,API Timeout
external api timeout failure on frontend-app,API Timeout
request exceeded timeout limit on prod-server-1,API Timeout
upstream service timeout occurred on k8s-node-4,API Timeout
api latency spike observed on db-cluster,API Timeout
gateway request timeout exceeded on redis-cache,API Timeout
http request timeout detected on auth-service,API Timeout
microservice communication timeout on api-gateway,API Timeout
microservice communication timeout on prod-server-2,API Timeout
upstream service timeout occurred on prod-server-2,API Timeout
api response delayed beyond threshold on frontend-app,API Timeout
api latency spike observed on kafka-broker,API Timeout
gateway request timeout exceeded on payment-service,API Timeout
api latency spike observed on prod-server-2,API Timeout
external api timeout failure on frontend-app,API Timeout
api latency spike observed on payment-service,API Timeout
api latency spike observed on auth-service,API Timeout
api response delayed beyond threshold on redis-cache,API Timeout
external api timeout failure on frontend-app,API Timeout
external api timeout failure on api-gateway,API Timeout
http request timeout detected on kafka-broker,API Timeout
microservice communication timeout on prod-server-2,API Timeout
microservice communication timeout on payment-service,API Timeout
request exceeded timeout limit on k8s-node-4,API Timeout
gateway request timeout exceeded on api-gateway,API Timeout
microservice communication timeout on kafka-broker,API Timeout
external api timeout failure on db-cluster,API Timeout
request exceeded timeout limit on frontend-app,API Timeout
api response delayed beyond threshold on prod-server-2,API Timeout
api response delayed beyond threshold on k8s-node-4,API Timeout
gateway request timeout exceeded on k8s-node-4,API Timeout
microservice communication timeout on k8s-node-4,API Timeout
upstream service timeout occurred on payment-service,API Timeout
external api timeout failure on api-gateway,API Timeout
upstream service timeout occurred on frontend-app,API Timeout
http request timeout detected on db-cluster,API Timeout
api latency spike observed on prod-server-1,API Timeout
upstream service timeout occurred on db-cluster,API Timeout
http request timeout detected on prod-server-1,API Timeout
api response delayed beyond threshold on auth-service,API Timeout
api latency spike observed on payment-service,API Timeout
microservice communication timeout on kafka-broker,API Timeout
external api timeout failure on prod-server-1,API Timeout
request exceeded timeout limit on redis-cache,API Timeout
microservice communication timeout on db-cluster,API Timeout
request exceeded timeout limit on kafka-broker,API Timeout
api response delayed beyond threshold on db-cluster,API Timeout
http request timeout detected on redis-cache,API Timeout
api response delayed beyond threshold on redis-cache,API Timeout
upstream service timeout occurred on api-gateway,API Timeout
microservice communication timeout on api-gateway,API Timeout
upstream service timeout occurred on api-gateway,API Timeout
upstream service timeout occurred on frontend-app,API Timeout
external api timeout failure on payment-service,API Timeout
external api timeout failure on auth-service,API Timeout
gateway request timeout exceeded on k8s-node-4,API Timeout
upstream service timeout occurred on k8s-node-4,API Timeout
request exceeded timeout limit on redis-cache,API Timeout
api response delayed beyond threshold on kafka-broker,API Timeout
gateway request timeout exceeded on prod-server-1,API Timeout
request exceeded timeout limit on payment-service,API Timeout
api response delayed beyond threshold on payment-service,API Timeout
upstream service timeout occurred on payment-service,API Timeout
gateway request timeout exceeded on prod-server-1,API Timeout
gateway request timeout exceeded on prod-server-1,API Timeout
microservice communication timeout on api-gateway,API Timeout
gateway request timeout exceeded on prod-server-1,API Timeout
microservice communication timeout on frontend-app,API Timeout
gateway request timeout exceeded on prod-server-1,API Timeout
microservice communication timeout on prod-server-2,API Timeout
upstream service timeout occurred on db-cluster,API Timeout
api latency spike observed on auth-service,API Timeout
upstream service timeout occurred on kafka-broker,API Timeout
gateway request timeout exceeded on prod-server-1,API Timeout
external api timeout failure on prod-server-1,API Timeout
http request timeout detected on api-gateway,API Timeout
api latency spike observed on redis-cache,API Timeout
upstream service timeout occurred on frontend-app,API Timeout
gateway request timeout exceeded on k8s-node-4,API Timeout
external api timeout failure on kafka-broker,API Timeout
microservice communication timeout on redis-cache,API Timeout
api latency spike observed on db-cluster,API Timeout
request exceeded timeout limit on db-cluster,API Timeout
upstream service timeout occurred on frontend-app,API Timeout
microservice communication timeout on auth-service,API Timeout
gateway request timeout exceeded on auth-service,API Timeout
http request timeout detected on k8s-node-4,API Timeout
api response delayed beyond threshold on db-cluster,API Timeout
upstream service timeout occurred on api-gateway,API Timeout
api response delayed beyond threshold on k8s-node-4,API Timeout
gateway request timeout exceeded on redis-cache,API Timeout
external api timeout failure on k8s-node-4,API Timeout
microservice communication timeout on frontend-app,API Timeout
upstream service timeout occurred on payment-service,API Timeout
api response delayed beyond threshold on api-gateway,API Timeout
request exceeded timeout limit on prod-server-1,API Timeout
http request timeout detected on prod-server-1,API Timeout
api latency spike observed on payment-service,API Timeout
upstream service timeout occurred on auth-service,API Timeout
api latency spike observed on k8s-node-4,API Timeout
microservice communication timeout on payment-service,API Timeout
http request timeout detected on db-cluster,API Timeout
http request timeout detected on auth-service,API Timeout
api latency spike observed on k8s-node-4,API Timeout
http request timeout detected on redis-cache,API Timeout
gateway request timeout exceeded on frontend-app,API Timeout
request exceeded timeout limit on auth-service,API Timeout
api response delayed beyond threshold on kafka-broker,API Timeout
external api timeout failure on payment-service,API Timeout
request exceeded timeout limit on frontend-app,API Timeout
gateway request timeout exceeded on db-cluster,API Timeout
request exceeded timeout limit on frontend-app,API Timeout
microservice communication timeout on payment-service,API Timeout
gateway request timeout exceeded on kafka-broker,API Timeout
external api timeout failure on prod-server-2,API Timeout
microservice communication timeout on prod-server-1,API Timeout
api response delayed beyond threshold on prod-server-2,API Timeout
external api timeout failure on k8s-node-4,API Timeout
api response delayed beyond threshold on auth-service,API Timeout
external api timeout failure on frontend-app,API Timeout
gateway request timeout exceeded on prod-server-2,API Timeout
api latency spike observed on db-cluster,API Timeout
api response delayed beyond threshold on k8s-node-4,API Timeout
api response delayed beyond threshold on auth-service,API Timeout
external api timeout failure on frontend-app,API Timeout
external api timeout failure on frontend-app,API Timeout
api response delayed beyond threshold on api-gateway,API Timeout
gateway request timeout exceeded on frontend-app,API Timeout
gateway request timeout exceeded on db-cluster,API Timeout
microservice communication timeout on k8s-node-4,API Timeout
upstream service timeout occurred on prod-server-2,API Timeout
microservice communication timeout on prod-server-1,API Timeout
external api timeout failure on prod-server-1,API Timeout
upstream service timeout occurred on k8s-node-4,API Timeout
request exceeded timeout limit on k8s-node-4,API Timeout
upstream service timeout occurred on api-gateway,API Timeout
http request timeout detected on frontend-app,API Timeout
api latency spike observed on payment-service,API Timeout
external api timeout failure on kafka-broker,API Timeout
request exceeded timeout limit on api-gateway,API Timeout
request exceeded timeout limit on api-gateway,API Timeout
upstream service timeout occurred on auth-service,API Timeout
microservice communication timeout on payment-service,API Timeout
api latency spike observed on prod-server-2,API Timeout
gateway request timeout exceeded on prod-server-2,API Timeout
http request timeout detected on redis-cache,API Timeout
gateway request timeout exceeded on kafka-broker,API Timeout
request exceeded timeout limit on kafka-broker,API Timeout
api latency spike observed on auth-service,API Timeout
request exceeded timeout limit on kafka-broker,API Timeout
http request timeout detected on payment-service,API Timeout
microservice communication timeout on redis-cache,API Timeout
upstream service timeout occurred on redis-cache,API Timeout
api latency spike observed on kafka-broker,API Timeout
request exceeded timeout limit on kafka-broker,API Timeout
api latency spike observed on redis-cache,API Timeout
upstream service timeout occurred on api-gateway,API Timeout
api response delayed beyond threshold on k8s-node-4,API Timeout
microservice communication timeout on prod-server-2,API Timeout
api response delayed beyond threshold on k8s-node-4,API Timeout
http request timeout detected on redis-cache,API Timeout
gateway request timeout exceeded on auth-service,API Timeout
microservice communication timeout on auth-service,API Timeout
api response delayed beyond threshold on frontend-app,API Timeout
gateway request timeout exceeded on kafka-broker,API Timeout
http request timeout detected on api-gateway,API Timeout
api response delayed beyond threshold on kafka-broker,API Timeout
gateway request timeout exceeded on redis-cache,API Timeout
upstream service timeout occurred on k8s-node-4,API Timeout
microservice communication timeout on redis-cache,API Timeout
http request timeout detected on kafka-broker,API Timeout
upstream service timeout occurred on frontend-app,API Timeout
gateway request timeout exceeded on kafka-broker,API Timeout
api response delayed beyond threshold on auth-service,API Timeout
external api timeout failure on redis-cache,API Timeout
api latency spike observed on prod-server-1,API Timeout
api response delayed beyond threshold on frontend-app,API Timeout
gateway request timeout exceeded on api-gateway,API Timeout
api latency spike observed on redis-cache,API Timeout
api response delayed beyond threshold on kafka-broker,API Timeout
external api timeout failure on redis-cache,API Timeout
request exceeded timeout limit on k8s-node-4,API Timeout
upstream service timeout occurred on k8s-node-4,API Timeout
api latency spike observed on redis-cache,API Timeout
upstream service timeout occurred on k8s-node-4,API Timeout
http request timeout detected on frontend-app,API Timeout
api latency spike observed on prod-server-2,API Timeout
request exceeded timeout limit on kafka-broker,API Timeout
http request timeout detected on db-cluster,API Timeout
microservice communication timeout on payment-service,API Timeout
microservice communication timeout on prod-server-2,API Timeout
api response delayed beyond threshold on payment-service,API Timeout
gateway request timeout exceeded on k8s-node-4,API Timeout
gateway request timeout exceeded on payment-service,API Timeout
http request timeout detected on auth-service,API Timeout
http request timeout detected on redis-cache,API Timeout
api response delayed beyond threshold on auth-service,API Timeout
api latency spike observed on prod-server-1,API Timeout
http request timeout detected on api-gateway,API Timeout
http request timeout detected on prod-server-1,API Timeout
upstream service timeout occurred on auth-service,API Timeout
request exceeded timeout limit on k8s-node-4,API Timeout
upstream service timeout occurred on api-gateway,API Timeout
http request timeout detected on redis-cache,API Timeout
upstream service timeout occurred on kafka-broker,API Timeout
gateway request timeout exceeded on api-gateway,API Timeout
request exceeded timeout limit on auth-service,API Timeout
external api timeout failure on k8s-node-4,API Timeout
upstream service timeout occurred on db-cluster,API Timeout
http request timeout detected on redis-cache,API Timeout
microservice communication timeout on auth-service,API Timeout
api response delayed beyond threshold on redis-cache,API Timeout
api response delayed beyond threshold on redis-cache,API Timeout
gateway request timeout exceeded on frontend-app,API Timeout
microservice communication timeout on redis-cache,API Timeout
api response delayed beyond threshold on prod-server-2,API Timeout
gateway request timeout exceeded on redis-cache,API Timeout
microservice communication timeout on auth-service,API Timeout
api latency spike observed on k8s-node-4,API Timeout
api latency spike observed on payment-service,API Timeout
upstream service timeout occurred on kafka-broker,API Timeout
api response delayed beyond threshold on redis-cache,API Timeout
upstream service timeout occurred on frontend-app,API Timeout
api response delayed beyond threshold on payment-service,API Timeout
microservice communication timeout on k8s-node-4,API Timeout
gateway request timeout exceeded on payment-service,API Timeout
upstream service timeout occurred on kafka-broker,API Timeout
microservice communication timeout on redis-cache,API Timeout
external api timeout failure on auth-service,API Timeout
storage volume unavailable due to full capacity on api-gateway,Disk Full
disk usage exceeded threshold on db-cluster,Disk Full
unable to write logs due to disk exhaustion on kafka-broker,Disk Full
server disk space critically low on frontend-app,Disk Full
persistent volume capacity exceeded on api-gateway,Disk Full
server disk space critically low on kafka-broker,Disk Full
persistent volume capacity exceeded on auth-service,Disk Full
storage volume unavailable due to full capacity on payment-service,Disk Full
storage volume unavailable due to full capacity on prod-server-1,Disk Full
storage volume unavailable due to full capacity on frontend-app,Disk Full
persistent volume capacity exceeded on k8s-node-4,Disk Full
unable to write logs due to disk exhaustion on k8s-node-4,Disk Full
disk allocation failure on redis-cache,Disk Full
critical storage shortage detected on k8s-node-4,Disk Full
server disk space critically low on frontend-app,Disk Full
disk usage exceeded threshold on payment-service,Disk Full
disk usage exceeded threshold on redis-cache,Disk Full
unable to write logs due to disk exhaustion on auth-service,Disk Full
disk usage exceeded threshold on redis-cache,Disk Full
unable to write logs due to disk exhaustion on prod-server-2,Disk Full
persistent volume capacity exceeded on api-gateway,Disk Full
disk usage exceeded threshold on k8s-node-4,Disk Full
disk usage exceeded threshold on prod-server-1,Disk Full
filesystem full on production server on frontend-app,Disk Full
persistent volume capacity exceeded on db-cluster,Disk Full
server disk space critically low on frontend-app,Disk Full
persistent volume capacity exceeded on api-gateway,Disk Full
server disk space critically low on frontend-app,Disk Full
server disk space critically low on prod-server-2,Disk Full
persistent volume capacity exceeded on frontend-app,Disk Full
persistent volume capacity exceeded on prod-server-1,Disk Full
server disk space critically low on k8s-node-4,Disk Full
unable to write logs due to disk exhaustion on api-gateway,Disk Full
unable to write logs due to disk exhaustion on frontend-app,Disk Full
filesystem full on production server on payment-service,Disk Full
storage volume unavailable due to full capacity on auth-service,Disk Full
persistent volume capacity exceeded on auth-service,Disk Full
filesystem full on production server on frontend-app,Disk Full
storage volume unavailable due to full capacity on k8s-node-4,Disk Full
critical storage shortage detected on frontend-app,Disk Full
filesystem full on production server on api-gateway,Disk Full
disk allocation failure on auth-service,Disk Full
disk allocation failure on auth-service,Disk Full
filesystem full on production server on auth-service,Disk Full
filesystem full on production server on k8s-node-4,Disk Full
persistent volume capacity exceeded on auth-service,Disk Full
server disk space critically low on auth-service,Disk Full
server disk space critically low on redis-cache,Disk Full
disk usage exceeded threshold on prod-server-2,Disk Full
filesystem full on production server on frontend-app,Disk Full
disk allocation failure on prod-server-2,Disk Full
server disk space critically low on auth-service,Disk Full
disk allocation failure on frontend-app,Disk Full
disk usage exceeded threshold on auth-service,Disk Full
disk allocation failure on prod-server-2,Disk Full
critical storage shortage detected on prod-server-2,Disk Full
storage volume unavailable due to full capacity on payment-service,Disk Full
server disk space critically low on prod-server-2,Disk Full
unable to write logs due to disk exhaustion on auth-service,Disk Full
unable to write logs due to disk exhaustion on kafka-broker,Disk Full
persistent volume capacity exceeded on kafka-broker,Disk Full
unable to write logs due to disk exhaustion on db-cluster,Disk Full
disk usage exceeded threshold on auth-service,Disk Full
storage volume unavailable due to full capacity on payment-service,Disk Full
unable to write logs due to disk exhaustion on prod-server-2,Disk Full
critical storage shortage detected on auth-service,Disk Full
critical storage shortage detected on auth-service,Disk Full
disk usage exceeded threshold on kafka-broker,Disk Full
disk usage exceeded threshold on redis-cache,Disk Full
critical storage shortage detected on prod-server-1,Disk Full
storage volume unavailable due to full capacity on api-gateway,Disk Full
critical storage shortage detected on prod-server-2,Disk Full
server disk space critically low on frontend-app,Disk Full
disk usage exceeded threshold on prod-server-1,Disk Full
unable to write logs due to disk exhaustion on redis-cache,Disk Full
server disk space critically low on kafka-broker,Disk Full
filesystem full on production server on auth-service,Disk Full
server disk space critically low on kafka-broker,Disk Full
unable to write logs due to disk exhaustion on prod-server-1,Disk Full
server disk space critically low on prod-server-1,Disk Full
server disk space critically low on prod-server-2,Disk Full
filesystem full on production server on payment-service,Disk Full
disk allocation failure on db-cluster,Disk Full
server disk space critically low on auth-service,Disk Full
unable to write logs due to disk exhaustion on prod-server-1,Disk Full
critical storage shortage detected on prod-server-2,Disk Full
storage volume unavailable due to full capacity on frontend-app,Disk Full
disk allocation failure on k8s-node-4,Disk Full
persistent volume capacity exceeded on auth-service,Disk Full
filesystem full on production server on auth-service,Disk Full
storage volume unavailable due to full capacity on api-gateway,Disk Full
persistent volume capacity exceeded on k8s-node-4,Disk Full
critical storage shortage detected on prod-server-2,Disk Full
disk allocation failure on prod-server-1,Disk Full
disk allocation failure on redis-cache,Disk Full
disk allocation failure on frontend-app,Disk Full
persistent volume capacity exceeded on frontend-app,Disk Full
disk allocation failure on db-cluster,Disk Full
filesystem full on production server on auth-service,Disk Full
persistent volume capacity exceeded on api-gateway,Disk Full
persistent volume capacity exceeded on db-cluster,Disk Full
disk usage exceeded threshold on prod-server-1,Disk Full
persistent volume capacity exceeded on k8s-node-4,Disk Full
disk usage exceeded threshold on prod-server-1,Disk Full
unable to write logs due to disk exhaustion on db-cluster,Disk Full
disk usage exceeded threshold on prod-server-2,Disk Full
server disk space critically low on prod-server-2,Disk Full
disk allocation failure on k8s-node-4,Disk Full
critical storage shortage detected on prod-server-1,Disk Full
server disk space critically low on auth-service,Disk Full
disk usage exceeded threshold on prod-server-1,Disk Full
unable to write logs due to disk exhaustion on api-gateway,Disk Full
filesystem full on production server on redis-cache,Disk Full
storage volume unavailable due to full capacity on prod-server-2,Disk Full
disk allocation failure on prod-server-2,Disk Full
disk usage exceeded threshold on auth-service,Disk Full
disk allocation failure on kafka-broker,Disk Full
critical storage shortage detected on redis-cache,Disk Full
persistent volume capacity exceeded on prod-server-1,Disk Full
storage volume unavailable due to full capacity on redis-cache,Disk Full
persistent volume capacity exceeded on k8s-node-4,Disk Full
server disk space critically low on kafka-broker,Disk Full
server disk space critically low on kafka-broker,Disk Full
unable to write logs due to disk exhaustion on payment-service,Disk Full
critical storage shortage detected on api-gateway,Disk Full
server disk space critically low on api-gateway,Disk Full
critical storage shortage detected on prod-server-2,Disk Full
server disk space critically low on api-gateway,Disk Full
storage volume unavailable due to full capacity on payment-service,Disk Full
critical storage shortage detected on auth-service,Disk Full
critical storage shortage detected on auth-service,Disk Full
disk allocation failure on auth-service,Disk Full
disk allocation failure on auth-service,Disk Full
storage volume unavailable due to full capacity on prod-server-1,Disk Full
disk usage exceeded threshold on payment-service,Disk Full
unable to write logs due to disk exhaustion on payment-service,Disk Full
server disk space critically low on prod-server-1,Disk Full
disk allocation failure on frontend-app,Disk Full
server disk space critically low on api-gateway,Disk Full
persistent volume capacity exceeded on prod-server-1,Disk Full
disk usage exceeded threshold on redis-cache,Disk Full
critical storage shortage detected on payment-service,Disk Full
server disk space critically low on frontend-app,Disk Full
disk usage exceeded threshold on k8s-node-4,Disk Full
critical storage shortage detected on db-cluster,Disk Full
disk allocation failure on db-cluster,Disk Full
critical storage shortage detected on frontend-app,Disk Full
critical storage shortage detected on prod-server-1,Disk Full
unable to write logs due to disk exhaustion on frontend-app,Disk Full
critical storage shortage detected on payment-service,Disk Full
persistent volume capacity exceeded on api-gateway,Disk Full
critical storage shortage detected on frontend-app,Disk Full
server disk space critically low on kafka-broker,Disk Full
disk usage exceeded threshold on frontend-app,Disk Full
critical storage shortage detected on kafka-broker,Disk Full
critical storage shortage detected on redis-cache,Disk Full
disk allocation failure on redis-cache,Disk Full
disk allocation failure on db-cluster,Disk Full
filesystem full on production server on auth-service,Disk Full
critical storage shortage detected on api-gateway,Disk Full
unable to write logs due to disk exhaustion on prod-server-1,Disk Full
persistent volume capacity exceeded on prod-server-1,Disk Full
storage volume unavailable due to full capacity on payment-service,Disk Full
storage volume unavailable due to full capacity on kafka-broker,Disk Full
storage volume unavailable due to full capacity on payment-service,Disk Full
critical storage shortage detected on db-cluster,Disk Full
critical storage shortage detected on kafka-broker,Disk Full
critical storage shortage detected on auth-service,Disk Full
persistent volume capacity exceeded on prod-server-1,Disk Full
disk usage exceeded threshold on kafka-broker,Disk Full
persistent volume capacity exceeded on payment-service,Disk Full
persistent volume capacity exceeded on redis-cache,Disk Full
storage volume unavailable due to full capacity on db-cluster,Disk Full
disk allocation failure on api-gateway,Disk Full
critical storage shortage detected on k8s-node-4,Disk Full
persistent volume capacity exceeded on prod-server-1,Disk Full
persistent volume capacity exceeded on k8s-node-4,Disk Full
disk usage exceeded threshold on redis-cache,Disk Full
disk allocation failure on prod-server-2,Disk Full
unable to write logs due to disk exhaustion on payment-service,Disk Full
disk usage exceeded threshold on kafka-broker,Disk Full
filesystem full on production server on kafka-broker,Disk Full
filesystem full on production server on auth-service,Disk Full
unable to write logs due to disk exhaustion on frontend-app,Disk Full
disk allocation failure on kafka-broker,Disk Full
filesystem full on production server on payment-service,Disk Full
filesystem full on production server on kafka-broker,Disk Full
critical storage shortage detected on frontend-app,Disk Full
persistent volume capacity exceeded on prod-server-2,Disk Full
storage volume unavailable due to full capacity on kafka-broker,Disk Full
disk usage exceeded threshold on auth-service,Disk Full
disk allocation failure on redis-cache,Disk Full
critical storage shortage detected on db-cluster,Disk Full
server disk space critically low on kafka-broker,Disk Full
server disk space critically low on api-gateway,Disk Full
persistent volume capacity exceeded on db-cluster,Disk Full
disk usage exceeded threshold on frontend-app,Disk Full
disk allocation failure on payment-service,Disk Full
unable to write logs due to disk exhaustion on k8s-node-4,Disk Full
disk usage exceeded threshold on kafka-broker,Disk Full
disk allocation failure on frontend-app,Disk Full
critical storage shortage detected on prod-server-1,Disk Full
disk usage exceeded threshold on k8s-node-4,Disk Full
filesystem full on production server on payment-service,Disk Full
unable to write logs due to disk exhaustion on payment-service,Disk Full
server disk space critically low on frontend-app,Disk Full
critical storage shortage detected on api-gateway,Disk Full
critical storage shortage detected on redis-cache,Disk Full
critical storage shortage detected on api-gateway,Disk Full
disk allocation failure on frontend-app,Disk Full
filesystem full on production server on prod-server-1,Disk Full
disk allocation failure on prod-server-2,Disk Full
critical storage shortage detected on k8s-node-4,Disk Full
critical storage shortage detected on prod-server-2,Disk Full
persistent volume capacity exceeded on frontend-app,Disk Full
critical storage shortage detected on kafka-broker,Disk Full
server disk space critically low on payment-service,Disk Full
critical storage shortage detected on api-gateway,Disk Full
filesystem full on production server on prod-server-1,Disk Full
disk allocation failure on k8s-node-4,Disk Full
storage volume unavailable due to full capacity on redis-cache,Disk Full
critical storage shortage detected on payment-service,Disk Full
server disk space critically low on prod-server-1,Disk Full
server disk space critically low on api-gateway,Disk Full
server disk space critically low on api-gateway,Disk Full
storage volume unavailable due to full capacity on payment-service,Disk Full
disk allocation failure on payment-service,Disk Full
disk usage exceeded threshold on k8s-node-4,Disk Full
server disk space critically low on kafka-broker,Disk Full
persistent volume capacity exceeded on payment-service,Disk Full
server disk space critically low on k8s-node-4,Disk Full
server disk space critically low on k8s-node-4,Disk Full
server disk space critically low on kafka-broker,Disk Full
unable to write logs due to disk exhaustion on db-cluster,Disk Full
server disk space critically low on frontend-app,Disk Full
disk allocation failure on k8s-node-4,Disk Full
filesystem full on production server on redis-cache,Disk Full
server disk space critically low on auth-service,Disk Full
server disk space critically low on prod-server-2,Disk Full
server disk space critically low on k8s-node-4,Disk Full
persistent volume capacity exceeded on api-gateway,Disk Full
server disk space critically low on api-gateway,Disk Full
critical storage shortage detected on prod-server-1,Disk Full
persistent volume capacity exceeded on auth-service,Disk Full
storage volume unavailable due to full capacity on auth-service,Disk Full
disk allocation failure on api-gateway,Disk Full
unable to write logs due to disk exhaustion on api-gateway,Disk Full
disk allocation failure on api-gateway,Disk Full
filesystem full on production server on frontend-app,Disk Full
persistent volume capacity exceeded on prod-server-1,Disk Full
server disk space critically low on frontend-app,Disk Full
server disk space critically low on redis-cache,Disk Full
disk allocation failure on prod-server-1,Disk Full
filesystem full on production server on prod-server-1,Disk Full
disk allocation failure on prod-server-1,Disk Full
persistent volume capacity exceeded on kafka-broker,Disk Full
unable to write logs due to disk exhaustion on prod-server-2,Disk Full
critical storage shortage detected on kafka-broker,Disk Full
disk usage exceeded threshold on redis-cache,Disk Full
critical storage shortage detected on db-cluster,Disk Full
server disk space critically low on auth-service,Disk Full
filesystem full on production server on prod-server-1,Disk Full
disk usage exceeded threshold on k8s-node-4,Disk Full
critical storage shortage detected on kafka-broker,Disk Full
server disk space critically low on api-gateway,Disk Full
unable to write logs due to disk exhaustion on k8s-node-4,Disk Full
storage volume unavailable due to full capacity on kafka-broker,Disk Full
filesystem full on production server on prod-server-2,Disk Full
unable to write logs due to disk exhaustion on db-cluster,Disk Full
storage volume unavailable due to full capacity on payment-service,Disk Full
persistent volume capacity exceeded on prod-server-2,Disk Full
disk allocation failure on kafka-broker,Disk Full
storage volume unavailable due to full capacity on prod-server-1,Disk Full
unable to write logs due to disk exhaustion on api-gateway,Disk Full
persistent volume capacity exceeded on k8s-node-4,Disk Full
unable to write logs due to disk exhaustion on prod-server-2,Disk Full
storage volume unavailable due to full capacity on api-gateway,Disk Full
critical storage shortage detected on prod-server-2,Disk Full
filesystem full on production server on db-cluster,Disk Full
unable to write logs due to disk exhaustion on prod-server-2,Disk Full
disk usage exceeded threshold on prod-server-1,Disk Full
disk allocation failure on prod-server-2,Disk Full
server disk space critically low on frontend-app,Disk Full
critical storage shortage detected on payment-service,Disk Full
disk allocation failure on prod-server-2,Disk Full
critical storage shortage detected on k8s-node-4,Disk Full
persistent volume capacity exceeded on redis-cache,Disk Full
unable to write logs due to disk exhaustion on db-cluster,Disk Full
disk usage exceeded threshold on prod-server-1,Disk Full
filesystem full on production server on prod-server-1,Disk Full
server disk space critically low on kafka-broker,Disk Full
unable to write logs due to disk exhaustion on payment-service,Disk Full
storage volume unavailable due to full capacity on prod-server-2,Disk Full
disk usage exceeded threshold on k8s-node-4,Disk Full
server disk space critically low on prod-server-2,Disk Full
filesystem full on production server on frontend-app,Disk Full
critical storage shortage detected on redis-cache,Disk Full
persistent volume capacity exceeded on db-cluster,Disk Full
persistent volume capacity exceeded on frontend-app,Disk Full
unable to write logs due to disk exhaustion on api-gateway,Disk Full
filesystem full on production server on redis-cache,Disk Full
unable to write logs due to disk exhaustion on api-gateway,Disk Full
filesystem full on production server on auth-service,Disk Full
persistent volume capacity exceeded on prod-server-1,Disk Full
unable to write logs due to disk exhaustion on prod-server-1,Disk Full
storage volume unavailable due to full capacity on redis-cache,Disk Full
critical storage shortage detected on k8s-node-4,Disk Full
disk usage exceeded threshold on api-gateway,Disk Full
unable to write logs due to disk exhaustion on frontend-app,Disk Full
critical storage shortage detected on prod-server-2,Disk Full
persistent volume capacity exceeded on auth-service,Disk Full
critical storage shortage detected on frontend-app,Disk Full
disk allocation failure on prod-server-1,Disk Full
storage volume unavailable due to full capacity on prod-server-2,Disk Full
persistent volume capacity exceeded on prod-server-2,Disk Full
server disk space critically low on k8s-node-4,Disk Full
persistent volume capacity exceeded on auth-service,Disk Full
filesystem full on production server on db-cluster,Disk Full
server disk space critically low on kafka-broker,Disk Full
storage volume unavailable due to full capacity on auth-service,Disk Full
critical storage shortage detected on prod-server-2,Disk Full
unable to write logs due to disk exhaustion on api-gateway,Disk Full
unable to write logs due to disk exhaustion on db-cluster,Disk Full
critical storage shortage detected on auth-service,Disk Full
storage volume unavailable due to full capacity on payment-service,Disk Full
server disk space critically low on auth-service,Disk Full
server disk space critically low on payment-service,Disk Full
critical storage shortage detected on prod-server-2,Disk Full
disk allocation failure on payment-service,Disk Full
disk usage exceeded threshold on prod-server-2,Disk Full
disk allocation failure on prod-server-2,Disk Full
unable to write logs due to disk exhaustion on db-cluster,Disk Full
critical storage shortage detected on prod-server-1,Disk Full
critical storage shortage detected on redis-cache,Disk Full
storage volume unavailable due to full capacity on frontend-app,Disk Full
disk allocation failure on auth-service,Disk Full
storage volume unavailable due to full capacity on auth-service,Disk Full
persistent volume capacity exceeded on api-gateway,Disk Full
disk allocation failure on db-cluster,Disk Full
disk usage exceeded threshold on api-gateway,Disk Full
unable to write logs due to disk exhaustion on prod-server-2,Disk Full
unable to write logs due to disk exhaustion on frontend-app,Disk Full
unable to write logs due to disk exhaustion on payment-service,Disk Full
storage volume unavailable due to full capacity on payment-service,Disk Full
critical storage shortage detected on frontend-app,Disk Full
persistent volume capacity exceeded on prod-server-1,Disk Full
unable to write logs due to disk exhaustion on db-cluster,Disk Full
filesystem full on production server on prod-server-1,Disk Full
filesystem full on production server on k8s-node-4,Disk Full
storage volume unavailable due to full capacity on prod-server-1,Disk Full
disk allocation failure on db-cluster,Disk Full
disk usage exceeded threshold on payment-service,Disk Full
persistent volume capacity exceeded on api-gateway,Disk Full
server disk space critically low on db-cluster,Disk Full
critical storage shortage detected on frontend-app,Disk Full
server disk space critically low on frontend-app,Disk Full
filesystem full on production server on api-gateway,Disk Full
disk allocation failure on redis-cache,Disk Full
persistent volume capacity exceeded on redis-cache,Disk Full
critical storage shortage detected on kafka-broker,Disk Full
filesystem full on production server on redis-cache,Disk Full
filesystem full on production server on api-gateway,Disk Full
critical storage shortage detected on prod-server-2,Disk Full
storage volume unavailable due to full capacity on redis-cache,Disk Full
filesystem full on production server on redis-cache,Disk Full
server disk space critically low on redis-cache,Disk Full
critical storage shortage detected on frontend-app,Disk Full
persistent volume capacity exceeded on payment-service,Disk Full
persistent volume capacity exceeded on k8s-node-4,Disk Full
persistent volume capacity exceeded on kafka-broker,Disk Full
filesystem full on production server on kafka-broker,Disk Full
unable to write logs due to disk exhaustion on db-cluster,Disk Full
critical storage shortage detected on frontend-app,Disk Full
disk usage exceeded threshold on kafka-broker,Disk Full
disk allocation failure on auth-service,Disk Full
storage volume unavailable due to full capacity on k8s-node-4,Disk Full
unable to write logs due to disk exhaustion on frontend-app,Disk Full
unable to write logs due to disk exhaustion on redis-cache,Disk Full
unable to write logs due to disk exhaustion on api-gateway,Disk Full
server disk space critically low on prod-server-2,Disk Full
storage volume unavailable due to full capacity on k8s-node-4,Disk Full
persistent volume capacity exceeded on db-cluster,Disk Full
storage volume unavailable due to full capacity on redis-cache,Disk Full
unable to write logs due to disk exhaustion on redis-cache,Disk Full
disk usage exceeded threshold on kafka-broker,Disk Full
storage volume unavailable due to full capacity on payment-service,Disk Full
storage volume unavailable due to full capacity on payment-service,Disk Full
critical storage shortage detected on payment-service,Disk Full
persistent volume capacity exceeded on redis-cache,Disk Full
disk allocation failure on db-cluster,Disk Full
unable to write logs due to disk exhaustion on prod-server-2,Disk Full
critical storage shortage detected on payment-service,Disk Full
unable to write logs due to disk exhaustion on kafka-broker,Disk Full
disk usage exceeded threshold on prod-server-1,Disk Full
persistent volume capacity exceeded on prod-server-1,Disk Full
disk usage exceeded threshold on api-gateway,Disk Full
storage volume unavailable due to full capacity on prod-server-2,Disk Full
critical storage shortage detected on frontend-app,Disk Full
storage volume unavailable due to full capacity on frontend-app,Disk Full
critical storage shortage detected on api-gateway,Disk Full
persistent volume capacity exceeded on k8s-node-4,Disk Full
storage volume unavailable due to full capacity on prod-server-2,Disk Full
unable to write logs due to disk exhaustion on api-gateway,Disk Full
server disk space critically low on auth-service,Disk Full
filesystem full on production server on auth-service,Disk Full
disk usage exceeded threshold on redis-cache,Disk Full
disk usage exceeded threshold on prod-server-1,Disk Full
persistent volume capacity exceeded on auth-service,Disk Full
disk usage exceeded threshold on auth-service,Disk Full
server disk space critically low on api-gateway,Disk Full
server disk space critically low on db-cluster,Disk Full
persistent volume capacity exceeded on api-gateway,Disk Full
unable to write logs due to disk exhaustion on prod-server-2,Disk Full
server disk space critically low on kafka-broker,Disk Full
disk allocation failure on frontend-app,Disk Full
disk usage exceeded threshold on api-gateway,Disk Full
filesystem full on production server on payment-service,Disk Full
storage volume unavailable due to full capacity on db-cluster,Disk Full
filesystem full on production server on auth-service,Disk Full
critical storage shortage detected on frontend-app,Disk Full
disk usage exceeded threshold on k8s-node-4,Disk Full
server disk space critically low on prod-server-1,Disk Full
disk usage exceeded threshold on auth-service,Disk Full
persistent volume capacity exceeded on auth-service,Disk Full
storage volume unavailable due to full capacity on redis-cache,Disk Full
server disk space critically low on db-cluster,Disk Full
critical storage shortage detected on api-gateway,Disk Full
critical storage shortage detected on api-gateway,Disk Full
filesystem full on production server on frontend-app,Disk Full
storage volume unavailable due to full capacity on api-gateway,Disk Full
filesystem full on production server on payment-service,Disk Full
persistent volume capacity exceeded on frontend-app,Disk Full
critical storage shortage detected on kafka-broker,Disk Full
unable to write logs due to disk exhaustion on api-gateway,Disk Full
disk usage exceeded threshold on redis-cache,Disk Full
critical storage shortage detected on auth-service,Disk Full
unable to write logs due to disk exhaustion on payment-service,Disk Full
storage volume unavailable due to full capacity on db-cluster,Disk Full
filesystem full on production server on auth-service,Disk Full
storage volume unavailable due to full capacity on payment-service,Disk Full
disk usage exceeded threshold on frontend-app,Disk Full
critical storage shortage detected on api-gateway,Disk Full
server disk space critically low on redis-cache,Disk Full
server disk space critically low on db-cluster,Disk Full
server disk space critically low on kafka-broker,Disk Full
disk allocation failure on db-cluster,Disk Full
unable to write logs due to disk exhaustion on frontend-app,Disk Full
critical storage shortage detected on prod-server-2,Disk Full
unable to write logs due to disk exhaustion on api-gateway,Disk Full
server disk space critically low on kafka-broker,Disk Full
persistent volume capacity exceeded on api-gateway,Disk Full
storage volume unavailable due to full capacity on payment-service,Disk Full
server disk space critically low on db-cluster,Disk Full
persistent volume capacity exceeded on db-cluster,Disk Full
persistent volume capacity exceeded on api-gateway,Disk Full
persistent volume capacity exceeded on auth-service,Disk Full
server disk space critically low on payment-service,Disk Full
disk usage exceeded threshold on prod-server-2,Disk Full
critical storage shortage detected on prod-server-2,Disk Full
filesystem full on production server on kafka-broker,Disk Full
server disk space critically low on k8s-node-4,Disk Full
disk usage exceeded threshold on redis-cache,Disk Full
disk usage exceeded threshold on db-cluster,Disk Full
filesystem full on production server on prod-server-1,Disk Full
critical storage shortage detected on api-gateway,Disk Full
persistent volume capacity exceeded on api-gateway,Disk Full
disk usage exceeded threshold on payment-service,Disk Full
persistent volume capacity exceeded on prod-server-1,Disk Full
critical storage shortage detected on prod-server-2,Disk Full
server disk space critically low on k8s-node-4,Disk Full
persistent volume capacity exceeded on kafka-broker,Disk Full
unable to write logs due to disk exhaustion on kafka-broker,Disk Full
disk usage exceeded threshold on frontend-app,Disk Full
storage volume unavailable due to full capacity on kafka-broker,Disk Full
disk allocation failure on kafka-broker,Disk Full
storage volume unavailable due to full capacity on redis-cache,Disk Full
storage volume unavailable due to full capacity on prod-server-1,Disk Full
disk usage exceeded threshold on api-gateway,Disk Full
persistent volume capacity exceeded on prod-server-2,Disk Full
filesystem full on production server on prod-server-2,Disk Full
unable to write logs due to disk exhaustion on api-gateway,Disk Full
filesystem full on production server on payment-service,Disk Full
persistent volume capacity exceeded on prod-server-2,Disk Full
server disk space critically low on api-gateway,Disk Full
unable to write logs due to disk exhaustion on auth-service,Disk Full
disk usage exceeded threshold on api-gateway,Disk Full
server disk space critically low on frontend-app,Disk Full
disk usage exceeded threshold on payment-service,Disk Full
filesystem full on production server on frontend-app,Disk Full
critical storage shortage detected on kafka-broker,Disk Full
server disk space critically low on api-gateway,Disk Full
disk allocation failure on db-cluster,Disk Full
filesystem full on production server on k8s-node-4,Disk Full
critical storage shortage detected on db-cluster,Disk Full
persistent volume capacity exceeded on redis-cache,Disk Full
persistent volume capacity exceeded on auth-service,Disk Full
storage volume unavailable due to full capacity on prod-server-1,Disk Full
storage volume unavailable due to full capacity on redis-cache,Disk Full
server disk space critically low on frontend-app,Disk Full
disk allocation failure on frontend-app,Disk Full
persistent volume capacity exceeded on payment-service,Disk Full
disk allocation failure on db-cluster,Disk Full
server disk space critically low on redis-cache,Disk Full
unable to write logs due to disk exhaustion on frontend-app,Disk Full
disk usage exceeded threshold on prod-server-2,Disk Full
persistent volume capacity exceeded on payment-service,Disk Full
server disk space critically low on auth-service,Disk Full
filesystem full on production server on redis-cache,Disk Full
storage volume unavailable due to full capacity on kafka-broker,Disk Full
disk allocation failure on db-cluster,Disk Full
disk allocation failure on db-cluster,Disk Full
disk usage exceeded threshold on redis-cache,Disk Full
critical storage shortage detected on frontend-app,Disk Full
disk usage exceeded threshold on payment-service,Disk Full
storage volume unavailable due to full capacity on prod-server-1,Disk Full
disk allocation failure on payment-service,Disk Full
storage volume unavailable due to full capacity on api-gateway,Disk Full
filesystem full on production server on prod-server-1,Disk Full
filesystem full on production server on redis-cache,Disk Full
persistent volume capacity exceeded on redis-cache,Disk Full
disk allocation failure on kafka-broker,Disk Full
persistent volume capacity exceeded on frontend-app,Disk Full
filesystem full on production server on auth-service,Disk Full
filesystem full on production server on auth-service,Disk Full
disk allocation failure on prod-server-1,Disk Full
disk allocation failure on prod-server-2,Disk Full
server disk space critically low on frontend-app,Disk Full
filesystem full on production server on db-cluster,Disk Full
disk allocation failure on k8s-node-4,Disk Full
critical storage shortage detected on k8s-node-4,Disk Full
disk usage exceeded threshold on redis-cache,Disk Full
disk allocation failure on prod-server-1,Disk Full
unable to write logs due to disk exhaustion on payment-service,Disk Full
unable to write logs due to disk exhaustion on auth-service,Disk Full
unable to write logs due to disk exhaustion on kafka-broker,Disk Full
persistent volume capacity exceeded on frontend-app,Disk Full
critical storage shortage detected on frontend-app,Disk Full
disk allocation failure on prod-server-1,Disk Full
server disk space critically low on k8s-node-4,Disk Full
critical storage shortage detected on db-cluster,Disk Full
critical storage shortage detected on kafka-broker,Disk Full
disk usage exceeded threshold on redis-cache,Disk Full
filesystem full on production server on payment-service,Disk Full
persistent volume capacity exceeded on k8s-node-4,Disk Full
critical storage shortage detected on frontend-app,Disk Full
critical storage shortage detected on payment-service,Disk Full
disk usage exceeded threshold on prod-server-2,Disk Full
filesystem full on production server on prod-server-2,Disk Full
disk usage exceeded threshold on frontend-app,Disk Full
critical storage shortage detected on redis-cache,Disk Full
critical storage shortage detected on db-cluster,Disk Full
storage volume unavailable due to full capacity on prod-server-2,Disk Full
disk usage exceeded threshold on auth-service,Disk Full
unable to write logs due to disk exhaustion on prod-server-1,Disk Full
disk usage exceeded threshold on api-gateway,Disk Full
persistent volume capacity exceeded on db-cluster,Disk Full
disk usage exceeded threshold on api-gateway,Disk Full
unable to write logs due to disk exhaustion on frontend-app,Disk Full
critical storage shortage detected on prod-server-1,Disk Full
server disk space critically low on api-gateway,Disk Full
persistent volume capacity exceeded on redis-cache,Disk Full
filesystem full on production server on db-cluster,Disk Full
disk allocation failure on api-gateway,Disk Full
server disk space critically low on db-cluster,Disk Full
persistent volume capacity exceeded on prod-server-2,Disk Full
storage volume unavailable due to full capacity on api-gateway,Disk Full
filesystem full on production server on frontend-app,Disk Full
unable to write logs due to disk exhaustion on redis-cache,Disk Full
critical storage shortage detected on prod-server-2,Disk Full
critical storage shortage detected on prod-server-2,Disk Full
critical storage shortage detected on k8s-node-4,Disk Full
critical storage shortage detected on auth-service,Disk Full
disk usage exceeded threshold on prod-server-1,Disk Full
filesystem full on production server on auth-service,Disk Full
disk usage exceeded threshold on frontend-app,Disk Full
filesystem full on production server on api-gateway,Disk Full
server disk space critically low on prod-server-2,Disk Full
critical storage shortage detected on k8s-node-4,Disk Full
filesystem full on production server on api-gateway,Disk Full
critical storage shortage detected on db-cluster,Disk Full
storage volume unavailable due to full capacity on api-gateway,Disk Full
disk allocation failure on api-gateway,Disk Full
unable to write logs due to disk exhaustion on api-gateway,Disk Full
persistent volume capacity exceeded on auth-service,Disk Full
disk allocation failure on api-gateway,Disk Full
storage volume unavailable due to full capacity on db-cluster,Disk Full
unable to write logs due to disk exhaustion on frontend-app,Disk Full
filesystem full on production server on kafka-broker,Disk Full
critical storage shortage detected on redis-cache,Disk Full
critical storage shortage detected on db-cluster,Disk Full
persistent volume capacity exceeded on prod-server-2,Disk Full
disk usage exceeded threshold on prod-server-1,Disk Full
critical storage shortage detected on k8s-node-4,Disk Full
persistent volume capacity exceeded on prod-server-2,Disk Full
storage volume unavailable due to full capacity on api-gateway,Disk Full
persistent volume capacity exceeded on k8s-node-4,Disk Full
unable to write logs due to disk exhaustion on redis-cache,Disk Full
filesystem full on production server on api-gateway,Disk Full
filesystem full on production server on kafka-broker,Disk Full
critical storage shortage detected on kafka-broker,Disk Full
storage volume unavailable due to full capacity on frontend-app,Disk Full
disk allocation failure on redis-cache,Disk Full
critical storage shortage detected on frontend-app,Disk Full
critical storage shortage detected on prod-server-1,Disk Full
storage volume unavailable due to full capacity on prod-server-2,Disk Full
storage volume unavailable due to full capacity on redis-cache,Disk Full
unable to write logs due to disk exhaustion on payment-service,Disk Full
disk usage exceeded threshold on db-cluster,Disk Full
disk usage exceeded threshold on db-cluster,Disk Full
persistent volume capacity exceeded on auth-service,Disk Full
storage volume unavailable due to full capacity on frontend-app,Disk Full
filesystem full on production server on kafka-broker,Disk Full
disk allocation failure on frontend-app,Disk Full
critical storage shortage detected on api-gateway,Disk Full
storage volume unavailable due to full capacity on prod-server-1,Disk Full
disk allocation failure on kafka-broker,Disk Full
critical storage shortage detected on api-gateway,Disk Full
unable to write logs due to disk exhaustion on frontend-app,Disk Full
filesystem full on production server on k8s-node-4,Disk Full
unable to write logs due to disk exhaustion on prod-server-2,Disk Full
filesystem full on production server on auth-service,Disk Full
storage volume unavailable due to full capacity on prod-server-2,Disk Full
disk allocation failure on k8s-node-4,Disk Full
storage volume unavailable due to full capacity on prod-server-2,Disk Full
disk usage exceeded threshold on prod-server-1,Disk Full
disk allocation failure on db-cluster,Disk Full
critical storage shortage detected on api-gateway,Disk Full
disk allocation failure on payment-service,Disk Full
critical storage shortage detected on auth-service,Disk Full
persistent volume capacity exceeded on frontend-app,Disk Full
persistent volume capacity exceeded on db-cluster,Disk Full
server disk space critically low on kafka-broker,Disk Full
filesystem full on production server on frontend-app,Disk Full
filesystem full on production server on frontend-app,Disk Full
filesystem full on production server on redis-cache,Disk Full
server disk space critically low on frontend-app,Disk Full
critical storage shortage detected on frontend-app,Disk Full
storage volume unavailable due to full capacity on redis-cache,Disk Full
server disk space critically low on kafka-broker,Disk Full
disk allocation failure on prod-server-1,Disk Full
filesystem full on production server on kafka-broker,Disk Full
critical storage shortage detected on frontend-app,Disk Full
unable to write logs due to disk exhaustion on kafka-broker,Disk Full
persistent volume capacity exceeded on redis-cache,Disk Full
unable to write logs due to disk exhaustion on redis-cache,Disk Full
filesystem full on production server on prod-server-2,Disk Full
unable to write logs due to disk exhaustion on frontend-app,Disk Full
persistent volume capacity exceeded on prod-server-2,Disk Full
disk usage exceeded threshold on db-cluster,Disk Full
disk usage exceeded threshold on redis-cache,Disk Full
server disk space critically low on k8s-node-4,Disk Full
disk usage exceeded threshold on db-cluster,Disk Full
critical storage shortage detected on redis-cache,Disk Full
filesystem full on production server on k8s-node-4,Disk Full
disk allocation failure on kafka-broker,Disk Full
storage volume unavailable due to full capacity on redis-cache,Disk Full
server disk space critically low on payment-service,Disk Full
disk usage exceeded threshold on auth-service,Disk Full
disk allocation failure on k8s-node-4,Disk Full
storage volume unavailable due to full capacity on db-cluster,Disk Full
persistent volume capacity exceeded on db-cluster,Disk Full
filesystem full on production server on payment-service,Disk Full
filesystem full on production server on api-gateway,Disk Full
unable to write logs due to disk exhaustion on redis-cache,Disk Full
server disk space critically low on redis-cache,Disk Full
persistent volume capacity exceeded on db-cluster,Disk Full
persistent volume capacity exceeded on db-cluster,Disk Full
filesystem full on production server on prod-server-2,Disk Full
disk usage exceeded threshold on kafka-broker,Disk Full
server disk space critically low on payment-service,Disk Full
disk allocation failure on api-gateway,Disk Full
filesystem full on production server on payment-service,Disk Full
persistent volume capacity exceeded on db-cluster,Disk Full
server disk space critically low on redis-cache,Disk Full
disk allocation failure on frontend-app,Disk Full
critical storage shortage detected on prod-server-2,Disk Full
unable to write logs due to disk exhaustion on frontend-app,Disk Full
disk usage exceeded threshold on redis-cache,Disk Full
critical storage shortage detected on payment-service,Disk Full
disk allocation failure on db-cluster,Disk Full
persistent volume capacity exceeded on frontend-app,Disk Full
disk usage exceeded threshold on prod-server-2,Disk Full
unable to write logs due to disk exhaustion on api-gateway,Disk Full
disk allocation failure on api-gateway,Disk Full
storage volume unavailable due to full capacity on frontend-app,Disk Full
server disk space critically low on prod-server-1,Disk Full
disk usage exceeded threshold on frontend-app,Disk Full
disk usage exceeded threshold on api-gateway,Disk Full
critical storage shortage detected on kafka-broker,Disk Full
storage volume unavailable due to full capacity on k8s-node-4,Disk Full
unable to write logs due to disk exhaustion on frontend-app,Disk Full
unable to write logs due to disk exhaustion on auth-service,Disk Full
unable to write logs due to disk exhaustion on frontend-app,Disk Full
filesystem full on production server on db-cluster,Disk Full
server disk space critically low on prod-server-2,Disk Full
disk allocation failure on prod-server-2,Disk Full
disk allocation failure on k8s-node-4,Disk Full
critical storage shortage detected on prod-server-2,Disk Full
unable to write logs due to disk exhaustion on payment-service,Disk Full
storage volume unavailable due to full capacity on k8s-node-4,Disk Full
403 forbidden access on prod-server-2,HTTP 403
http 403 returned from server on frontend-app,HTTP 403
permission denied while accessing endpoint on api-gateway,HTTP 403
permission denied while accessing endpoint on auth-service,HTTP 403
http 403 returned from server on api-gateway,HTTP 403
http 403 returned from server on prod-server-2,HTTP 403
authorization failed with 403 on k8s-node-4,HTTP 403
forbidden api access detected on api-gateway,HTTP 403
user forbidden from accessing resource on api-gateway,HTTP 403
403 forbidden access on k8s-node-4,HTTP 403
403 forbidden access on api-gateway,HTTP 403
user forbidden from accessing resource on k8s-node-4,HTTP 403
authorization failed with 403 on payment-service,HTTP 403
forbidden api access detected on k8s-node-4,HTTP 403
permission denied while accessing endpoint on payment-service,HTTP 403
forbidden api access detected on prod-server-1,HTTP 403
403 forbidden access on auth-service,HTTP 403
authorization failed with 403 on prod-server-1,HTTP 403
permission denied while accessing endpoint on kafka-broker,HTTP 403
user forbidden from accessing resource on kafka-broker,HTTP 403
forbidden api access detected on redis-cache,HTTP 403
forbidden api access detected on payment-service,HTTP 403
permission denied while accessing endpoint on redis-cache,HTTP 403
forbidden api access detected on prod-server-1,HTTP 403
forbidden api access detected on redis-cache,HTTP 403
http 403 returned from server on kafka-broker,HTTP 403
user forbidden from accessing resource on redis-cache,HTTP 403
authorization failed with 403 on auth-service,HTTP 403
forbidden api access detected on frontend-app,HTTP 403
authorization failed with 403 on payment-service,HTTP 403
authorization failed with 403 on auth-service,HTTP 403
user forbidden from accessing resource on db-cluster,HTTP 403
forbidden api access detected on prod-server-2,HTTP 403
permission denied while accessing endpoint on prod-server-1,HTTP 403
authorization failed with 403 on auth-service,HTTP 403
403 forbidden access on auth-service,HTTP 403
user forbidden from accessing resource on api-gateway,HTTP 403
user forbidden from accessing resource on auth-service,HTTP 403
forbidden api access detected on prod-server-1,HTTP 403
403 forbidden access on frontend-app,HTTP 403
403 forbidden access on kafka-broker,HTTP 403
authorization failed with 403 on redis-cache,HTTP 403
403 forbidden access on payment-service,HTTP 403
permission denied while accessing endpoint on redis-cache,HTTP 403
authorization failed with 403 on redis-cache,HTTP 403
authorization failed with 403 on prod-server-2,HTTP 403
permission denied while accessing endpoint on k8s-node-4,HTTP 403
authorization failed with 403 on prod-server-1,HTTP 403
403 forbidden access on k8s-node-4,HTTP 403
forbidden api access detected on k8s-node-4,HTTP 403
authorization failed with 403 on frontend-app,HTTP 403
forbidden api access detected on kafka-broker,HTTP 403
user forbidden from accessing resource on prod-server-1,HTTP 403
http 403 returned from server on prod-server-1,HTTP 403
permission denied while accessing endpoint on kafka-broker,HTTP 403
http 403 returned from server on auth-service,HTTP 403
user forbidden from accessing resource on db-cluster,HTTP 403
403 forbidden access on redis-cache,HTTP 403
http 403 returned from server on db-cluster,HTTP 403
http 403 returned from server on auth-service,HTTP 403
permission denied while accessing endpoint on redis-cache,HTTP 403
permission denied while accessing endpoint on frontend-app,HTTP 403
403 forbidden access on k8s-node-4,HTTP 403
permission denied while accessing endpoint on k8s-node-4,HTTP 403
http 403 returned from server on redis-cache,HTTP 403
user forbidden from accessing resource on frontend-app,HTTP 403
authorization failed with 403 on redis-cache,HTTP 403
authorization failed with 403 on prod-server-2,HTTP 403
forbidden api access detected on auth-service,HTTP 403
403 forbidden access on kafka-broker,HTTP 403
forbidden api access detected on frontend-app,HTTP 403
authorization failed with 403 on db-cluster,HTTP 403
403 forbidden access on prod-server-1,HTTP 403
authorization failed with 403 on db-cluster,HTTP 403
http 403 returned from server on kafka-broker,HTTP 403
user forbidden from accessing resource on prod-server-2,HTTP 403
forbidden api access detected on api-gateway,HTTP 403
permission denied while accessing endpoint on payment-service,HTTP 403
403 forbidden access on payment-service,HTTP 403
forbidden api access detected on prod-server-2,HTTP 403
forbidden api access detected on k8s-node-4,HTTP 403
403 forbidden access on auth-service,HTTP 403
403 forbidden access on redis-cache,HTTP 403
403 forbidden access on prod-server-2,HTTP 403
permission denied while accessing endpoint on api-gateway,HTTP 403
http 403 returned from server on redis-cache,HTTP 403
forbidden api access detected on redis-cache,HTTP 403
user forbidden from accessing resource on auth-service,HTTP 403
user forbidden from accessing resource on auth-service,HTTP 403
forbidden api access detected on k8s-node-4,HTTP 403
user forbidden from accessing resource on prod-server-1,HTTP 403
authorization failed with 403 on frontend-app,HTTP 403
permission denied while accessing endpoint on prod-server-2,HTTP 403
forbidden api access detected on prod-server-1,HTTP 403
user forbidden from accessing resource on payment-service,HTTP 403
permission denied while accessing endpoint on redis-cache,HTTP 403
authorization failed with 403 on payment-service,HTTP 403
403 forbidden access on k8s-node-4,HTTP 403
user forbidden from accessing resource on auth-service,HTTP 403
403 forbidden access on prod-server-2,HTTP 403
permission denied while accessing endpoint on k8s-node-4,HTTP 403
403 forbidden access on prod-server-1,HTTP 403
403 forbidden access on frontend-app,HTTP 403
forbidden api access detected on prod-server-1,HTTP 403
permission denied while accessing endpoint on kafka-broker,HTTP 403
403 forbidden access on kafka-broker,HTTP 403
http 403 returned from server on frontend-app,HTTP 403
http 403 returned from server on db-cluster,HTTP 403
forbidden api access detected on auth-service,HTTP 403
authorization failed with 403 on frontend-app,HTTP 403
authorization failed with 403 on prod-server-2,HTTP 403
user forbidden from accessing resource on db-cluster,HTTP 403
forbidden api access detected on api-gateway,HTTP 403
403 forbidden access on k8s-node-4,HTTP 403
403 forbidden access on kafka-broker,HTTP 403
http 403 returned from server on redis-cache,HTTP 403
authorization failed with 403 on frontend-app,HTTP 403
http 403 returned from server on db-cluster,HTTP 403
http 403 returned from server on prod-server-1,HTTP 403
user forbidden from accessing resource on db-cluster,HTTP 403
forbidden api access detected on redis-cache,HTTP 403
authorization failed with 403 on prod-server-2,HTTP 403
403 forbidden access on prod-server-2,HTTP 403
permission denied while accessing endpoint on redis-cache,HTTP 403
authorization failed with 403 on k8s-node-4,HTTP 403
permission denied while accessing endpoint on prod-server-2,HTTP 403
http 403 returned from server on api-gateway,HTTP 403
authorization failed with 403 on frontend-app,HTTP 403
user forbidden from accessing resource on db-cluster,HTTP 403
authorization failed with 403 on api-gateway,HTTP 403
forbidden api access detected on api-gateway,HTTP 403
user forbidden from accessing resource on k8s-node-4,HTTP 403
user forbidden from accessing resource on prod-server-1,HTTP 403
user forbidden from accessing resource on redis-cache,HTTP 403
authorization failed with 403 on prod-server-2,HTTP 403
forbidden api access detected on prod-server-2,HTTP 403
forbidden api access detected on k8s-node-4,HTTP 403
http 403 returned from server on prod-server-2,HTTP 403
forbidden api access detected on api-gateway,HTTP 403
authorization failed with 403 on prod-server-2,HTTP 403
http 403 returned from server on kafka-broker,HTTP 403
user forbidden from accessing resource on kafka-broker,HTTP 403
permission denied while accessing endpoint on api-gateway,HTTP 403
user forbidden from accessing resource on payment-service,HTTP 403
403 forbidden access on prod-server-1,HTTP 403
403 forbidden access on frontend-app,HTTP 403
http 403 returned from server on api-gateway,HTTP 403
403 forbidden access on kafka-broker,HTTP 403
user forbidden from accessing resource on k8s-node-4,HTTP 403
user forbidden from accessing resource on api-gateway,HTTP 403
user forbidden from accessing resource on frontend-app,HTTP 403
permission denied while accessing endpoint on redis-cache,HTTP 403
http 403 returned from server on prod-server-1,HTTP 403
403 forbidden access on kafka-broker,HTTP 403
http 403 returned from server on k8s-node-4,HTTP 403
403 forbidden access on redis-cache,HTTP 403
authorization failed with 403 on prod-server-1,HTTP 403
403 forbidden access on prod-server-2,HTTP 403
http 403 returned from server on prod-server-2,HTTP 403
permission denied while accessing endpoint on payment-service,HTTP 403
http 403 returned from server on prod-server-1,HTTP 403
403 forbidden access on frontend-app,HTTP 403
403 forbidden access on prod-server-1,HTTP 403
http 403 returned from server on frontend-app,HTTP 403
forbidden api access detected on frontend-app,HTTP 403
403 forbidden access on kafka-broker,HTTP 403
403 forbidden access on db-cluster,HTTP 403
user forbidden from accessing resource on prod-server-2,HTTP 403
authorization failed with 403 on k8s-node-4,HTTP 403
403 forbidden access on prod-server-2,HTTP 403
403 forbidden access on k8s-node-4,HTTP 403
forbidden api access detected on payment-service,HTTP 403
forbidden api access detected on auth-service,HTTP 403
403 forbidden access on db-cluster,HTTP 403
forbidden api access detected on k8s-node-4,HTTP 403
authorization failed with 403 on kafka-broker,HTTP 403
authorization failed with 403 on prod-server-2,HTTP 403
user forbidden from accessing resource on frontend-app,HTTP 403
forbidden api access detected on payment-service,HTTP 403
permission denied while accessing endpoint on auth-service,HTTP 403
permission denied while accessing endpoint on db-cluster,HTTP 403
user forbidden from accessing resource on prod-server-2,HTTP 403
authorization failed with 403 on payment-service,HTTP 403
http 403 returned from server on prod-server-2,HTTP 403
permission denied while accessing endpoint on prod-server-2,HTTP 403
user forbidden from accessing resource on prod-server-1,HTTP 403
http 403 returned from server on kafka-broker,HTTP 403
403 forbidden access on kafka-broker,HTTP 403
authorization failed with 403 on payment-service,HTTP 403
authorization failed with 403 on db-cluster,HTTP 403
403 forbidden access on redis-cache,HTTP 403
forbidden api access detected on k8s-node-4,HTTP 403
user forbidden from accessing resource on db-cluster,HTTP 403
authorization failed with 403 on db-cluster,HTTP 403
http 403 returned from server on auth-service,HTTP 403
authorization failed with 403 on prod-server-1,HTTP 403
forbidden api access detected on redis-cache,HTTP 403
permission denied while accessing endpoint on prod-server-1,HTTP 403
user forbidden from accessing resource on frontend-app,HTTP 403
403 forbidden access on auth-service,HTTP 403
http 403 returned from server on redis-cache,HTTP 403
authorization failed with 403 on auth-service,HTTP 403
forbidden api access detected on redis-cache,HTTP 403
403 forbidden access on payment-service,HTTP 403
http 403 returned from server on auth-service,HTTP 403
user forbidden from accessing resource on kafka-broker,HTTP 403
user forbidden from accessing resource on auth-service,HTTP 403
http 403 returned from server on payment-service,HTTP 403
authorization failed with 403 on auth-service,HTTP 403
authorization failed with 403 on auth-service,HTTP 403
permission denied while accessing endpoint on frontend-app,HTTP 403
forbidden api access detected on prod-server-2,HTTP 403
forbidden api access detected on prod-server-1,HTTP 403
403 forbidden access on redis-cache,HTTP 403
user forbidden from accessing resource on prod-server-2,HTTP 403
http 403 returned from server on k8s-node-4,HTTP 403
user forbidden from accessing resource on auth-service,HTTP 403
403 forbidden access on db-cluster,HTTP 403
http 403 returned from server on redis-cache,HTTP 403
user forbidden from accessing resource on redis-cache,HTTP 403
403 forbidden access on redis-cache,HTTP 403
403 forbidden access on frontend-app,HTTP 403
forbidden api access detected on db-cluster,HTTP 403
authorization failed with 403 on payment-service,HTTP 403
authorization failed with 403 on payment-service,HTTP 403
permission denied while accessing endpoint on payment-service,HTTP 403
http 403 returned from server on prod-server-2,HTTP 403
403 forbidden access on api-gateway,HTTP 403
forbidden api access detected on db-cluster,HTTP 403
http 403 returned from server on frontend-app,HTTP 403
permission denied while accessing endpoint on api-gateway,HTTP 403
user forbidden from accessing resource on db-cluster,HTTP 403
http 403 returned from server on db-cluster,HTTP 403
user forbidden from accessing resource on prod-server-1,HTTP 403
403 forbidden access on auth-service,HTTP 403
403 forbidden access on frontend-app,HTTP 403
permission denied while accessing endpoint on prod-server-2,HTTP 403
authorization failed with 403 on api-gateway,HTTP 403
user forbidden from accessing resource on auth-service,HTTP 403
authorization failed with 403 on frontend-app,HTTP 403
permission denied while accessing endpoint on db-cluster,HTTP 403
http 403 returned from server on prod-server-2,HTTP 403
user forbidden from accessing resource on prod-server-2,HTTP 403
http 403 returned from server on frontend-app,HTTP 403
http 403 returned from server on prod-server-2,HTTP 403
forbidden api access detected on frontend-app,HTTP 403
403 forbidden access on k8s-node-4,HTTP 403
403 forbidden access on api-gateway,HTTP 403
forbidden api access detected on frontend-app,HTTP 403
forbidden api access detected on redis-cache,HTTP 403
permission denied while accessing endpoint on prod-server-1,HTTP 403
forbidden api access detected on payment-service,HTTP 403
permission denied while accessing endpoint on payment-service,HTTP 403
http 403 returned from server on frontend-app,HTTP 403
403 forbidden access on api-gateway,HTTP 403
permission denied while accessing endpoint on api-gateway,HTTP 403
http 403 returned from server on kafka-broker,HTTP 403
user forbidden from accessing resource on frontend-app,HTTP 403
forbidden api access detected on kafka-broker,HTTP 403
permission denied while accessing endpoint on frontend-app,HTTP 403
authorization failed with 403 on redis-cache,HTTP 403
user forbidden from accessing resource on frontend-app,HTTP 403
403 forbidden access on payment-service,HTTP 403
permission denied while accessing endpoint on payment-service,HTTP 403
403 forbidden access on k8s-node-4,HTTP 403
user forbidden from accessing resource on prod-server-1,HTTP 403
user forbidden from accessing resource on prod-server-2,HTTP 403
permission denied while accessing endpoint on redis-cache,HTTP 403
permission denied while accessing endpoint on payment-service,HTTP 403
authorization failed with 403 on db-cluster,HTTP 403
http 403 returned from server on k8s-node-4,HTTP 403
forbidden api access detected on auth-service,HTTP 403
authorization failed with 403 on db-cluster,HTTP 403
permission denied while accessing endpoint on prod-server-1,HTTP 403
http 403 returned from server on prod-server-2,HTTP 403
http 403 returned from server on db-cluster,HTTP 403
user forbidden from accessing resource on frontend-app,HTTP 403
permission denied while accessing endpoint on frontend-app,HTTP 403
permission denied while accessing endpoint on db-cluster,HTTP 403
authorization failed with 403 on db-cluster,HTTP 403
http 403 returned from server on kafka-broker,HTTP 403
user forbidden from accessing resource on frontend-app,HTTP 403
forbidden api access detected on api-gateway,HTTP 403
authorization failed with 403 on redis-cache,HTTP 403
user forbidden from accessing resource on prod-server-2,HTTP 403
403 forbidden access on auth-service,HTTP 403
http 403 returned from server on k8s-node-4,HTTP 403
user forbidden from accessing resource on k8s-node-4,HTTP 403
user forbidden from accessing resource on api-gateway,HTTP 403
authorization failed with 403 on prod-server-2,HTTP 403
permission denied while accessing endpoint on auth-service,HTTP 403
permission denied while accessing endpoint on api-gateway,HTTP 403
user forbidden from accessing resource on payment-service,HTTP 403
http 403 returned from server on db-cluster,HTTP 403
authorization failed with 403 on db-cluster,HTTP 403
403 forbidden access on prod-server-1,HTTP 403
http 403 returned from server on prod-server-2,HTTP 403
permission denied while accessing endpoint on api-gateway,HTTP 403
authorization failed with 403 on db-cluster,HTTP 403
permission denied while accessing endpoint on prod-server-2,HTTP 403
permission denied while accessing endpoint on prod-server-1,HTTP 403
403 forbidden access on auth-service,HTTP 403
http 403 returned from server on payment-service,HTTP 403
403 forbidden access on db-cluster,HTTP 403
user forbidden from accessing resource on auth-service,HTTP 403
http 403 returned from server on prod-server-1,HTTP 403
authorization failed with 403 on redis-cache,HTTP 403
403 forbidden access on payment-service,HTTP 403
http 403 returned from server on kafka-broker,HTTP 403
http 403 returned from server on db-cluster,HTTP 403
forbidden api access detected on db-cluster,HTTP 403
forbidden api access detected on prod-server-2,HTTP 403
403 forbidden access on payment-service,HTTP 403
403 forbidden access on db-cluster,HTTP 403
permission denied while accessing endpoint on kafka-broker,HTTP 403
permission denied while accessing endpoint on prod-server-1,HTTP 403
403 forbidden access on auth-service,HTTP 403
user forbidden from accessing resource on frontend-app,HTTP 403
http 403 returned from server on redis-cache,HTTP 403
permission denied while accessing endpoint on prod-server-1,HTTP 403
permission denied while accessing endpoint on k8s-node-4,HTTP 403
permission denied while accessing endpoint on api-gateway,HTTP 403
403 forbidden access on prod-server-2,HTTP 403
403 forbidden access on auth-service,HTTP 403
authorization failed with 403 on db-cluster,HTTP 403
authorization failed with 403 on frontend-app,HTTP 403
forbidden api access detected on k8s-node-4,HTTP 403
http 403 returned from server on redis-cache,HTTP 403
http 403 returned from server on payment-service,HTTP 403
user forbidden from accessing resource on auth-service,HTTP 403
http 403 returned from server on kafka-broker,HTTP 403
permission denied while accessing endpoint on auth-service,HTTP 403
permission denied while accessing endpoint on prod-server-2,HTTP 403
permission denied while accessing endpoint on db-cluster,HTTP 403
permission denied while accessing endpoint on auth-service,HTTP 403
user forbidden from accessing resource on frontend-app,HTTP 403
forbidden api access detected on frontend-app,HTTP 403
permission denied while accessing endpoint on k8s-node-4,HTTP 403
permission denied while accessing endpoint on payment-service,HTTP 403
forbidden api access detected on auth-service,HTTP 403
http 403 returned from server on k8s-node-4,HTTP 403
403 forbidden access on frontend-app,HTTP 403
user forbidden from accessing resource on prod-server-1,HTTP 403
user forbidden from accessing resource on k8s-node-4,HTTP 403
http 403 returned from server on prod-server-1,HTTP 403
403 forbidden access on payment-service,HTTP 403
permission denied while accessing endpoint on kafka-broker,HTTP 403
permission denied while accessing endpoint on kafka-broker,HTTP 403
forbidden api access detected on redis-cache,HTTP 403
http 403 returned from server on redis-cache,HTTP 403
user forbidden from accessing resource on db-cluster,HTTP 403
forbidden api access detected on redis-cache,HTTP 403
forbidden api access detected on api-gateway,HTTP 403
403 forbidden access on prod-server-2,HTTP 403
user forbidden from accessing resource on k8s-node-4,HTTP 403
http 403 returned from server on k8s-node-4,HTTP 403
user forbidden from accessing resource on auth-service,HTTP 403
authorization failed with 403 on payment-service,HTTP 403
http 403 returned from server on auth-service,HTTP 403
403 forbidden access on redis-cache,HTTP 403
user forbidden from accessing resource on prod-server-1,HTTP 403
user forbidden from accessing resource on kafka-broker,HTTP 403
authorization failed with 403 on prod-server-1,HTTP 403
forbidden api access detected on payment-service,HTTP 403
user forbidden from accessing resource on frontend-app,HTTP 403
permission denied while accessing endpoint on db-cluster,HTTP 403
user forbidden from accessing resource on auth-service,HTTP 403
forbidden api access detected on prod-server-2,HTTP 403
forbidden api access detected on frontend-app,HTTP 403
permission denied while accessing endpoint on auth-service,HTTP 403
http 403 returned from server on frontend-app,HTTP 403
permission denied while accessing endpoint on frontend-app,HTTP 403
http 403 returned from server on db-cluster,HTTP 403
http 403 returned from server on redis-cache,HTTP 403
user forbidden from accessing resource on prod-server-1,HTTP 403
403 forbidden access on kafka-broker,HTTP 403
403 forbidden access on frontend-app,HTTP 403
403 forbidden access on redis-cache,HTTP 403
403 forbidden access on prod-server-2,HTTP 403
authorization failed with 403 on prod-server-1,HTTP 403
http 403 returned from server on redis-cache,HTTP 403
authorization failed with 403 on prod-server-2,HTTP 403
http 403 returned from server on frontend-app,HTTP 403
403 forbidden access on frontend-app,HTTP 403
403 forbidden access on kafka-broker,HTTP 403
http 403 returned from server on redis-cache,HTTP 403
permission denied while accessing endpoint on redis-cache,HTTP 403
403 forbidden access on redis-cache,HTTP 403
http 403 returned from server on payment-service,HTTP 403
permission denied while accessing endpoint on k8s-node-4,HTTP 403
403 forbidden access on frontend-app,HTTP 403
user forbidden from accessing resource on prod-server-1,HTTP 403
403 forbidden access on kafka-broker,HTTP 403
403 forbidden access on frontend-app,HTTP 403
authorization failed with 403 on payment-service,HTTP 403
forbidden api access detected on k8s-node-4,HTTP 403
http 403 returned from server on frontend-app,HTTP 403
forbidden api access detected on auth-service,HTTP 403
authorization failed with 403 on prod-server-2,HTTP 403
403 forbidden access on payment-service,HTTP 403
403 forbidden access on api-gateway,HTTP 403
http 403 returned from server on auth-service,HTTP 403
authorization failed with 403 on frontend-app,HTTP 403
http 403 returned from server on payment-service,HTTP 403
forbidden api access detected on redis-cache,HTTP 403
user forbidden from accessing resource on db-cluster,HTTP 403
user forbidden from accessing resource on auth-service,HTTP 403
403 forbidden access on payment-service,HTTP 403
user forbidden from accessing resource on payment-service,HTTP 403
authorization failed with 403 on redis-cache,HTTP 403
user forbidden from accessing resource on payment-service,HTTP 403
permission denied while accessing endpoint on db-cluster,HTTP 403
http 403 returned from server on kafka-broker,HTTP 403
403 forbidden access on auth-service,HTTP 403
http 403 returned from server on prod-server-1,HTTP 403
permission denied while accessing endpoint on auth-service,HTTP 403
authorization failed with 403 on k8s-node-4,HTTP 403
forbidden api access detected on auth-service,HTTP 403
user forbidden from accessing resource on api-gateway,HTTP 403
authorization failed with 403 on prod-server-1,HTTP 403
permission denied while accessing endpoint on db-cluster,HTTP 403
authorization failed with 403 on prod-server-2,HTTP 403
forbidden api access detected on auth-service,HTTP 403
http 403 returned from server on redis-cache,HTTP 403
forbidden api access detected on db-cluster,HTTP 403
forbidden api access detected on prod-server-2,HTTP 403
forbidden api access detected on payment-service,HTTP 403
403 forbidden access on api-gateway,HTTP 403
user forbidden from accessing resource on k8s-node-4,HTTP 403
forbidden api access detected on payment-service,HTTP 403
forbidden api access detected on redis-cache,HTTP 403
permission denied while accessing endpoint on k8s-node-4,HTTP 403
authorization failed with 403 on kafka-broker,HTTP 403
forbidden api access detected on db-cluster,HTTP 403
http 403 returned from server on db-cluster,HTTP 403
user forbidden from accessing resource on k8s-node-4,HTTP 403
403 forbidden access on auth-service,HTTP 403
permission denied while accessing endpoint on payment-service,HTTP 403
authorization failed with 403 on payment-service,HTTP 403
authorization failed with 403 on api-gateway,HTTP 403
forbidden api access detected on db-cluster,HTTP 403
forbidden api access detected on payment-service,HTTP 403
http 403 returned from server on k8s-node-4,HTTP 403
authorization failed with 403 on kafka-broker,HTTP 403
403 forbidden access on frontend-app,HTTP 403
authorization failed with 403 on api-gateway,HTTP 403
user forbidden from accessing resource on k8s-node-4,HTTP 403
forbidden api access detected on prod-server-2,HTTP 403
authorization failed with 403 on redis-cache,HTTP 403
authorization failed with 403 on db-cluster,HTTP 403
authorization failed with 403 on prod-server-2,HTTP 403
user forbidden from accessing resource on kafka-broker,HTTP 403
http 403 returned from server on kafka-broker,HTTP 403
permission denied while accessing endpoint on prod-server-2,HTTP 403
user forbidden from accessing resource on payment-service,HTTP 403
http 403 returned from server on frontend-app,HTTP 403
forbidden api access detected on redis-cache,HTTP 403
http 403 returned from server on payment-service,HTTP 403
forbidden api access detected on api-gateway,HTTP 403
permission denied while accessing endpoint on db-cluster,HTTP 403
user forbidden from accessing resource on kafka-broker,HTTP 403
http 403 returned from server on api-gateway,HTTP 403
permission denied while accessing endpoint on redis-cache,HTTP 403
permission denied while accessing endpoint on redis-cache,HTTP 403
authorization failed with 403 on prod-server-2,HTTP 403
permission denied while accessing endpoint on api-gateway,HTTP 403
forbidden api access detected on k8s-node-4,HTTP 403
403 forbidden access on prod-server-2,HTTP 403
http 403 returned from server on prod-server-2,HTTP 403
403 forbidden access on redis-cache,HTTP 403
http 403 returned from server on redis-cache,HTTP 403
http 403 returned from server on prod-server-2,HTTP 403
http 403 returned from server on prod-server-2,HTTP 403
user forbidden from accessing resource on prod-server-2,HTTP 403
http 403 returned from server on api-gateway,HTTP 403
403 forbidden access on api-gateway,HTTP 403
authorization failed with 403 on payment-service,HTTP 403
403 forbidden access on kafka-broker,HTTP 403
permission denied while accessing endpoint on redis-cache,HTTP 403
forbidden api access detected on prod-server-1,HTTP 403
user forbidden from accessing resource on api-gateway,HTTP 403
user forbidden from accessing resource on kafka-broker,HTTP 403
forbidden api access detected on prod-server-1,HTTP 403
authorization failed with 403 on redis-cache,HTTP 403
permission denied while accessing endpoint on payment-service,HTTP 403
authorization failed with 403 on payment-service,HTTP 403
user forbidden from accessing resource on k8s-node-4,HTTP 403
permission denied while accessing endpoint on kafka-broker,HTTP 403
authorization failed with 403 on prod-server-2,HTTP 403
forbidden api access detected on frontend-app,HTTP 403
http 403 returned from server on redis-cache,HTTP 403
user forbidden from accessing resource on kafka-broker,HTTP 403
user forbidden from accessing resource on payment-service,HTTP 403
authorization failed with 403 on frontend-app,HTTP 403
user forbidden from accessing resource on k8s-node-4,HTTP 403
user forbidden from accessing resource on api-gateway,HTTP 403
http 403 returned from server on prod-server-2,HTTP 403
authorization failed with 403 on prod-server-2,HTTP 403
permission denied while accessing endpoint on db-cluster,HTTP 403
user forbidden from accessing resource on db-cluster,HTTP 403
forbidden api access detected on db-cluster,HTTP 403
user forbidden from accessing resource on prod-server-1,HTTP 403
forbidden api access detected on k8s-node-4,HTTP 403
forbidden api access detected on payment-service,HTTP 403
http 403 returned from server on api-gateway,HTTP 403
403 forbidden access on k8s-node-4,HTTP 403
forbidden api access detected on kafka-broker,HTTP 403
http 403 returned from server on prod-server-1,HTTP 403
permission denied while accessing endpoint on frontend-app,HTTP 403
http 403 returned from server on frontend-app,HTTP 403
authorization failed with 403 on auth-service,HTTP 403
forbidden api access detected on frontend-app,HTTP 403
http 403 returned from server on db-cluster,HTTP 403
user forbidden from accessing resource on prod-server-2,HTTP 403
forbidden api access detected on kafka-broker,HTTP 403
403 forbidden access on redis-cache,HTTP 403
permission denied while accessing endpoint on auth-service,HTTP 403
http 403 returned from server on redis-cache,HTTP 403
http 403 returned from server on auth-service,HTTP 403
forbidden api access detected on prod-server-1,HTTP 403
http 403 returned from server on prod-server-1,HTTP 403
permission denied while accessing endpoint on kafka-broker,HTTP 403
user forbidden from accessing resource on payment-service,HTTP 403
http 403 returned from server on auth-service,HTTP 403
permission denied while accessing endpoint on prod-server-2,HTTP 403
forbidden api access detected on auth-service,HTTP 403
forbidden api access detected on db-cluster,HTTP 403
user forbidden from accessing resource on prod-server-1,HTTP 403
forbidden api access detected on redis-cache,HTTP 403
403 forbidden access on api-gateway,HTTP 403
403 forbidden access on payment-service,HTTP 403
user forbidden from accessing resource on api-gateway,HTTP 403
permission denied while accessing endpoint on kafka-broker,HTTP 403
user forbidden from accessing resource on kafka-broker,HTTP 403
403 forbidden access on kafka-broker,HTTP 403
http 403 returned from server on frontend-app,HTTP 403
user forbidden from accessing resource on kafka-broker,HTTP 403
user forbidden from accessing resource on prod-server-1,HTTP 403
user forbidden from accessing resource on auth-service,HTTP 403
http 403 returned from server on kafka-broker,HTTP 403
authorization failed with 403 on api-gateway,HTTP 403
permission denied while accessing endpoint on api-gateway,HTTP 403
permission denied while accessing endpoint on api-gateway,HTTP 403
authorization failed with 403 on kafka-broker,HTTP 403
permission denied while accessing endpoint on payment-service,HTTP 403
http 403 returned from server on payment-service,HTTP 403
http 403 returned from server on prod-server-2,HTTP 403
http 403 returned from server on kafka-broker,HTTP 403
403 forbidden access on api-gateway,HTTP 403
user forbidden from accessing resource on prod-server-2,HTTP 403
forbidden api access detected on auth-service,HTTP 403
authorization failed with 403 on api-gateway,HTTP 403
http 403 returned from server on frontend-app,HTTP 403
403 forbidden access on api-gateway,HTTP 403
http 403 returned from server on db-cluster,HTTP 403
http 403 returned from server on prod-server-2,HTTP 403
403 forbidden access on prod-server-2,HTTP 403
user forbidden from accessing resource on redis-cache,HTTP 403
authorization failed with 403 on api-gateway,HTTP 403
403 forbidden access on redis-cache,HTTP 403
authorization failed with 403 on redis-cache,HTTP 403
authorization failed with 403 on payment-service,HTTP 403
403 forbidden access on prod-server-1,HTTP 403
permission denied while accessing endpoint on auth-service,HTTP 403
http 403 returned from server on k8s-node-4,HTTP 403
forbidden api access detected on payment-service,HTTP 403
http 403 returned from server on prod-server-2,HTTP 403
permission denied while accessing endpoint on redis-cache,HTTP 403
permission denied while accessing endpoint on prod-server-2,HTTP 403
403 forbidden access on auth-service,HTTP 403
http 403 returned from server on prod-server-2,HTTP 403
forbidden api access detected on k8s-node-4,HTTP 403
forbidden api access detected on prod-server-1,HTTP 403
403 forbidden access on auth-service,HTTP 403
403 forbidden access on k8s-node-4,HTTP 403
authorization failed with 403 on prod-server-1,HTTP 403
403 forbidden access on k8s-node-4,HTTP 403
user forbidden from accessing resource on auth-service,HTTP 403
user forbidden from accessing resource on db-cluster,HTTP 403
user forbidden from accessing resource on db-cluster,HTTP 403
http 403 returned from server on redis-cache,HTTP 403
authorization failed with 403 on auth-service,HTTP 403
user forbidden from accessing resource on prod-server-2,HTTP 403
forbidden api access detected on prod-server-2,HTTP 403
403 forbidden access on api-gateway,HTTP 403
authorization failed with 403 on api-gateway,HTTP 403
forbidden api access detected on prod-server-1,HTTP 403
user forbidden from accessing resource on api-gateway,HTTP 403
403 forbidden access on auth-service,HTTP 403
authorization failed with 403 on api-gateway,HTTP 403
permission denied while accessing endpoint on frontend-app,HTTP 403
403 forbidden access on redis-cache,HTTP 403
403 forbidden access on frontend-app,HTTP 403
forbidden api access detected on prod-server-2,HTTP 403
403 forbidden access on auth-service,HTTP 403
http 403 returned from server on auth-service,HTTP 403
authorization failed with 403 on api-gateway,HTTP 403
authorization failed with 403 on frontend-app,HTTP 403
403 forbidden access on kafka-broker,HTTP 403
permission denied while accessing endpoint on payment-service,HTTP 403
forbidden api access detected on k8s-node-4,HTTP 403
permission denied while accessing endpoint on payment-service,HTTP 403
403 forbidden access on prod-server-1,HTTP 403
http 403 returned from server on api-gateway,HTTP 403
forbidden api access detected on prod-server-2,HTTP 403
403 forbidden access on api-gateway,HTTP 403
permission denied while accessing endpoint on db-cluster,HTTP 403
403 forbidden access on api-gateway,HTTP 403
forbidden api access detected on api-gateway,HTTP 403
permission denied while accessing endpoint on k8s-node-4,HTTP 403
user forbidden from accessing resource on payment-service,HTTP 403
authorization failed with 403 on kafka-broker,HTTP 403
http 403 returned from server on k8s-node-4,HTTP 403
forbidden api access detected on redis-cache,HTTP 403
403 forbidden access on kafka-broker,HTTP 403
http 403 returned from server on payment-service,HTTP 403
403 forbidden access on prod-server-1,HTTP 403
authorization failed with 403 on k8s-node-4,HTTP 403
forbidden api access detected on k8s-node-4,HTTP 403
403 forbidden access on prod-server-1,HTTP 403
user forbidden from accessing resource on frontend-app,HTTP 403
user forbidden from accessing resource on prod-server-1,HTTP 403
forbidden api access detected on prod-server-1,HTTP 403
forbidden api access detected on kafka-broker,HTTP 403
permission denied while accessing endpoint on frontend-app,HTTP 403
authorization failed with 403 on frontend-app,HTTP 403
forbidden api access detected on k8s-node-4,HTTP 403
forbidden api access detected on prod-server-1,HTTP 403
permission denied while accessing endpoint on payment-service,HTTP 403
http 403 returned from server on auth-service,HTTP 403
http 403 returned from server on kafka-broker,HTTP 403
user forbidden from accessing resource on kafka-broker,HTTP 403
user forbidden from accessing resource on kafka-broker,HTTP 403
user forbidden from accessing resource on frontend-app,HTTP 403
permission denied while accessing endpoint on auth-service,HTTP 403
permission denied while accessing endpoint on frontend-app,HTTP 403
403 forbidden access on redis-cache,HTTP 403
http 403 returned from server on db-cluster,HTTP 403
authorization failed with 403 on auth-service,HTTP 403
403 forbidden access on k8s-node-4,HTTP 403
forbidden api access detected on auth-service,HTTP 403
authorization failed with 403 on kafka-broker,HTTP 403
http 403 returned from server on frontend-app,HTTP 403
403 forbidden access on prod-server-1,HTTP 403
http 403 returned from server on frontend-app,HTTP 403
403 forbidden access on payment-service,HTTP 403
http 403 returned from server on frontend-app,HTTP 403
forbidden api access detected on prod-server-1,HTTP 403
permission denied while accessing endpoint on api-gateway,HTTP 403
403 forbidden access on prod-server-1,HTTP 403
user forbidden from accessing resource on kafka-broker,HTTP 403
permission denied while accessing endpoint on frontend-app,HTTP 403
forbidden api access detected on api-gateway,HTTP 403
http 403 returned from server on redis-cache,HTTP 403
http 403 returned from server on db-cluster,HTTP 403
forbidden api access detected on prod-server-2,HTTP 403
user forbidden from accessing resource on api-gateway,HTTP 403
authorization failed with 403 on payment-service,HTTP 403
http 403 returned from server on db-cluster,HTTP 403
permission denied while accessing endpoint on api-gateway,HTTP 403
user forbidden from accessing resource on payment-service,HTTP 403
forbidden api access detected on payment-service,HTTP 403
permission denied while accessing endpoint on k8s-node-4,HTTP 403
user forbidden from accessing resource on auth-service,HTTP 403
permission denied while accessing endpoint on frontend-app,HTTP 403
authorization failed with 403 on prod-server-2,HTTP 403
user forbidden from accessing resource on prod-server-1,HTTP 403
authorization failed with 403 on kafka-broker,HTTP 403
permission denied while accessing endpoint on auth-service,HTTP 403
user forbidden from accessing resource on prod-server-2,HTTP 403
forbidden api access detected on api-gateway,HTTP 403
http 403 returned from server on frontend-app,HTTP 403
forbidden api access detected on auth-service,HTTP 403
user forbidden from accessing resource on api-gateway,HTTP 403
403 forbidden access on k8s-node-4,HTTP 403
user forbidden from accessing resource on redis-cache,HTTP 403
403 forbidden access on payment-service,HTTP 403
permission denied while accessing endpoint on payment-service,HTTP 403
authorization failed with 403 on k8s-node-4,HTTP 403
user forbidden from accessing resource on prod-server-2,HTTP 403
forbidden api access detected on auth-service,HTTP 403
user forbidden from accessing resource on prod-server-1,HTTP 403
authorization failed with 403 on prod-server-1,HTTP 403
user forbidden from accessing resource on kafka-broker,HTTP 403
user forbidden from accessing resource on frontend-app,HTTP 403
permission denied while accessing endpoint on db-cluster,HTTP 403
forbidden api access detected on redis-cache,HTTP 403
permission denied while accessing endpoint on payment-service,HTTP 403
authorization failed with 403 on redis-cache,HTTP 403
permission denied while accessing endpoint on frontend-app,HTTP 403
forbidden api access detected on frontend-app,HTTP 403
permission denied while accessing endpoint on prod-server-1,HTTP 403
authorization failed with 403 on api-gateway,HTTP 403
http 403 returned from server on prod-server-2,HTTP 403
http 403 returned from server on redis-cache,HTTP 403
http 403 returned from server on redis-cache,HTTP 403
authorization failed with 403 on prod-server-2,HTTP 403
forbidden api access detected on auth-service,HTTP 403
user forbidden from accessing resource on kafka-broker,HTTP 403
authorization failed with 403 on redis-cache,HTTP 403
404 page not found on payment-service,HTTP 404
404 page not found on auth-service,HTTP 404
url not found on server on payment-service,HTTP 404
requested api endpoint unavailable on prod-server-1,HTTP 404
missing route detected on k8s-node-4,HTTP 404
url not found on server on frontend-app,HTTP 404
resource endpoint missing on auth-service,HTTP 404
http 404 returned from service on frontend-app,HTTP 404
requested api endpoint unavailable on payment-service,HTTP 404
requested api endpoint unavailable on prod-server-2,HTTP 404
url not found on server on auth-service,HTTP 404
url not found on server on auth-service,HTTP 404
url not found on server on redis-cache,HTTP 404
404 page not found on auth-service,HTTP 404
url not found on server on api-gateway,HTTP 404
http 404 returned from service on payment-service,HTTP 404
missing route detected on frontend-app,HTTP 404
requested api endpoint unavailable on payment-service,HTTP 404
url not found on server on redis-cache,HTTP 404
resource endpoint missing on auth-service,HTTP 404
404 page not found on auth-service,HTTP 404
missing route detected on api-gateway,HTTP 404
missing route detected on prod-server-1,HTTP 404
missing route detected on payment-service,HTTP 404
url not found on server on redis-cache,HTTP 404
404 page not found on auth-service,HTTP 404
missing route detected on redis-cache,HTTP 404
404 page not found on api-gateway,HTTP 404
url not found on server on prod-server-1,HTTP 404
missing route detected on redis-cache,HTTP 404
missing route detected on prod-server-1,HTTP 404
404 page not found on redis-cache,HTTP 404
http 404 returned from service on payment-service,HTTP 404
missing route detected on frontend-app,HTTP 404
requested api endpoint unavailable on redis-cache,HTTP 404
requested api endpoint unavailable on prod-server-2,HTTP 404
404 page not found on kafka-broker,HTTP 404
resource endpoint missing on frontend-app,HTTP 404
missing route detected on prod-server-1,HTTP 404
url not found on server on payment-service,HTTP 404
requested api endpoint unavailable on prod-server-2,HTTP 404
http 404 returned from service on auth-service,HTTP 404
url not found on server on prod-server-2,HTTP 404
404 page not found on k8s-node-4,HTTP 404
url not found on server on k8s-node-4,HTTP 404
resource endpoint missing on auth-service,HTTP 404
url not found on server on frontend-app,HTTP 404
missing route detected on auth-service,HTTP 404
requested api endpoint unavailable on prod-server-2,HTTP 404
http 404 returned from service on payment-service,HTTP 404
url not found on server on prod-server-2,HTTP 404
missing route detected on kafka-broker,HTTP 404
http 404 returned from service on auth-service,HTTP 404
url not found on server on prod-server-1,HTTP 404
requested api endpoint unavailable on frontend-app,HTTP 404
404 page not found on redis-cache,HTTP 404
http 404 returned from service on auth-service,HTTP 404
url not found on server on prod-server-2,HTTP 404
resource endpoint missing on payment-service,HTTP 404
url not found on server on redis-cache,HTTP 404
404 page not found on api-gateway,HTTP 404
404 page not found on db-cluster,HTTP 404
requested api endpoint unavailable on db-cluster,HTTP 404
resource endpoint missing on kafka-broker,HTTP 404
missing route detected on frontend-app,HTTP 404
resource endpoint missing on k8s-node-4,HTTP 404
missing route detected on db-cluster,HTTP 404
resource endpoint missing on frontend-app,HTTP 404
http 404 returned from service on prod-server-1,HTTP 404
404 page not found on auth-service,HTTP 404
missing route detected on db-cluster,HTTP 404
missing route detected on api-gateway,HTTP 404
missing route detected on kafka-broker,HTTP 404
missing route detected on redis-cache,HTTP 404
http 404 returned from service on prod-server-1,HTTP 404
requested api endpoint unavailable on redis-cache,HTTP 404
missing route detected on kafka-broker,HTTP 404
404 page not found on kafka-broker,HTTP 404
url not found on server on kafka-broker,HTTP 404
missing route detected on payment-service,HTTP 404
404 page not found on db-cluster,HTTP 404
url not found on server on frontend-app,HTTP 404
url not found on server on auth-service,HTTP 404
404 page not found on auth-service,HTTP 404
requested api endpoint unavailable on frontend-app,HTTP 404
resource endpoint missing on k8s-node-4,HTTP 404
404 page not found on auth-service,HTTP 404
url not found on server on payment-service,HTTP 404
404 page not found on auth-service,HTTP 404
http 404 returned from service on k8s-node-4,HTTP 404
http 404 returned from service on kafka-broker,HTTP 404
resource endpoint missing on k8s-node-4,HTTP 404
url not found on server on k8s-node-4,HTTP 404
url not found on server on api-gateway,HTTP 404
http 404 returned from service on k8s-node-4,HTTP 404
missing route detected on redis-cache,HTTP 404
http 404 returned from service on payment-service,HTTP 404
requested api endpoint unavailable on frontend-app,HTTP 404
http 404 returned from service on redis-cache,HTTP 404
404 page not found on k8s-node-4,HTTP 404
resource endpoint missing on prod-server-1,HTTP 404
http 404 returned from service on api-gateway,HTTP 404
url not found on server on payment-service,HTTP 404
missing route detected on prod-server-1,HTTP 404
url not found on server on api-gateway,HTTP 404
http 404 returned from service on auth-service,HTTP 404
requested api endpoint unavailable on auth-service,HTTP 404
url not found on server on api-gateway,HTTP 404
http 404 returned from service on db-cluster,HTTP 404
missing route detected on prod-server-2,HTTP 404
url not found on server on prod-server-1,HTTP 404
url not found on server on frontend-app,HTTP 404
requested api endpoint unavailable on frontend-app,HTTP 404
http 404 returned from service on auth-service,HTTP 404
requested api endpoint unavailable on k8s-node-4,HTTP 404
404 page not found on api-gateway,HTTP 404
resource endpoint missing on frontend-app,HTTP 404
resource endpoint missing on api-gateway,HTTP 404
url not found on server on k8s-node-4,HTTP 404
resource endpoint missing on kafka-broker,HTTP 404
requested api endpoint unavailable on api-gateway,HTTP 404
missing route detected on prod-server-2,HTTP 404
resource endpoint missing on prod-server-2,HTTP 404
url not found on server on kafka-broker,HTTP 404
http 404 returned from service on kafka-broker,HTTP 404
url not found on server on redis-cache,HTTP 404
http 404 returned from service on payment-service,HTTP 404
resource endpoint missing on db-cluster,HTTP 404
resource endpoint missing on frontend-app,HTTP 404
resource endpoint missing on payment-service,HTTP 404
http 404 returned from service on db-cluster,HTTP 404
resource endpoint missing on prod-server-2,HTTP 404
http 404 returned from service on auth-service,HTTP 404
missing route detected on frontend-app,HTTP 404
missing route detected on k8s-node-4,HTTP 404
http 404 returned from service on auth-service,HTTP 404
missing route detected on db-cluster,HTTP 404
404 page not found on payment-service,HTTP 404
resource endpoint missing on kafka-broker,HTTP 404
resource endpoint missing on frontend-app,HTTP 404
resource endpoint missing on auth-service,HTTP 404
http 404 returned from service on frontend-app,HTTP 404
resource endpoint missing on prod-server-2,HTTP 404
404 page not found on payment-service,HTTP 404
404 page not found on redis-cache,HTTP 404
404 page not found on prod-server-2,HTTP 404
url not found on server on prod-server-1,HTTP 404
404 page not found on k8s-node-4,HTTP 404
url not found on server on prod-server-2,HTTP 404
404 page not found on kafka-broker,HTTP 404
http 404 returned from service on frontend-app,HTTP 404
404 page not found on redis-cache,HTTP 404
url not found on server on db-cluster,HTTP 404
requested api endpoint unavailable on k8s-node-4,HTTP 404
http 404 returned from service on prod-server-1,HTTP 404
404 page not found on api-gateway,HTTP 404
requested api endpoint unavailable on k8s-node-4,HTTP 404
missing route detected on k8s-node-4,HTTP 404
404 page not found on prod-server-1,HTTP 404
404 page not found on api-gateway,HTTP 404
url not found on server on db-cluster,HTTP 404
url not found on server on frontend-app,HTTP 404
404 page not found on auth-service,HTTP 404
url not found on server on api-gateway,HTTP 404
http 404 returned from service on auth-service,HTTP 404
missing route detected on payment-service,HTTP 404
url not found on server on kafka-broker,HTTP 404
url not found on server on db-cluster,HTTP 404
http 404 returned from service on kafka-broker,HTTP 404
url not found on server on kafka-broker,HTTP 404
404 page not found on frontend-app,HTTP 404
missing route detected on k8s-node-4,HTTP 404
404 page not found on db-cluster,HTTP 404
requested api endpoint unavailable on api-gateway,HTTP 404
requested api endpoint unavailable on auth-service,HTTP 404
missing route detected on prod-server-1,HTTP 404
missing route detected on prod-server-2,HTTP 404
requested api endpoint unavailable on prod-server-2,HTTP 404
http 404 returned from service on auth-service,HTTP 404
requested api endpoint unavailable on payment-service,HTTP 404
resource endpoint missing on prod-server-2,HTTP 404
404 page not found on db-cluster,HTTP 404
resource endpoint missing on prod-server-2,HTTP 404
http 404 returned from service on db-cluster,HTTP 404
http 404 returned from service on prod-server-1,HTTP 404
resource endpoint missing on db-cluster,HTTP 404
url not found on server on kafka-broker,HTTP 404
http 404 returned from service on kafka-broker,HTTP 404
http 404 returned from service on kafka-broker,HTTP 404
missing route detected on db-cluster,HTTP 404
requested api endpoint unavailable on frontend-app,HTTP 404
missing route detected on auth-service,HTTP 404
resource endpoint missing on kafka-broker,HTTP 404
http 404 returned from service on prod-server-1,HTTP 404
404 page not found on k8s-node-4,HTTP 404
404 page not found on prod-server-1,HTTP 404
resource endpoint missing on prod-server-1,HTTP 404
resource endpoint missing on frontend-app,HTTP 404
resource endpoint missing on payment-service,HTTP 404
requested api endpoint unavailable on auth-service,HTTP 404
missing route detected on api-gateway,HTTP 404
http 404 returned from service on prod-server-1,HTTP 404
requested api endpoint unavailable on k8s-node-4,HTTP 404
404 page not found on db-cluster,HTTP 404
requested api endpoint unavailable on prod-server-1,HTTP 404
requested api endpoint unavailable on prod-server-1,HTTP 404
url not found on server on redis-cache,HTTP 404
url not found on server on api-gateway,HTTP 404
http 404 returned from service on api-gateway,HTTP 404
requested api endpoint unavailable on kafka-broker,HTTP 404
missing route detected on kafka-broker,HTTP 404
http 404 returned from service on prod-server-2,HTTP 404
missing route detected on k8s-node-4,HTTP 404
missing route detected on auth-service,HTTP 404
http 404 returned from service on frontend-app,HTTP 404
resource endpoint missing on prod-server-1,HTTP 404
http 404 returned from service on prod-server-1,HTTP 404
404 page not found on api-gateway,HTTP 404
resource endpoint missing on api-gateway,HTTP 404
http 404 returned from service on redis-cache,HTTP 404
resource endpoint missing on payment-service,HTTP 404
http 404 returned from service on prod-server-1,HTTP 404
requested api endpoint unavailable on api-gateway,HTTP 404
http 404 returned from service on auth-service,HTTP 404
url not found on server on redis-cache,HTTP 404
url not found on server on k8s-node-4,HTTP 404
requested api endpoint unavailable on api-gateway,HTTP 404
requested api endpoint unavailable on prod-server-1,HTTP 404
missing route detected on redis-cache,HTTP 404
url not found on server on payment-service,HTTP 404
resource endpoint missing on api-gateway,HTTP 404
http 404 returned from service on db-cluster,HTTP 404
missing route detected on frontend-app,HTTP 404
resource endpoint missing on auth-service,HTTP 404
missing route detected on auth-service,HTTP 404
url not found on server on redis-cache,HTTP 404
resource endpoint missing on prod-server-1,HTTP 404
404 page not found on kafka-broker,HTTP 404
http 404 returned from service on prod-server-2,HTTP 404
requested api endpoint unavailable on auth-service,HTTP 404
missing route detected on kafka-broker,HTTP 404
404 page not found on auth-service,HTTP 404
404 page not found on db-cluster,HTTP 404
resource endpoint missing on k8s-node-4,HTTP 404
url not found on server on kafka-broker,HTTP 404
resource endpoint missing on auth-service,HTTP 404
url not found on server on db-cluster,HTTP 404
404 page not found on auth-service,HTTP 404
http 404 returned from service on kafka-broker,HTTP 404
requested api endpoint unavailable on prod-server-1,HTTP 404
resource endpoint missing on kafka-broker,HTTP 404
resource endpoint missing on frontend-app,HTTP 404
url not found on server on prod-server-2,HTTP 404
http 404 returned from service on k8s-node-4,HTTP 404
404 page not found on payment-service,HTTP 404
requested api endpoint unavailable on prod-server-1,HTTP 404
requested api endpoint unavailable on k8s-node-4,HTTP 404
url not found on server on frontend-app,HTTP 404
missing route detected on api-gateway,HTTP 404
missing route detected on auth-service,HTTP 404
resource endpoint missing on redis-cache,HTTP 404
http 404 returned from service on api-gateway,HTTP 404
url not found on server on k8s-node-4,HTTP 404
url not found on server on prod-server-2,HTTP 404
resource endpoint missing on redis-cache,HTTP 404
requested api endpoint unavailable on kafka-broker,HTTP 404
http 404 returned from service on prod-server-2,HTTP 404
requested api endpoint unavailable on db-cluster,HTTP 404
resource endpoint missing on frontend-app,HTTP 404
requested api endpoint unavailable on kafka-broker,HTTP 404
missing route detected on kafka-broker,HTTP 404
url not found on server on kafka-broker,HTTP 404
http 404 returned from service on prod-server-1,HTTP 404
404 page not found on api-gateway,HTTP 404
404 page not found on k8s-node-4,HTTP 404
resource endpoint missing on frontend-app,HTTP 404
404 page not found on k8s-node-4,HTTP 404
missing route detected on k8s-node-4,HTTP 404
missing route detected on payment-service,HTTP 404
404 page not found on prod-server-1,HTTP 404
requested api endpoint unavailable on k8s-node-4,HTTP 404
url not found on server on auth-service,HTTP 404
url not found on server on prod-server-2,HTTP 404
url not found on server on frontend-app,HTTP 404
requested api endpoint unavailable on auth-service,HTTP 404
404 page not found on db-cluster,HTTP 404
requested api endpoint unavailable on k8s-node-4,HTTP 404
url not found on server on kafka-broker,HTTP 404
missing route detected on kafka-broker,HTTP 404
404 page not found on api-gateway,HTTP 404
http 404 returned from service on db-cluster,HTTP 404
resource endpoint missing on db-cluster,HTTP 404
url not found on server on kafka-broker,HTTP 404
404 page not found on prod-server-2,HTTP 404
requested api endpoint unavailable on prod-server-2,HTTP 404
requested api endpoint unavailable on payment-service,HTTP 404
404 page not found on frontend-app,HTTP 404
resource endpoint missing on frontend-app,HTTP 404
http 404 returned from service on frontend-app,HTTP 404
url not found on server on payment-service,HTTP 404
http 404 returned from service on k8s-node-4,HTTP 404
requested api endpoint unavailable on payment-service,HTTP 404
missing route detected on prod-server-2,HTTP 404
missing route detected on api-gateway,HTTP 404
requested api endpoint unavailable on prod-server-1,HTTP 404
resource endpoint missing on prod-server-2,HTTP 404
url not found on server on payment-service,HTTP 404
http 404 returned from service on db-cluster,HTTP 404
resource endpoint missing on kafka-broker,HTTP 404
requested api endpoint unavailable on auth-service,HTTP 404
resource endpoint missing on auth-service,HTTP 404
missing route detected on redis-cache,HTTP 404
url not found on server on kafka-broker,HTTP 404
404 page not found on redis-cache,HTTP 404
url not found on server on frontend-app,HTTP 404
404 page not found on redis-cache,HTTP 404
resource endpoint missing on db-cluster,HTTP 404
requested api endpoint unavailable on payment-service,HTTP 404
resource endpoint missing on kafka-broker,HTTP 404
requested api endpoint unavailable on payment-service,HTTP 404
404 page not found on kafka-broker,HTTP 404
404 page not found on frontend-app,HTTP 404
resource endpoint missing on api-gateway,HTTP 404
404 page not found on db-cluster,HTTP 404
url not found on server on prod-server-1,HTTP 404
resource endpoint missing on redis-cache,HTTP 404
requested api endpoint unavailable on k8s-node-4,HTTP 404
404 page not found on k8s-node-4,HTTP 404
requested api endpoint unavailable on db-cluster,HTTP 404
requested api endpoint unavailable on frontend-app,HTTP 404
404 page not found on db-cluster,HTTP 404
missing route detected on api-gateway,HTTP 404
404 page not found on prod-server-2,HTTP 404
resource endpoint missing on frontend-app,HTTP 404
url not found on server on payment-service,HTTP 404
404 page not found on db-cluster,HTTP 404
requested api endpoint unavailable on auth-service,HTTP 404
url not found on server on kafka-broker,HTTP 404
missing route detected on prod-server-1,HTTP 404
missing route detected on prod-server-1,HTTP 404
missing route detected on kafka-broker,HTTP 404
404 page not found on kafka-broker,HTTP 404
resource endpoint missing on k8s-node-4,HTTP 404
missing route detected on frontend-app,HTTP 404
requested api endpoint unavailable on api-gateway,HTTP 404
http 404 returned from service on api-gateway,HTTP 404
404 page not found on prod-server-2,HTTP 404
resource endpoint missing on redis-cache,HTTP 404
404 page not found on auth-service,HTTP 404
url not found on server on redis-cache,HTTP 404
http 404 returned from service on frontend-app,HTTP 404
resource endpoint missing on payment-service,HTTP 404
missing route detected on prod-server-2,HTTP 404
missing route detected on frontend-app,HTTP 404
missing route detected on prod-server-1,HTTP 404
missing route detected on prod-server-1,HTTP 404
requested api endpoint unavailable on payment-service,HTTP 404
resource endpoint missing on k8s-node-4,HTTP 404
url not found on server on frontend-app,HTTP 404
404 page not found on api-gateway,HTTP 404
http 404 returned from service on db-cluster,HTTP 404
url not found on server on kafka-broker,HTTP 404
resource endpoint missing on api-gateway,HTTP 404
missing route detected on prod-server-2,HTTP 404
resource endpoint missing on kafka-broker,HTTP 404
url not found on server on api-gateway,HTTP 404
http 404 returned from service on redis-cache,HTTP 404
resource endpoint missing on redis-cache,HTTP 404
missing route detected on payment-service,HTTP 404
requested api endpoint unavailable on payment-service,HTTP 404
404 page not found on api-gateway,HTTP 404
404 page not found on k8s-node-4,HTTP 404
url not found on server on prod-server-1,HTTP 404
requested api endpoint unavailable on auth-service,HTTP 404
http 404 returned from service on api-gateway,HTTP 404
http 404 returned from service on api-gateway,HTTP 404
404 page not found on db-cluster,HTTP 404
404 page not found on auth-service,HTTP 404
404 page not found on db-cluster,HTTP 404
http 404 returned from service on api-gateway,HTTP 404
url not found on server on auth-service,HTTP 404
url not found on server on payment-service,HTTP 404
resource endpoint missing on redis-cache,HTTP 404
url not found on server on payment-service,HTTP 404
http 404 returned from service on redis-cache,HTTP 404
resource endpoint missing on db-cluster,HTTP 404
url not found on server on auth-service,HTTP 404
url not found on server on kafka-broker,HTTP 404
resource endpoint missing on k8s-node-4,HTTP 404
http 404 returned from service on k8s-node-4,HTTP 404
missing route detected on prod-server-1,HTTP 404
url not found on server on prod-server-1,HTTP 404
missing route detected on k8s-node-4,HTTP 404
requested api endpoint unavailable on kafka-broker,HTTP 404
missing route detected on redis-cache,HTTP 404
missing route detected on prod-server-2,HTTP 404
missing route detected on payment-service,HTTP 404
requested api endpoint unavailable on db-cluster,HTTP 404
requested api endpoint unavailable on k8s-node-4,HTTP 404
requested api endpoint unavailable on k8s-node-4,HTTP 404
404 page not found on auth-service,HTTP 404
resource endpoint missing on auth-service,HTTP 404
404 page not found on redis-cache,HTTP 404
url not found on server on kafka-broker,HTTP 404
missing route detected on auth-service,HTTP 404
missing route detected on frontend-app,HTTP 404
missing route detected on prod-server-1,HTTP 404
404 page not found on frontend-app,HTTP 404
missing route detected on prod-server-1,HTTP 404
requested api endpoint unavailable on redis-cache,HTTP 404
requested api endpoint unavailable on payment-service,HTTP 404
resource endpoint missing on prod-server-2,HTTP 404
missing route detected on prod-server-1,HTTP 404
url not found on server on k8s-node-4,HTTP 404
resource endpoint missing on api-gateway,HTTP 404
requested api endpoint unavailable on prod-server-1,HTTP 404
404 page not found on prod-server-2,HTTP 404
404 page not found on auth-service,HTTP 404
missing route detected on auth-service,HTTP 404
url not found on server on payment-service,HTTP 404
missing route detected on prod-server-2,HTTP 404
url not found on server on api-gateway,HTTP 404
requested api endpoint unavailable on auth-service,HTTP 404
url not found on server on payment-service,HTTP 404
404 page not found on prod-server-1,HTTP 404
http 404 returned from service on frontend-app,HTTP 404
url not found on server on frontend-app,HTTP 404
requested api endpoint unavailable on kafka-broker,HTTP 404
requested api endpoint unavailable on auth-service,HTTP 404
404 page not found on api-gateway,HTTP 404
missing route detected on kafka-broker,HTTP 404
404 page not found on kafka-broker,HTTP 404
http 404 returned from service on api-gateway,HTTP 404
missing route detected on redis-cache,HTTP 404
url not found on server on k8s-node-4,HTTP 404
url not found on server on kafka-broker,HTTP 404
resource endpoint missing on kafka-broker,HTTP 404
http 404 returned from service on auth-service,HTTP 404
404 page not found on k8s-node-4,HTTP 404
url not found on server on redis-cache,HTTP 404
missing route detected on api-gateway,HTTP 404
missing route detected on frontend-app,HTTP 404
requested api endpoint unavailable on k8s-node-4,HTTP 404
url not found on server on api-gateway,HTTP 404
http 404 returned from service on prod-server-2,HTTP 404
missing route detected on db-cluster,HTTP 404
404 page not found on redis-cache,HTTP 404
requested api endpoint unavailable on prod-server-1,HTTP 404
resource endpoint missing on k8s-node-4,HTTP 404
404 page not found on k8s-node-4,HTTP 404
404 page not found on k8s-node-4,HTTP 404
404 page not found on k8s-node-4,HTTP 404
url not found on server on prod-server-1,HTTP 404
404 page not found on kafka-broker,HTTP 404
http 404 returned from service on k8s-node-4,HTTP 404
requested api endpoint unavailable on prod-server-2,HTTP 404
resource endpoint missing on db-cluster,HTTP 404
missing route detected on redis-cache,HTTP 404
requested api endpoint unavailable on payment-service,HTTP 404
url not found on server on redis-cache,HTTP 404
requested api endpoint unavailable on k8s-node-4,HTTP 404
url not found on server on api-gateway,HTTP 404
requested api endpoint unavailable on api-gateway,HTTP 404
resource endpoint missing on auth-service,HTTP 404
404 page not found on auth-service,HTTP 404
resource endpoint missing on k8s-node-4,HTTP 404
resource endpoint missing on redis-cache,HTTP 404
missing route detected on k8s-node-4,HTTP 404
missing route detected on payment-service,HTTP 404
requested api endpoint unavailable on payment-service,HTTP 404
404 page not found on k8s-node-4,HTTP 404
url not found on server on payment-service,HTTP 404
url not found on server on prod-server-1,HTTP 404
http 404 returned from service on payment-service,HTTP 404
404 page not found on prod-server-1,HTTP 404
url not found on server on api-gateway,HTTP 404
http 404 returned from service on api-gateway,HTTP 404
url not found on server on prod-server-1,HTTP 404
404 page not found on db-cluster,HTTP 404
url not found on server on payment-service,HTTP 404
missing route detected on redis-cache,HTTP 404
url not found on server on payment-service,HTTP 404
404 page not found on auth-service,HTTP 404
url not found on server on kafka-broker,HTTP 404
url not found on server on prod-server-2,HTTP 404
url not found on server on api-gateway,HTTP 404
missing route detected on api-gateway,HTTP 404
url not found on server on db-cluster,HTTP 404
http 404 returned from service on api-gateway,HTTP 404
http 404 returned from service on kafka-broker,HTTP 404
404 page not found on frontend-app,HTTP 404
404 page not found on prod-server-1,HTTP 404
url not found on server on redis-cache,HTTP 404
resource endpoint missing on auth-service,HTTP 404
resource endpoint missing on kafka-broker,HTTP 404
url not found on server on payment-service,HTTP 404
http 404 returned from service on frontend-app,HTTP 404
404 page not found on api-gateway,HTTP 404
404 page not found on auth-service,HTTP 404
http 404 returned from service on kafka-broker,HTTP 404
resource endpoint missing on api-gateway,HTTP 404
requested api endpoint unavailable on k8s-node-4,HTTP 404
resource endpoint missing on k8s-node-4,HTTP 404
missing route detected on frontend-app,HTTP 404
requested api endpoint unavailable on k8s-node-4,HTTP 404
resource endpoint missing on kafka-broker,HTTP 404
resource endpoint missing on kafka-broker,HTTP 404
requested api endpoint unavailable on frontend-app,HTTP 404
resource endpoint missing on payment-service,HTTP 404
requested api endpoint unavailable on payment-service,HTTP 404
http 404 returned from service on db-cluster,HTTP 404
requested api endpoint unavailable on db-cluster,HTTP 404
missing route detected on prod-server-1,HTTP 404
url not found on server on frontend-app,HTTP 404
url not found on server on prod-server-2,HTTP 404
404 page not found on prod-server-2,HTTP 404
http 404 returned from service on k8s-node-4,HTTP 404
url not found on server on redis-cache,HTTP 404
404 page not found on prod-server-1,HTTP 404
requested api endpoint unavailable on redis-cache,HTTP 404
missing route detected on redis-cache,HTTP 404
requested api endpoint unavailable on payment-service,HTTP 404
requested api endpoint unavailable on frontend-app,HTTP 404
missing route detected on k8s-node-4,HTTP 404
requested api endpoint unavailable on api-gateway,HTTP 404
url not found on server on payment-service,HTTP 404
resource endpoint missing on api-gateway,HTTP 404
missing route detected on api-gateway,HTTP 404
resource endpoint missing on kafka-broker,HTTP 404
404 page not found on prod-server-1,HTTP 404
missing route detected on frontend-app,HTTP 404
requested api endpoint unavailable on redis-cache,HTTP 404
url not found on server on payment-service,HTTP 404
url not found on server on db-cluster,HTTP 404
requested api endpoint unavailable on frontend-app,HTTP 404
http 404 returned from service on db-cluster,HTTP 404
url not found on server on prod-server-1,HTTP 404
url not found on server on db-cluster,HTTP 404
url not found on server on auth-service,HTTP 404
missing route detected on kafka-broker,HTTP 404
missing route detected on auth-service,HTTP 404
missing route detected on k8s-node-4,HTTP 404
requested api endpoint unavailable on frontend-app,HTTP 404
http 404 returned from service on api-gateway,HTTP 404
requested api endpoint unavailable on redis-cache,HTTP 404
missing route detected on prod-server-2,HTTP 404
resource endpoint missing on frontend-app,HTTP 404
requested api endpoint unavailable on api-gateway,HTTP 404
missing route detected on api-gateway,HTTP 404
resource endpoint missing on prod-server-2,HTTP 404
http 404 returned from service on kafka-broker,HTTP 404
requested api endpoint unavailable on api-gateway,HTTP 404
requested api endpoint unavailable on prod-server-1,HTTP 404
missing route detected on prod-server-2,HTTP 404
resource endpoint missing on k8s-node-4,HTTP 404
resource endpoint missing on k8s-node-4,HTTP 404
404 page not found on auth-service,HTTP 404
resource endpoint missing on prod-server-1,HTTP 404
resource endpoint missing on prod-server-1,HTTP 404
url not found on server on frontend-app,HTTP 404
url not found on server on api-gateway,HTTP 404
requested api endpoint unavailable on redis-cache,HTTP 404
requested api endpoint unavailable on k8s-node-4,HTTP 404
resource endpoint missing on frontend-app,HTTP 404
http 404 returned from service on prod-server-1,HTTP 404
resource endpoint missing on payment-service,HTTP 404
url not found on server on frontend-app,HTTP 404
404 page not found on kafka-broker,HTTP 404
missing route detected on api-gateway,HTTP 404
http 404 returned from service on db-cluster,HTTP 404
404 page not found on payment-service,HTTP 404
requested api endpoint unavailable on prod-server-2,HTTP 404
resource endpoint missing on k8s-node-4,HTTP 404
resource endpoint missing on k8s-node-4,HTTP 404
requested api endpoint unavailable on k8s-node-4,HTTP 404
missing route detected on frontend-app,HTTP 404
url not found on server on redis-cache,HTTP 404
requested api endpoint unavailable on k8s-node-4,HTTP 404
404 page not found on db-cluster,HTTP 404
resource endpoint missing on kafka-broker,HTTP 404
http 404 returned from service on payment-service,HTTP 404
resource endpoint missing on prod-server-2,HTTP 404
url not found on server on auth-service,HTTP 404
requested api endpoint unavailable on frontend-app,HTTP 404
missing route detected on frontend-app,HTTP 404
missing route detected on payment-service,HTTP 404
resource endpoint missing on api-gateway,HTTP 404
url not found on server on prod-server-1,HTTP 404
http 404 returned from service on prod-server-1,HTTP 404
404 page not found on prod-server-1,HTTP 404
requested api endpoint unavailable on frontend-app,HTTP 404
missing route detected on frontend-app,HTTP 404
missing route detected on redis-cache,HTTP 404
missing route detected on k8s-node-4,HTTP 404
requested api endpoint unavailable on frontend-app,HTTP 404
http 404 returned from service on redis-cache,HTTP 404
404 page not found on auth-service,HTTP 404
404 page not found on api-gateway,HTTP 404
resource endpoint missing on auth-service,HTTP 404
resource endpoint missing on k8s-node-4,HTTP 404
missing route detected on payment-service,HTTP 404
404 page not found on prod-server-1,HTTP 404
requested api endpoint unavailable on redis-cache,HTTP 404
url not found on server on prod-server-1,HTTP 404
resource endpoint missing on prod-server-2,HTTP 404
url not found on server on frontend-app,HTTP 404
url not found on server on db-cluster,HTTP 404
url not found on server on payment-service,HTTP 404
404 page not found on prod-server-2,HTTP 404
404 page not found on frontend-app,HTTP 404
url not found on server on kafka-broker,HTTP 404
resource endpoint missing on auth-service,HTTP 404
url not found on server on redis-cache,HTTP 404
url not found on server on api-gateway,HTTP 404
http 404 returned from service on redis-cache,HTTP 404
requested api endpoint unavailable on auth-service,HTTP 404
404 page not found on kafka-broker,HTTP 404
resource endpoint missing on auth-service,HTTP 404
missing route detected on redis-cache,HTTP 404
404 page not found on payment-service,HTTP 404
url not found on server on k8s-node-4,HTTP 404
requested api endpoint unavailable on prod-server-1,HTTP 404
http 404 returned from service on prod-server-1,HTTP 404
missing route detected on frontend-app,HTTP 404
404 page not found on auth-service,HTTP 404
http 404 returned from service on payment-service,HTTP 404
http 404 returned from service on api-gateway,HTTP 404
http 404 returned from service on payment-service,HTTP 404
url not found on server on kafka-broker,HTTP 404
resource endpoint missing on payment-service,HTTP 404
resource endpoint missing on auth-service,HTTP 404
http 404 returned from service on k8s-node-4,HTTP 404
missing route detected on redis-cache,HTTP 404
requested api endpoint unavailable on db-cluster,HTTP 404
url not found on server on prod-server-2,HTTP 404
404 page not found on api-gateway,HTTP 404
resource endpoint missing on prod-server-1,HTTP 404
404 page not found on prod-server-1,HTTP 404
requested api endpoint unavailable on k8s-node-4,HTTP 404
http 404 returned from service on kafka-broker,HTTP 404
resource endpoint missing on prod-server-2,HTTP 404
url not found on server on payment-service,HTTP 404
requested api endpoint unavailable on k8s-node-4,HTTP 404
missing route detected on auth-service,HTTP 404
404 page not found on prod-server-2,HTTP 404
404 page not found on kafka-broker,HTTP 404
url not found on server on redis-cache,HTTP 404
url not found on server on prod-server-1,HTTP 404
http 404 returned from service on api-gateway,HTTP 404
404 page not found on redis-cache,HTTP 404
http 404 returned from service on prod-server-1,HTTP 404
missing route detected on db-cluster,HTTP 404
404 page not found on frontend-app,HTTP 404
resource endpoint missing on redis-cache,HTTP 404
404 page not found on frontend-app,HTTP 404
resource endpoint missing on kafka-broker,HTTP 404
requested api endpoint unavailable on k8s-node-4,HTTP 404
resource endpoint missing on db-cluster,HTTP 404
requested api endpoint unavailable on k8s-node-4,HTTP 404
url not found on server on frontend-app,HTTP 404
resource endpoint missing on prod-server-1,HTTP 404
404 page not found on kafka-broker,HTTP 404
url not found on server on prod-server-2,HTTP 404
requested api endpoint unavailable on db-cluster,HTTP 404
resource endpoint missing on db-cluster,HTTP 404
requested api endpoint unavailable on api-gateway,HTTP 404
url not found on server on prod-server-2,HTTP 404
missing route detected on k8s-node-4,HTTP 404
requested api endpoint unavailable on db-cluster,HTTP 404
404 page not found on db-cluster,HTTP 404
resource endpoint missing on frontend-app,HTTP 404
requested api endpoint unavailable on frontend-app,HTTP 404
404 page not found on redis-cache,HTTP 404
http 404 returned from service on payment-service,HTTP 404
404 page not found on prod-server-1,HTTP 404
missing route detected on kafka-broker,HTTP 404
http 404 returned from service on prod-server-1,HTTP 404
requested api endpoint unavailable on api-gateway,HTTP 404
resource endpoint missing on api-gateway,HTTP 404
http 404 returned from service on auth-service,HTTP 404
requested api endpoint unavailable on db-cluster,HTTP 404
missing route detected on prod-server-2,HTTP 404
url not found on server on frontend-app,HTTP 404
http 404 returned from service on k8s-node-4,HTTP 404
requested api endpoint unavailable on frontend-app,HTTP 404
requested api endpoint unavailable on prod-server-1,HTTP 404
404 page not found on prod-server-2,HTTP 404
resource endpoint missing on kafka-broker,HTTP 404
url not found on server on payment-service,HTTP 404
missing route detected on k8s-node-4,HTTP 404
missing route detected on payment-service,HTTP 404
url not found on server on kafka-broker,HTTP 404
resource endpoint missing on frontend-app,HTTP 404
requested api endpoint unavailable on auth-service,HTTP 404
http 404 returned from service on k8s-node-4,HTTP 404
missing route detected on k8s-node-4,HTTP 404
resource endpoint missing on kafka-broker,HTTP 404
requested api endpoint unavailable on api-gateway,HTTP 404
http 404 returned from service on redis-cache,HTTP 404
missing route detected on redis-cache,HTTP 404
internal application failure detected on api-gateway,HTTP 500
server encountered fatal runtime error on api-gateway,HTTP 500
server encountered fatal runtime error on db-cluster,HTTP 500
null pointer exception generated 500 on redis-cache,HTTP 500
null pointer exception generated 500 on k8s-node-4,HTTP 500
unexpected backend exception occurred on db-cluster,HTTP 500
500 internal server error on k8s-node-4,HTTP 500
500 internal server error on api-gateway,HTTP 500
unexpected backend exception occurred on k8s-node-4,HTTP 500
internal application failure detected on kafka-broker,HTTP 500
server encountered fatal runtime error on frontend-app,HTTP 500
null pointer exception generated 500 on payment-service,HTTP 500
server encountered fatal runtime error on prod-server-2,HTTP 500
unexpected backend exception occurred on frontend-app,HTTP 500
application crashed with 500 response on api-gateway,HTTP 500
internal application failure detected on prod-server-1,HTTP 500
null pointer exception generated 500 on auth-service,HTTP 500
internal application failure detected on frontend-app,HTTP 500
application crashed with 500 response on k8s-node-4,HTTP 500
null pointer exception generated 500 on k8s-node-4,HTTP 500
unexpected backend exception occurred on frontend-app,HTTP 500
application crashed with 500 response on redis-cache,HTTP 500
unexpected backend exception occurred on redis-cache,HTTP 500
application crashed with 500 response on prod-server-2,HTTP 500
application crashed with 500 response on prod-server-2,HTTP 500
null pointer exception generated 500 on payment-service,HTTP 500
application crashed with 500 response on payment-service,HTTP 500
null pointer exception generated 500 on k8s-node-4,HTTP 500
server encountered fatal runtime error on k8s-node-4,HTTP 500
server encountered fatal runtime error on prod-server-1,HTTP 500
server encountered fatal runtime error on kafka-broker,HTTP 500
server encountered fatal runtime error on payment-service,HTTP 500
500 internal server error on api-gateway,HTTP 500
internal application failure detected on auth-service,HTTP 500
internal application failure detected on frontend-app,HTTP 500
unexpected backend exception occurred on auth-service,HTTP 500
internal application failure detected on prod-server-1,HTTP 500
server encountered fatal runtime error on kafka-broker,HTTP 500
server encountered fatal runtime error on db-cluster,HTTP 500
unexpected backend exception occurred on redis-cache,HTTP 500
application crashed with 500 response on kafka-broker,HTTP 500
internal application failure detected on prod-server-2,HTTP 500
null pointer exception generated 500 on prod-server-2,HTTP 500
server encountered fatal runtime error on k8s-node-4,HTTP 500
null pointer exception generated 500 on prod-server-2,HTTP 500
unexpected backend exception occurred on api-gateway,HTTP 500
server encountered fatal runtime error on kafka-broker,HTTP 500
null pointer exception generated 500 on auth-service,HTTP 500
unexpected backend exception occurred on frontend-app,HTTP 500
internal application failure detected on auth-service,HTTP 500
null pointer exception generated 500 on prod-server-1,HTTP 500
internal application failure detected on redis-cache,HTTP 500
application crashed with 500 response on frontend-app,HTTP 500
null pointer exception generated 500 on payment-service,HTTP 500
server encountered fatal runtime error on redis-cache,HTTP 500
500 internal server error on auth-service,HTTP 500
unexpected backend exception occurred on payment-service,HTTP 500
internal application failure detected on kafka-broker,HTTP 500
null pointer exception generated 500 on db-cluster,HTTP 500
application crashed with 500 response on redis-cache,HTTP 500
application crashed with 500 response on frontend-app,HTTP 500
internal application failure detected on payment-service,HTTP 500
application crashed with 500 response on redis-cache,HTTP 500
unexpected backend exception occurred on frontend-app,HTTP 500
internal application failure detected on prod-server-1,HTTP 500
application crashed with 500 response on k8s-node-4,HTTP 500
500 internal server error on api-gateway,HTTP 500
null pointer exception generated 500 on prod-server-1,HTTP 500
server encountered fatal runtime error on kafka-broker,HTTP 500
null pointer exception generated 500 on payment-service,HTTP 500
null pointer exception generated 500 on prod-server-1,HTTP 500
unexpected backend exception occurred on db-cluster,HTTP 500
internal application failure detected on kafka-broker,HTTP 500
500 internal server error on db-cluster,HTTP 500
internal application failure detected on auth-service,HTTP 500
internal application failure detected on kafka-broker,HTTP 500
500 internal server error on payment-service,HTTP 500
unexpected backend exception occurred on api-gateway,HTTP 500
application crashed with 500 response on auth-service,HTTP 500
internal application failure detected on db-cluster,HTTP 500
unexpected backend exception occurred on redis-cache,HTTP 500
server encountered fatal runtime error on prod-server-1,HTTP 500
server encountered fatal runtime error on prod-server-2,HTTP 500
unexpected backend exception occurred on prod-server-1,HTTP 500
internal application failure detected on frontend-app,HTTP 500
internal application failure detected on redis-cache,HTTP 500
null pointer exception generated 500 on db-cluster,HTTP 500
500 internal server error on auth-service,HTTP 500
server encountered fatal runtime error on auth-service,HTTP 500
500 internal server error on redis-cache,HTTP 500
application crashed with 500 response on db-cluster,HTTP 500
internal application failure detected on payment-service,HTTP 500
application crashed with 500 response on frontend-app,HTTP 500
server encountered fatal runtime error on auth-service,HTTP 500
application crashed with 500 response on kafka-broker,HTTP 500
null pointer exception generated 500 on prod-server-1,HTTP 500
unexpected backend exception occurred on k8s-node-4,HTTP 500
null pointer exception generated 500 on auth-service,HTTP 500
unexpected backend exception occurred on frontend-app,HTTP 500
500 internal server error on auth-service,HTTP 500
null pointer exception generated 500 on prod-server-1,HTTP 500
500 internal server error on auth-service,HTTP 500
application crashed with 500 response on db-cluster,HTTP 500
null pointer exception generated 500 on api-gateway,HTTP 500
500 internal server error on frontend-app,HTTP 500
unexpected backend exception occurred on kafka-broker,HTTP 500
internal application failure detected on payment-service,HTTP 500
null pointer exception generated 500 on auth-service,HTTP 500
null pointer exception generated 500 on api-gateway,HTTP 500
null pointer exception generated 500 on prod-server-1,HTTP 500
unexpected backend exception occurred on kafka-broker,HTTP 500
server encountered fatal runtime error on k8s-node-4,HTTP 500
server encountered fatal runtime error on auth-service,HTTP 500
500 internal server error on payment-service,HTTP 500
server encountered fatal runtime error on api-gateway,HTTP 500
server encountered fatal runtime error on api-gateway,HTTP 500
null pointer exception generated 500 on frontend-app,HTTP 500
null pointer exception generated 500 on auth-service,HTTP 500
500 internal server error on kafka-broker,HTTP 500
internal application failure detected on api-gateway,HTTP 500
unexpected backend exception occurred on prod-server-1,HTTP 500
null pointer exception generated 500 on redis-cache,HTTP 500
internal application failure detected on payment-service,HTTP 500
server encountered fatal runtime error on payment-service,HTTP 500
server encountered fatal runtime error on redis-cache,HTTP 500
unexpected backend exception occurred on redis-cache,HTTP 500
null pointer exception generated 500 on payment-service,HTTP 500
application crashed with 500 response on redis-cache,HTTP 500
application crashed with 500 response on auth-service,HTTP 500
server encountered fatal runtime error on frontend-app,HTTP 500
application crashed with 500 response on payment-service,HTTP 500
server encountered fatal runtime error on prod-server-2,HTTP 500
null pointer exception generated 500 on prod-server-2,HTTP 500
500 internal server error on prod-server-1,HTTP 500
500 internal server error on payment-service,HTTP 500
server encountered fatal runtime error on k8s-node-4,HTTP 500
application crashed with 500 response on kafka-broker,HTTP 500
internal application failure detected on redis-cache,HTTP 500
application crashed with 500 response on k8s-node-4,HTTP 500
unexpected backend exception occurred on frontend-app,HTTP 500
application crashed with 500 response on frontend-app,HTTP 500
internal application failure detected on payment-service,HTTP 500
500 internal server error on db-cluster,HTTP 500
unexpected backend exception occurred on frontend-app,HTTP 500
application crashed with 500 response on auth-service,HTTP 500
unexpected backend exception occurred on api-gateway,HTTP 500
500 internal server error on payment-service,HTTP 500
server encountered fatal runtime error on redis-cache,HTTP 500
application crashed with 500 response on auth-service,HTTP 500
500 internal server error on k8s-node-4,HTTP 500
internal application failure detected on auth-service,HTTP 500
server encountered fatal runtime error on redis-cache,HTTP 500
unexpected backend exception occurred on prod-server-2,HTTP 500
500 internal server error on redis-cache,HTTP 500
internal application failure detected on api-gateway,HTTP 500
500 internal server error on k8s-node-4,HTTP 500
null pointer exception generated 500 on payment-service,HTTP 500
null pointer exception generated 500 on payment-service,HTTP 500
unexpected backend exception occurred on k8s-node-4,HTTP 500
server encountered fatal runtime error on api-gateway,HTTP 500
server encountered fatal runtime error on db-cluster,HTTP 500
internal application failure detected on frontend-app,HTTP 500
500 internal server error on payment-service,HTTP 500
500 internal server error on api-gateway,HTTP 500
application crashed with 500 response on api-gateway,HTTP 500
application crashed with 500 response on k8s-node-4,HTTP 500
internal application failure detected on auth-service,HTTP 500
unexpected backend exception occurred on frontend-app,HTTP 500
500 internal server error on frontend-app,HTTP 500
unexpected backend exception occurred on kafka-broker,HTTP 500
unexpected backend exception occurred on db-cluster,HTTP 500
null pointer exception generated 500 on db-cluster,HTTP 500
unexpected backend exception occurred on prod-server-2,HTTP 500
null pointer exception generated 500 on auth-service,HTTP 500
server encountered fatal runtime error on prod-server-1,HTTP 500
server encountered fatal runtime error on redis-cache,HTTP 500
internal application failure detected on prod-server-2,HTTP 500
500 internal server error on payment-service,HTTP 500
500 internal server error on auth-service,HTTP 500
500 internal server error on prod-server-2,HTTP 500
500 internal server error on kafka-broker,HTTP 500
500 internal server error on redis-cache,HTTP 500
500 internal server error on frontend-app,HTTP 500
application crashed with 500 response on frontend-app,HTTP 500
internal application failure detected on auth-service,HTTP 500
application crashed with 500 response on prod-server-2,HTTP 500
unexpected backend exception occurred on payment-service,HTTP 500
application crashed with 500 response on kafka-broker,HTTP 500
application crashed with 500 response on frontend-app,HTTP 500
500 internal server error on db-cluster,HTTP 500
server encountered fatal runtime error on payment-service,HTTP 500
application crashed with 500 response on frontend-app,HTTP 500
application crashed with 500 response on payment-service,HTTP 500
500 internal server error on frontend-app,HTTP 500
application crashed with 500 response on redis-cache,HTTP 500
internal application failure detected on redis-cache,HTTP 500
server encountered fatal runtime error on k8s-node-4,HTTP 500
unexpected backend exception occurred on api-gateway,HTTP 500
application crashed with 500 response on kafka-broker,HTTP 500
server encountered fatal runtime error on prod-server-1,HTTP 500
null pointer exception generated 500 on redis-cache,HTTP 500
null pointer exception generated 500 on auth-service,HTTP 500
500 internal server error on k8s-node-4,HTTP 500
internal application failure detected on prod-server-1,HTTP 500
internal application failure detected on kafka-broker,HTTP 500
500 internal server error on api-gateway,HTTP 500
application crashed with 500 response on prod-server-1,HTTP 500
application crashed with 500 response on prod-server-1,HTTP 500
application crashed with 500 response on api-gateway,HTTP 500
500 internal server error on k8s-node-4,HTTP 500
server encountered fatal runtime error on api-gateway,HTTP 500
server encountered fatal runtime error on auth-service,HTTP 500
server encountered fatal runtime error on db-cluster,HTTP 500
null pointer exception generated 500 on prod-server-1,HTTP 500
internal application failure detected on payment-service,HTTP 500
server encountered fatal runtime error on prod-server-1,HTTP 500
server encountered fatal runtime error on payment-service,HTTP 500
null pointer exception generated 500 on frontend-app,HTTP 500
server encountered fatal runtime error on auth-service,HTTP 500
500 internal server error on prod-server-2,HTTP 500
500 internal server error on db-cluster,HTTP 500
server encountered fatal runtime error on api-gateway,HTTP 500
500 internal server error on redis-cache,HTTP 500
application crashed with 500 response on api-gateway,HTTP 500
application crashed with 500 response on payment-service,HTTP 500
null pointer exception generated 500 on frontend-app,HTTP 500
server encountered fatal runtime error on redis-cache,HTTP 500
null pointer exception generated 500 on api-gateway,HTTP 500
internal application failure detected on frontend-app,HTTP 500
internal application failure detected on prod-server-2,HTTP 500
500 internal server error on db-cluster,HTTP 500
unexpected backend exception occurred on frontend-app,HTTP 500
500 internal server error on auth-service,HTTP 500
internal application failure detected on prod-server-1,HTTP 500
null pointer exception generated 500 on frontend-app,HTTP 500
server encountered fatal runtime error on payment-service,HTTP 500
internal application failure detected on redis-cache,HTTP 500
internal application failure detected on payment-service,HTTP 500
unexpected backend exception occurred on prod-server-2,HTTP 500
internal application failure detected on payment-service,HTTP 500
unexpected backend exception occurred on api-gateway,HTTP 500
server encountered fatal runtime error on kafka-broker,HTTP 500
unexpected backend exception occurred on k8s-node-4,HTTP 500
internal application failure detected on k8s-node-4,HTTP 500
500 internal server error on payment-service,HTTP 500
500 internal server error on auth-service,HTTP 500
500 internal server error on payment-service,HTTP 500
unexpected backend exception occurred on prod-server-1,HTTP 500
application crashed with 500 response on kafka-broker,HTTP 500
unexpected backend exception occurred on prod-server-1,HTTP 500
unexpected backend exception occurred on api-gateway,HTTP 500
unexpected backend exception occurred on kafka-broker,HTTP 500
500 internal server error on prod-server-2,HTTP 500
internal application failure detected on prod-server-2,HTTP 500
internal application failure detected on db-cluster,HTTP 500
unexpected backend exception occurred on prod-server-2,HTTP 500
null pointer exception generated 500 on api-gateway,HTTP 500
server encountered fatal runtime error on k8s-node-4,HTTP 500
unexpected backend exception occurred on api-gateway,HTTP 500
unexpected backend exception occurred on kafka-broker,HTTP 500
500 internal server error on prod-server-2,HTTP 500
null pointer exception generated 500 on k8s-node-4,HTTP 500
unexpected backend exception occurred on k8s-node-4,HTTP 500
null pointer exception generated 500 on kafka-broker,HTTP 500
server encountered fatal runtime error on api-gateway,HTTP 500
500 internal server error on redis-cache,HTTP 500
unexpected backend exception occurred on db-cluster,HTTP 500
null pointer exception generated 500 on auth-service,HTTP 500
null pointer exception generated 500 on frontend-app,HTTP 500
server encountered fatal runtime error on k8s-node-4,HTTP 500
null pointer exception generated 500 on prod-server-1,HTTP 500
internal application failure detected on payment-service,HTTP 500
unexpected backend exception occurred on payment-service,HTTP 500
application crashed with 500 response on redis-cache,HTTP 500
unexpected backend exception occurred on kafka-broker,HTTP 500
unexpected backend exception occurred on api-gateway,HTTP 500
application crashed with 500 response on prod-server-2,HTTP 500
server encountered fatal runtime error on db-cluster,HTTP 500
unexpected backend exception occurred on auth-service,HTTP 500
null pointer exception generated 500 on kafka-broker,HTTP 500
unexpected backend exception occurred on kafka-broker,HTTP 500
application crashed with 500 response on prod-server-1,HTTP 500
application crashed with 500 response on kafka-broker,HTTP 500
internal application failure detected on k8s-node-4,HTTP 500
server encountered fatal runtime error on prod-server-1,HTTP 500
application crashed with 500 response on redis-cache,HTTP 500
application crashed with 500 response on kafka-broker,HTTP 500
internal application failure detected on payment-service,HTTP 500
unexpected backend exception occurred on frontend-app,HTTP 500
application crashed with 500 response on payment-service,HTTP 500
unexpected backend exception occurred on redis-cache,HTTP 500
null pointer exception generated 500 on api-gateway,HTTP 500
internal application failure detected on kafka-broker,HTTP 500
unexpected backend exception occurred on k8s-node-4,HTTP 500
unexpected backend exception occurred on db-cluster,HTTP 500
application crashed with 500 response on prod-server-1,HTTP 500
500 internal server error on auth-service,HTTP 500
500 internal server error on auth-service,HTTP 500
internal application failure detected on k8s-node-4,HTTP 500
server encountered fatal runtime error on db-cluster,HTTP 500
null pointer exception generated 500 on payment-service,HTTP 500
unexpected backend exception occurred on api-gateway,HTTP 500
500 internal server error on redis-cache,HTTP 500
null pointer exception generated 500 on k8s-node-4,HTTP 500
internal application failure detected on payment-service,HTTP 500
null pointer exception generated 500 on k8s-node-4,HTTP 500
application crashed with 500 response on prod-server-1,HTTP 500
application crashed with 500 response on api-gateway,HTTP 500
application crashed with 500 response on kafka-broker,HTTP 500
server encountered fatal runtime error on api-gateway,HTTP 500
null pointer exception generated 500 on k8s-node-4,HTTP 500
500 internal server error on frontend-app,HTTP 500
null pointer exception generated 500 on payment-service,HTTP 500
null pointer exception generated 500 on frontend-app,HTTP 500
unexpected backend exception occurred on prod-server-2,HTTP 500
server encountered fatal runtime error on redis-cache,HTTP 500
unexpected backend exception occurred on kafka-broker,HTTP 500
internal application failure detected on kafka-broker,HTTP 500
unexpected backend exception occurred on prod-server-1,HTTP 500
server encountered fatal runtime error on db-cluster,HTTP 500
500 internal server error on db-cluster,HTTP 500
application crashed with 500 response on payment-service,HTTP 500
internal application failure detected on kafka-broker,HTTP 500
server encountered fatal runtime error on auth-service,HTTP 500
null pointer exception generated 500 on payment-service,HTTP 500
unexpected backend exception occurred on kafka-broker,HTTP 500
application crashed with 500 response on prod-server-1,HTTP 500
500 internal server error on payment-service,HTTP 500
unexpected backend exception occurred on k8s-node-4,HTTP 500
internal application failure detected on auth-service,HTTP 500
null pointer exception generated 500 on redis-cache,HTTP 500
application crashed with 500 response on api-gateway,HTTP 500
500 internal server error on auth-service,HTTP 500
internal application failure detected on db-cluster,HTTP 500
null pointer exception generated 500 on kafka-broker,HTTP 500
server encountered fatal runtime error on auth-service,HTTP 500
server encountered fatal runtime error on k8s-node-4,HTTP 500
server encountered fatal runtime error on prod-server-2,HTTP 500
500 internal server error on prod-server-2,HTTP 500
internal application failure detected on api-gateway,HTTP 500
internal application failure detected on api-gateway,HTTP 500
application crashed with 500 response on db-cluster,HTTP 500
server encountered fatal runtime error on prod-server-1,HTTP 500
unexpected backend exception occurred on payment-service,HTTP 500
500 internal server error on db-cluster,HTTP 500
internal application failure detected on redis-cache,HTTP 500
500 internal server error on kafka-broker,HTTP 500
null pointer exception generated 500 on frontend-app,HTTP 500
500 internal server error on api-gateway,HTTP 500
500 internal server error on auth-service,HTTP 500
unexpected backend exception occurred on prod-server-2,HTTP 500
server encountered fatal runtime error on api-gateway,HTTP 500
500 internal server error on prod-server-1,HTTP 500
null pointer exception generated 500 on k8s-node-4,HTTP 500
server encountered fatal runtime error on auth-service,HTTP 500
unexpected backend exception occurred on api-gateway,HTTP 500
null pointer exception generated 500 on db-cluster,HTTP 500
500 internal server error on frontend-app,HTTP 500
unexpected backend exception occurred on auth-service,HTTP 500
application crashed with 500 response on auth-service,HTTP 500
500 internal server error on kafka-broker,HTTP 500
server encountered fatal runtime error on payment-service,HTTP 500
application crashed with 500 response on kafka-broker,HTTP 500
application crashed with 500 response on db-cluster,HTTP 500
internal application failure detected on payment-service,HTTP 500
server encountered fatal runtime error on prod-server-2,HTTP 500
500 internal server error on k8s-node-4,HTTP 500
internal application failure detected on prod-server-2,HTTP 500
null pointer exception generated 500 on redis-cache,HTTP 500
server encountered fatal runtime error on k8s-node-4,HTTP 500
null pointer exception generated 500 on frontend-app,HTTP 500
null pointer exception generated 500 on redis-cache,HTTP 500
null pointer exception generated 500 on redis-cache,HTTP 500
null pointer exception generated 500 on redis-cache,HTTP 500
server encountered fatal runtime error on payment-service,HTTP 500
unexpected backend exception occurred on auth-service,HTTP 500
application crashed with 500 response on prod-server-1,HTTP 500
internal application failure detected on prod-server-2,HTTP 500
500 internal server error on payment-service,HTTP 500
application crashed with 500 response on prod-server-2,HTTP 500
unexpected backend exception occurred on auth-service,HTTP 500
application crashed with 500 response on payment-service,HTTP 500
application crashed with 500 response on prod-server-2,HTTP 500
internal application failure detected on redis-cache,HTTP 500
application crashed with 500 response on frontend-app,HTTP 500
null pointer exception generated 500 on prod-server-1,HTTP 500
500 internal server error on prod-server-2,HTTP 500
unexpected backend exception occurred on kafka-broker,HTTP 500
server encountered fatal runtime error on prod-server-2,HTTP 500
null pointer exception generated 500 on auth-service,HTTP 500
internal application failure detected on payment-service,HTTP 500
server encountered fatal runtime error on redis-cache,HTTP 500
server encountered fatal runtime error on prod-server-1,HTTP 500
application crashed with 500 response on api-gateway,HTTP 500
unexpected backend exception occurred on payment-service,HTTP 500
internal application failure detected on api-gateway,HTTP 500
application crashed with 500 response on api-gateway,HTTP 500
null pointer exception generated 500 on frontend-app,HTTP 500
application crashed with 500 response on k8s-node-4,HTTP 500
500 internal server error on prod-server-2,HTTP 500
unexpected backend exception occurred on payment-service,HTTP 500
unexpected backend exception occurred on redis-cache,HTTP 500
null pointer exception generated 500 on auth-service,HTTP 500
500 internal server error on payment-service,HTTP 500
null pointer exception generated 500 on db-cluster,HTTP 500
server encountered fatal runtime error on redis-cache,HTTP 500
internal application failure detected on prod-server-2,HTTP 500
application crashed with 500 response on auth-service,HTTP 500
application crashed with 500 response on payment-service,HTTP 500
500 internal server error on kafka-broker,HTTP 500
server encountered fatal runtime error on payment-service,HTTP 500
application crashed with 500 response on payment-service,HTTP 500
500 internal server error on kafka-broker,HTTP 500
server encountered fatal runtime error on auth-service,HTTP 500
application crashed with 500 response on k8s-node-4,HTTP 500
500 internal server error on db-cluster,HTTP 500
server encountered fatal runtime error on kafka-broker,HTTP 500
unexpected backend exception occurred on db-cluster,HTTP 500
null pointer exception generated 500 on prod-server-2,HTTP 500
application crashed with 500 response on frontend-app,HTTP 500
application crashed with 500 response on api-gateway,HTTP 500
application crashed with 500 response on prod-server-2,HTTP 500
internal application failure detected on auth-service,HTTP 500
null pointer exception generated 500 on auth-service,HTTP 500
unexpected backend exception occurred on redis-cache,HTTP 500
application crashed with 500 response on frontend-app,HTTP 500
unexpected backend exception occurred on db-cluster,HTTP 500
server encountered fatal runtime error on api-gateway,HTTP 500
unexpected backend exception occurred on prod-server-2,HTTP 500
null pointer exception generated 500 on k8s-node-4,HTTP 500
internal application failure detected on payment-service,HTTP 500
server encountered fatal runtime error on k8s-node-4,HTTP 500
null pointer exception generated 500 on db-cluster,HTTP 500
internal application failure detected on prod-server-1,HTTP 500
500 internal server error on prod-server-1,HTTP 500
unexpected backend exception occurred on db-cluster,HTTP 500
null pointer exception generated 500 on api-gateway,HTTP 500
server encountered fatal runtime error on prod-server-2,HTTP 500
internal application failure detected on payment-service,HTTP 500
application crashed with 500 response on payment-service,HTTP 500
500 internal server error on kafka-broker,HTTP 500
internal application failure detected on payment-service,HTTP 500
null pointer exception generated 500 on db-cluster,HTTP 500
null pointer exception generated 500 on kafka-broker,HTTP 500
unexpected backend exception occurred on db-cluster,HTTP 500
application crashed with 500 response on prod-server-1,HTTP 500
server encountered fatal runtime error on api-gateway,HTTP 500
500 internal server error on frontend-app,HTTP 500
null pointer exception generated 500 on redis-cache,HTTP 500
internal application failure detected on db-cluster,HTTP 500
500 internal server error on auth-service,HTTP 500
application crashed with 500 response on prod-server-2,HTTP 500
null pointer exception generated 500 on k8s-node-4,HTTP 500
unexpected backend exception occurred on db-cluster,HTTP 500
application crashed with 500 response on auth-service,HTTP 500
application crashed with 500 response on auth-service,HTTP 500
null pointer exception generated 500 on prod-server-2,HTTP 500
unexpected backend exception occurred on api-gateway,HTTP 500
unexpected backend exception occurred on frontend-app,HTTP 500
500 internal server error on frontend-app,HTTP 500
unexpected backend exception occurred on prod-server-2,HTTP 500
500 internal server error on db-cluster,HTTP 500
null pointer exception generated 500 on k8s-node-4,HTTP 500
server encountered fatal runtime error on redis-cache,HTTP 500
unexpected backend exception occurred on redis-cache,HTTP 500
internal application failure detected on api-gateway,HTTP 500
internal application failure detected on db-cluster,HTTP 500
internal application failure detected on db-cluster,HTTP 500
application crashed with 500 response on prod-server-1,HTTP 500
internal application failure detected on kafka-broker,HTTP 500
null pointer exception generated 500 on prod-server-1,HTTP 500
application crashed with 500 response on api-gateway,HTTP 500
null pointer exception generated 500 on prod-server-2,HTTP 500
500 internal server error on kafka-broker,HTTP 500
unexpected backend exception occurred on db-cluster,HTTP 500
application crashed with 500 response on api-gateway,HTTP 500
application crashed with 500 response on db-cluster,HTTP 500
null pointer exception generated 500 on redis-cache,HTTP 500
internal application failure detected on auth-service,HTTP 500
500 internal server error on kafka-broker,HTTP 500
null pointer exception generated 500 on k8s-node-4,HTTP 500
application crashed with 500 response on auth-service,HTTP 500
unexpected backend exception occurred on frontend-app,HTTP 500
application crashed with 500 response on redis-cache,HTTP 500
internal application failure detected on prod-server-2,HTTP 500
internal application failure detected on redis-cache,HTTP 500
unexpected backend exception occurred on kafka-broker,HTTP 500
unexpected backend exception occurred on kafka-broker,HTTP 500
500 internal server error on kafka-broker,HTTP 500
null pointer exception generated 500 on prod-server-2,HTTP 500
500 internal server error on frontend-app,HTTP 500
internal application failure detected on payment-service,HTTP 500
null pointer exception generated 500 on k8s-node-4,HTTP 500
unexpected backend exception occurred on auth-service,HTTP 500
unexpected backend exception occurred on k8s-node-4,HTTP 500
500 internal server error on prod-server-1,HTTP 500
500 internal server error on db-cluster,HTTP 500
server encountered fatal runtime error on db-cluster,HTTP 500
null pointer exception generated 500 on k8s-node-4,HTTP 500
application crashed with 500 response on db-cluster,HTTP 500
unexpected backend exception occurred on payment-service,HTTP 500
500 internal server error on prod-server-2,HTTP 500
unexpected backend exception occurred on redis-cache,HTTP 500
server encountered fatal runtime error on k8s-node-4,HTTP 500
null pointer exception generated 500 on payment-service,HTTP 500
500 internal server error on k8s-node-4,HTTP 500
server encountered fatal runtime error on db-cluster,HTTP 500
unexpected backend exception occurred on kafka-broker,HTTP 500
application crashed with 500 response on frontend-app,HTTP 500
internal application failure detected on api-gateway,HTTP 500
500 internal server error on prod-server-2,HTTP 500
application crashed with 500 response on kafka-broker,HTTP 500
unexpected backend exception occurred on api-gateway,HTTP 500
internal application failure detected on payment-service,HTTP 500
server encountered fatal runtime error on prod-server-1,HTTP 500
server encountered fatal runtime error on redis-cache,HTTP 500
null pointer exception generated 500 on kafka-broker,HTTP 500
application crashed with 500 response on db-cluster,HTTP 500
server encountered fatal runtime error on prod-server-1,HTTP 500
server encountered fatal runtime error on payment-service,HTTP 500
unexpected backend exception occurred on prod-server-2,HTTP 500
server encountered fatal runtime error on kafka-broker,HTTP 500
null pointer exception generated 500 on frontend-app,HTTP 500
server encountered fatal runtime error on kafka-broker,HTTP 500
server encountered fatal runtime error on payment-service,HTTP 500
internal application failure detected on api-gateway,HTTP 500
null pointer exception generated 500 on auth-service,HTTP 500
500 internal server error on prod-server-1,HTTP 500
server encountered fatal runtime error on api-gateway,HTTP 500
application crashed with 500 response on k8s-node-4,HTTP 500
server encountered fatal runtime error on prod-server-2,HTTP 500
application crashed with 500 response on api-gateway,HTTP 500
500 internal server error on prod-server-2,HTTP 500
application crashed with 500 response on prod-server-2,HTTP 500
null pointer exception generated 500 on kafka-broker,HTTP 500
internal application failure detected on prod-server-2,HTTP 500
application crashed with 500 response on frontend-app,HTTP 500
internal application failure detected on payment-service,HTTP 500
500 internal server error on kafka-broker,HTTP 500
null pointer exception generated 500 on prod-server-1,HTTP 500
null pointer exception generated 500 on redis-cache,HTTP 500
server encountered fatal runtime error on payment-service,HTTP 500
application crashed with 500 response on frontend-app,HTTP 500
internal application failure detected on api-gateway,HTTP 500
unexpected backend exception occurred on k8s-node-4,HTTP 500
server encountered fatal runtime error on frontend-app,HTTP 500
unexpected backend exception occurred on db-cluster,HTTP 500
internal application failure detected on prod-server-1,HTTP 500
unexpected backend exception occurred on kafka-broker,HTTP 500
null pointer exception generated 500 on k8s-node-4,HTTP 500
null pointer exception generated 500 on frontend-app,HTTP 500
internal application failure detected on k8s-node-4,HTTP 500
internal application failure detected on prod-server-1,HTTP 500
server encountered fatal runtime error on redis-cache,HTTP 500
null pointer exception generated 500 on db-cluster,HTTP 500
unexpected backend exception occurred on redis-cache,HTTP 500
null pointer exception generated 500 on kafka-broker,HTTP 500
server encountered fatal runtime error on prod-server-1,HTTP 500
internal application failure detected on api-gateway,HTTP 500
server encountered fatal runtime error on auth-service,HTTP 500
internal application failure detected on api-gateway,HTTP 500
internal application failure detected on frontend-app,HTTP 500
server encountered fatal runtime error on frontend-app,HTTP 500
unexpected backend exception occurred on auth-service,HTTP 500
server encountered fatal runtime error on auth-service,HTTP 500
500 internal server error on prod-server-1,HTTP 500
internal application failure detected on api-gateway,HTTP 500
unexpected backend exception occurred on api-gateway,HTTP 500
unexpected backend exception occurred on kafka-broker,HTTP 500
500 internal server error on redis-cache,HTTP 500
500 internal server error on api-gateway,HTTP 500
500 internal server error on k8s-node-4,HTTP 500
internal application failure detected on prod-server-2,HTTP 500
unexpected backend exception occurred on k8s-node-4,HTTP 500
null pointer exception generated 500 on redis-cache,HTTP 500
server encountered fatal runtime error on prod-server-1,HTTP 500
null pointer exception generated 500 on prod-server-2,HTTP 500
application crashed with 500 response on kafka-broker,HTTP 500
application crashed with 500 response on auth-service,HTTP 500
500 internal server error on k8s-node-4,HTTP 500
application crashed with 500 response on api-gateway,HTTP 500
internal application failure detected on k8s-node-4,HTTP 500
500 internal server error on redis-cache,HTTP 500
500 internal server error on kafka-broker,HTTP 500
null pointer exception generated 500 on redis-cache,HTTP 500
internal application failure detected on payment-service,HTTP 500
server encountered fatal runtime error on auth-service,HTTP 500
application crashed with 500 response on db-cluster,HTTP 500
unexpected backend exception occurred on prod-server-1,HTTP 500
application crashed with 500 response on k8s-node-4,HTTP 500
unexpected backend exception occurred on prod-server-1,HTTP 500
unexpected backend exception occurred on prod-server-1,HTTP 500
application crashed with 500 response on prod-server-1,HTTP 500
internal application failure detected on db-cluster,HTTP 500
null pointer exception generated 500 on prod-server-1,HTTP 500
application crashed with 500 response on frontend-app,HTTP 500
null pointer exception generated 500 on frontend-app,HTTP 500
500 internal server error on auth-service,HTTP 500
internal application failure detected on frontend-app,HTTP 500
server encountered fatal runtime error on frontend-app,HTTP 500
unexpected backend exception occurred on prod-server-2,HTTP 500
null pointer exception generated 500 on auth-service,HTTP 500
unexpected backend exception occurred on redis-cache,HTTP 500
null pointer exception generated 500 on auth-service,HTTP 500
500 internal server error on auth-service,HTTP 500
unexpected backend exception occurred on auth-service,HTTP 500
null pointer exception generated 500 on prod-server-1,HTTP 500
500 internal server error on redis-cache,HTTP 500
server encountered fatal runtime error on payment-service,HTTP 500
unexpected backend exception occurred on prod-server-1,HTTP 500
application crashed with 500 response on api-gateway,HTTP 500
unexpected backend exception occurred on prod-server-1,HTTP 500
internal application failure detected on prod-server-1,HTTP 500
500 internal server error on auth-service,HTTP 500
unexpected backend exception occurred on prod-server-2,HTTP 500
internal application failure detected on k8s-node-4,HTTP 500
internal application failure detected on redis-cache,HTTP 500
internal application failure detected on prod-server-1,HTTP 500
internal application failure detected on k8s-node-4,HTTP 500
server encountered fatal runtime error on k8s-node-4,HTTP 500
null pointer exception generated 500 on redis-cache,HTTP 500
null pointer exception generated 500 on k8s-node-4,HTTP 500
null pointer exception generated 500 on payment-service,HTTP 500
internal application failure detected on prod-server-2,HTTP 500
500 internal server error on db-cluster,HTTP 500
null pointer exception generated 500 on k8s-node-4,HTTP 500
internal application failure detected on kafka-broker,HTTP 500
internal application failure detected on kafka-broker,HTTP 500
server encountered fatal runtime error on k8s-node-4,HTTP 500
null pointer exception generated 500 on frontend-app,HTTP 500
server encountered fatal runtime error on payment-service,HTTP 500
500 internal server error on db-cluster,HTTP 500
unexpected backend exception occurred on redis-cache,HTTP 500
null pointer exception generated 500 on api-gateway,HTTP 500
internal application failure detected on api-gateway,HTTP 500
application crashed with 500 response on frontend-app,HTTP 500
500 internal server error on prod-server-2,HTTP 500
application crashed with 500 response on auth-service,HTTP 500
null pointer exception generated 500 on api-gateway,HTTP 500
application crashed with 500 response on k8s-node-4,HTTP 500
internal application failure detected on prod-server-2,HTTP 500
unexpected backend exception occurred on redis-cache,HTTP 500
internal application failure detected on prod-server-1,HTTP 500
null pointer exception generated 500 on api-gateway,HTTP 500
server encountered fatal runtime error on frontend-app,HTTP 500
500 internal server error on auth-service,HTTP 500
unexpected backend exception occurred on prod-server-1,HTTP 500
unexpected backend exception occurred on prod-server-1,HTTP 500
application crashed with 500 response on prod-server-2,HTTP 500
application crashed with 500 response on prod-server-2,HTTP 500
null pointer exception generated 500 on prod-server-2,HTTP 500
internal application failure detected on db-cluster,HTTP 500
internal application failure detected on api-gateway,HTTP 500
unexpected backend exception occurred on kafka-broker,HTTP 500
internal application failure detected on k8s-node-4,HTTP 500
application crashed with 500 response on prod-server-1,HTTP 500
unexpected backend exception occurred on k8s-node-4,HTTP 500
server encountered fatal runtime error on auth-service,HTTP 500
500 internal server error on db-cluster,HTTP 500
server encountered fatal runtime error on api-gateway,HTTP 500
unexpected backend exception occurred on kafka-broker,HTTP 500
server encountered fatal runtime error on db-cluster,HTTP 500
internal application failure detected on db-cluster,HTTP 500
server encountered fatal runtime error on k8s-node-4,HTTP 500
null pointer exception generated 500 on k8s-node-4,HTTP 500
500 internal server error on redis-cache,HTTP 500
server encountered fatal runtime error on auth-service,HTTP 500
null pointer exception generated 500 on redis-cache,HTTP 500
application crashed with 500 response on kafka-broker,HTTP 500
application crashed with 500 response on k8s-node-4,HTTP 500
null pointer exception generated 500 on prod-server-1,HTTP 500
null pointer exception generated 500 on kafka-broker,HTTP 500
application crashed with 500 response on prod-server-2,HTTP 500
server encountered fatal runtime error on api-gateway,HTTP 500
null pointer exception generated 500 on auth-service,HTTP 500
application crashed with 500 response on payment-service,HTTP 500
server encountered fatal runtime error on prod-server-2,HTTP 500
server encountered fatal runtime error on prod-server-1,HTTP 500
application crashed with 500 response on auth-service,HTTP 500
500 internal server error on kafka-broker,HTTP 500
internal application failure detected on db-cluster,HTTP 500
500 internal server error on kafka-broker,HTTP 500
500 internal server error on auth-service,HTTP 500
server encountered fatal runtime error on api-gateway,HTTP 500
500 internal server error on auth-service,HTTP 500
500 internal server error on frontend-app,HTTP 500
internal application failure detected on prod-server-2,HTTP 500
server encountered fatal runtime error on frontend-app,HTTP 500
500 internal server error on payment-service,HTTP 500
unexpected backend exception occurred on auth-service,HTTP 500
application crashed with 500 response on db-cluster,HTTP 500
internal application failure detected on k8s-node-4,HTTP 500
unexpected backend exception occurred on db-cluster,HTTP 500
unexpected backend exception occurred on prod-server-1,HTTP 500
500 internal server error on k8s-node-4,HTTP 500
500 internal server error on prod-server-2,HTTP 500
unexpected backend exception occurred on prod-server-1,HTTP 500
500 internal server error on prod-server-1,HTTP 500
500 internal server error on auth-service,HTTP 500
unexpected backend exception occurred on payment-service,HTTP 500
high memory utilization detected on frontend-app,Memory Leak
oom killer terminated process on redis-cache,Memory Leak
memory leak suspected in application on k8s-node-4,Memory Leak
java heap space out of memory on prod-server-2,Memory Leak
java heap space out of memory on frontend-app,Memory Leak
high memory utilization detected on frontend-app,Memory Leak
high memory utilization detected on frontend-app,Memory Leak
oom killer terminated process on auth-service,Memory Leak
oom killer terminated process on kafka-broker,Memory Leak
memory allocation failure occurred on frontend-app,Memory Leak
memory leak suspected in application on prod-server-2,Memory Leak
container memory usage continuously increasing on frontend-app,Memory Leak
container memory usage continuously increasing on kafka-broker,Memory Leak
java heap space out of memory on redis-cache,Memory Leak
oom killer terminated process on kafka-broker,Memory Leak
memory leak suspected in application on k8s-node-4,Memory Leak
high memory utilization detected on redis-cache,Memory Leak
memory allocation failure occurred on db-cluster,Memory Leak
oom killer terminated process on frontend-app,Memory Leak
java heap space out of memory on redis-cache,Memory Leak
container memory usage continuously increasing on k8s-node-4,Memory Leak
oom killer terminated process on prod-server-1,Memory Leak
oom killer terminated process on payment-service,Memory Leak
memory leak suspected in application on auth-service,Memory Leak
oom killer terminated process on prod-server-1,Memory Leak
java heap space out of memory on payment-service,Memory Leak
memory leak suspected in application on api-gateway,Memory Leak
java heap space out of memory on kafka-broker,Memory Leak
oom killer terminated process on prod-server-2,Memory Leak
container memory usage continuously increasing on db-cluster,Memory Leak
oom killer terminated process on redis-cache,Memory Leak
oom killer terminated process on prod-server-2,Memory Leak
memory allocation failure occurred on redis-cache,Memory Leak
oom killer terminated process on kafka-broker,Memory Leak
memory allocation failure occurred on api-gateway,Memory Leak
high memory utilization detected on auth-service,Memory Leak
container memory usage continuously increasing on db-cluster,Memory Leak
java heap space out of memory on prod-server-2,Memory Leak
java heap space out of memory on redis-cache,Memory Leak
oom killer terminated process on auth-service,Memory Leak
memory leak suspected in application on redis-cache,Memory Leak
container memory usage continuously increasing on prod-server-1,Memory Leak
oom killer terminated process on db-cluster,Memory Leak
high memory utilization detected on prod-server-1,Memory Leak
java heap space out of memory on auth-service,Memory Leak
oom killer terminated process on redis-cache,Memory Leak
container memory usage continuously increasing on prod-server-1,Memory Leak
oom killer terminated process on redis-cache,Memory Leak
container memory usage continuously increasing on payment-service,Memory Leak
java heap space out of memory on redis-cache,Memory Leak
container memory usage continuously increasing on payment-service,Memory Leak
high memory utilization detected on k8s-node-4,Memory Leak
container memory usage continuously increasing on db-cluster,Memory Leak
memory allocation failure occurred on k8s-node-4,Memory Leak
memory allocation failure occurred on redis-cache,Memory Leak
memory allocation failure occurred on redis-cache,Memory Leak
container memory usage continuously increasing on payment-service,Memory Leak
high memory utilization detected on frontend-app,Memory Leak
container memory usage continuously increasing on k8s-node-4,Memory Leak
oom killer terminated process on payment-service,Memory Leak
container memory usage continuously increasing on prod-server-1,Memory Leak
java heap space out of memory on k8s-node-4,Memory Leak
java heap space out of memory on kafka-broker,Memory Leak
oom killer terminated process on prod-server-2,Memory Leak
container memory usage continuously increasing on redis-cache,Memory Leak
java heap space out of memory on prod-server-1,Memory Leak
oom killer terminated process on k8s-node-4,Memory Leak
container memory usage continuously increasing on payment-service,Memory Leak
container memory usage continuously increasing on api-gateway,Memory Leak
memory leak suspected in application on k8s-node-4,Memory Leak
java heap space out of memory on prod-server-1,Memory Leak
java heap space out of memory on k8s-node-4,Memory Leak
oom killer terminated process on api-gateway,Memory Leak
memory leak suspected in application on kafka-broker,Memory Leak
memory leak suspected in application on redis-cache,Memory Leak
memory allocation failure occurred on kafka-broker,Memory Leak
java heap space out of memory on payment-service,Memory Leak
high memory utilization detected on k8s-node-4,Memory Leak
java heap space out of memory on api-gateway,Memory Leak
oom killer terminated process on payment-service,Memory Leak
high memory utilization detected on kafka-broker,Memory Leak
high memory utilization detected on auth-service,Memory Leak
memory leak suspected in application on kafka-broker,Memory Leak
memory allocation failure occurred on api-gateway,Memory Leak
container memory usage continuously increasing on prod-server-1,Memory Leak
oom killer terminated process on redis-cache,Memory Leak
container memory usage continuously increasing on db-cluster,Memory Leak
oom killer terminated process on kafka-broker,Memory Leak
oom killer terminated process on api-gateway,Memory Leak
memory allocation failure occurred on prod-server-1,Memory Leak
high memory utilization detected on payment-service,Memory Leak
oom killer terminated process on payment-service,Memory Leak
memory leak suspected in application on kafka-broker,Memory Leak
memory leak suspected in application on redis-cache,Memory Leak
container memory usage continuously increasing on api-gateway,Memory Leak
high memory utilization detected on api-gateway,Memory Leak
java heap space out of memory on kafka-broker,Memory Leak
container memory usage continuously increasing on kafka-broker,Memory Leak
high memory utilization detected on redis-cache,Memory Leak
memory leak suspected in application on api-gateway,Memory Leak
high memory utilization detected on prod-server-2,Memory Leak
oom killer terminated process on redis-cache,Memory Leak
high memory utilization detected on kafka-broker,Memory Leak
memory leak suspected in application on prod-server-2,Memory Leak
memory allocation failure occurred on frontend-app,Memory Leak
high memory utilization detected on frontend-app,Memory Leak
memory leak suspected in application on redis-cache,Memory Leak
container memory usage continuously increasing on db-cluster,Memory Leak
container memory usage continuously increasing on redis-cache,Memory Leak
oom killer terminated process on payment-service,Memory Leak
container memory usage continuously increasing on prod-server-2,Memory Leak
memory allocation failure occurred on redis-cache,Memory Leak
oom killer terminated process on kafka-broker,Memory Leak
container memory usage continuously increasing on k8s-node-4,Memory Leak
java heap space out of memory on prod-server-1,Memory Leak
high memory utilization detected on db-cluster,Memory Leak
memory leak suspected in application on auth-service,Memory Leak
high memory utilization detected on db-cluster,Memory Leak
high memory utilization detected on prod-server-2,Memory Leak
java heap space out of memory on prod-server-2,Memory Leak
memory leak suspected in application on frontend-app,Memory Leak
oom killer terminated process on prod-server-2,Memory Leak
java heap space out of memory on prod-server-2,Memory Leak
memory leak suspected in application on kafka-broker,Memory Leak
memory allocation failure occurred on kafka-broker,Memory Leak
java heap space out of memory on prod-server-1,Memory Leak
high memory utilization detected on auth-service,Memory Leak
container memory usage continuously increasing on prod-server-2,Memory Leak
high memory utilization detected on payment-service,Memory Leak
container memory usage continuously increasing on db-cluster,Memory Leak
container memory usage continuously increasing on prod-server-1,Memory Leak
oom killer terminated process on api-gateway,Memory Leak
memory allocation failure occurred on db-cluster,Memory Leak
memory allocation failure occurred on api-gateway,Memory Leak
memory leak suspected in application on api-gateway,Memory Leak
high memory utilization detected on frontend-app,Memory Leak
memory allocation failure occurred on prod-server-1,Memory Leak
container memory usage continuously increasing on db-cluster,Memory Leak
memory leak suspected in application on k8s-node-4,Memory Leak
memory leak suspected in application on k8s-node-4,Memory Leak
memory allocation failure occurred on k8s-node-4,Memory Leak
oom killer terminated process on frontend-app,Memory Leak
container memory usage continuously increasing on prod-server-1,Memory Leak
container memory usage continuously increasing on frontend-app,Memory Leak
java heap space out of memory on frontend-app,Memory Leak
container memory usage continuously increasing on kafka-broker,Memory Leak
high memory utilization detected on prod-server-2,Memory Leak
oom killer terminated process on prod-server-2,Memory Leak
memory allocation failure occurred on prod-server-2,Memory Leak
container memory usage continuously increasing on kafka-broker,Memory Leak
oom killer terminated process on prod-server-1,Memory Leak
high memory utilization detected on prod-server-2,Memory Leak
memory leak suspected in application on api-gateway,Memory Leak
java heap space out of memory on prod-server-2,Memory Leak
high memory utilization detected on payment-service,Memory Leak
memory allocation failure occurred on frontend-app,Memory Leak
oom killer terminated process on prod-server-2,Memory Leak
high memory utilization detected on prod-server-2,Memory Leak
high memory utilization detected on redis-cache,Memory Leak
memory allocation failure occurred on k8s-node-4,Memory Leak
memory allocation failure occurred on db-cluster,Memory Leak
high memory utilization detected on payment-service,Memory Leak
oom killer terminated process on k8s-node-4,Memory Leak
java heap space out of memory on payment-service,Memory Leak
memory allocation failure occurred on prod-server-1,Memory Leak
java heap space out of memory on prod-server-1,Memory Leak
memory leak suspected in application on db-cluster,Memory Leak
oom killer terminated process on prod-server-1,Memory Leak
container memory usage continuously increasing on redis-cache,Memory Leak
container memory usage continuously increasing on prod-server-1,Memory Leak
java heap space out of memory on auth-service,Memory Leak
memory leak suspected in application on payment-service,Memory Leak
memory leak suspected in application on db-cluster,Memory Leak
java heap space out of memory on k8s-node-4,Memory Leak
memory allocation failure occurred on frontend-app,Memory Leak
memory allocation failure occurred on db-cluster,Memory Leak
container memory usage continuously increasing on api-gateway,Memory Leak
high memory utilization detected on kafka-broker,Memory Leak
oom killer terminated process on k8s-node-4,Memory Leak
memory allocation failure occurred on k8s-node-4,Memory Leak
container memory usage continuously increasing on redis-cache,Memory Leak
oom killer terminated process on kafka-broker,Memory Leak
container memory usage continuously increasing on prod-server-2,Memory Leak
memory leak suspected in application on prod-server-2,Memory Leak
memory leak suspected in application on payment-service,Memory Leak
memory allocation failure occurred on k8s-node-4,Memory Leak
oom killer terminated process on api-gateway,Memory Leak
high memory utilization detected on k8s-node-4,Memory Leak
high memory utilization detected on kafka-broker,Memory Leak
oom killer terminated process on k8s-node-4,Memory Leak
oom killer terminated process on redis-cache,Memory Leak
memory allocation failure occurred on prod-server-1,Memory Leak
memory allocation failure occurred on k8s-node-4,Memory Leak
java heap space out of memory on frontend-app,Memory Leak
high memory utilization detected on api-gateway,Memory Leak
high memory utilization detected on db-cluster,Memory Leak
memory allocation failure occurred on k8s-node-4,Memory Leak
memory allocation failure occurred on auth-service,Memory Leak
high memory utilization detected on db-cluster,Memory Leak
memory allocation failure occurred on kafka-broker,Memory Leak
high memory utilization detected on kafka-broker,Memory Leak
java heap space out of memory on k8s-node-4,Memory Leak
high memory utilization detected on prod-server-1,Memory Leak
container memory usage continuously increasing on frontend-app,Memory Leak
java heap space out of memory on api-gateway,Memory Leak
container memory usage continuously increasing on frontend-app,Memory Leak
java heap space out of memory on auth-service,Memory Leak
memory leak suspected in application on auth-service,Memory Leak
memory leak suspected in application on payment-service,Memory Leak
java heap space out of memory on api-gateway,Memory Leak
memory leak suspected in application on kafka-broker,Memory Leak
oom killer terminated process on k8s-node-4,Memory Leak
memory allocation failure occurred on frontend-app,Memory Leak
memory leak suspected in application on api-gateway,Memory Leak
java heap space out of memory on redis-cache,Memory Leak
java heap space out of memory on kafka-broker,Memory Leak
memory allocation failure occurred on auth-service,Memory Leak
high memory utilization detected on prod-server-1,Memory Leak
high memory utilization detected on auth-service,Memory Leak
java heap space out of memory on prod-server-2,Memory Leak
container memory usage continuously increasing on frontend-app,Memory Leak
container memory usage continuously increasing on k8s-node-4,Memory Leak
high memory utilization detected on payment-service,Memory Leak
memory leak suspected in application on redis-cache,Memory Leak
high memory utilization detected on prod-server-2,Memory Leak
java heap space out of memory on api-gateway,Memory Leak
container memory usage continuously increasing on prod-server-1,Memory Leak
memory leak suspected in application on payment-service,Memory Leak
memory leak suspected in application on prod-server-2,Memory Leak
java heap space out of memory on frontend-app,Memory Leak
high memory utilization detected on redis-cache,Memory Leak
container memory usage continuously increasing on prod-server-2,Memory Leak
oom killer terminated process on prod-server-2,Memory Leak
memory leak suspected in application on payment-service,Memory Leak
high memory utilization detected on prod-server-2,Memory Leak
memory leak suspected in application on prod-server-1,Memory Leak
java heap space out of memory on kafka-broker,Memory Leak
container memory usage continuously increasing on kafka-broker,Memory Leak
oom killer terminated process on auth-service,Memory Leak
high memory utilization detected on auth-service,Memory Leak
oom killer terminated process on frontend-app,Memory Leak
memory allocation failure occurred on api-gateway,Memory Leak
high memory utilization detected on prod-server-1,Memory Leak
java heap space out of memory on kafka-broker,Memory Leak
memory allocation failure occurred on prod-server-2,Memory Leak
memory leak suspected in application on prod-server-2,Memory Leak
memory allocation failure occurred on k8s-node-4,Memory Leak
oom killer terminated process on auth-service,Memory Leak
oom killer terminated process on api-gateway,Memory Leak
memory leak suspected in application on redis-cache,Memory Leak
memory allocation failure occurred on payment-service,Memory Leak
memory leak suspected in application on api-gateway,Memory Leak
memory allocation failure occurred on payment-service,Memory Leak
oom killer terminated process on k8s-node-4,Memory Leak
memory allocation failure occurred on auth-service,Memory Leak
java heap space out of memory on prod-server-1,Memory Leak
java heap space out of memory on redis-cache,Memory Leak
high memory utilization detected on kafka-broker,Memory Leak
oom killer terminated process on api-gateway,Memory Leak
memory allocation failure occurred on frontend-app,Memory Leak
high memory utilization detected on payment-service,Memory Leak
java heap space out of memory on api-gateway,Memory Leak
memory leak suspected in application on api-gateway,Memory Leak
oom killer terminated process on payment-service,Memory Leak
memory leak suspected in application on k8s-node-4,Memory Leak
java heap space out of memory on frontend-app,Memory Leak
java heap space out of memory on db-cluster,Memory Leak
memory leak suspected in application on k8s-node-4,Memory Leak
oom killer terminated process on redis-cache,Memory Leak
high memory utilization detected on frontend-app,Memory Leak
memory leak suspected in application on frontend-app,Memory Leak
memory leak suspected in application on frontend-app,Memory Leak
oom killer terminated process on frontend-app,Memory Leak
container memory usage continuously increasing on payment-service,Memory Leak
high memory utilization detected on kafka-broker,Memory Leak
memory allocation failure occurred on frontend-app,Memory Leak
memory allocation failure occurred on db-cluster,Memory Leak
oom killer terminated process on prod-server-1,Memory Leak
container memory usage continuously increasing on auth-service,Memory Leak
memory allocation failure occurred on payment-service,Memory Leak
memory leak suspected in application on prod-server-1,Memory Leak
high memory utilization detected on k8s-node-4,Memory Leak
container memory usage continuously increasing on frontend-app,Memory Leak
memory allocation failure occurred on prod-server-1,Memory Leak
container memory usage continuously increasing on db-cluster,Memory Leak
container memory usage continuously increasing on db-cluster,Memory Leak
memory allocation failure occurred on frontend-app,Memory Leak
high memory utilization detected on redis-cache,Memory Leak
high memory utilization detected on frontend-app,Memory Leak
container memory usage continuously increasing on prod-server-1,Memory Leak
memory allocation failure occurred on kafka-broker,Memory Leak
memory allocation failure occurred on api-gateway,Memory Leak
memory leak suspected in application on kafka-broker,Memory Leak
oom killer terminated process on prod-server-2,Memory Leak
oom killer terminated process on db-cluster,Memory Leak
memory allocation failure occurred on auth-service,Memory Leak
java heap space out of memory on payment-service,Memory Leak
memory allocation failure occurred on db-cluster,Memory Leak
memory allocation failure occurred on redis-cache,Memory Leak
high memory utilization detected on auth-service,Memory Leak
memory leak suspected in application on frontend-app,Memory Leak
container memory usage continuously increasing on kafka-broker,Memory Leak
memory leak suspected in application on api-gateway,Memory Leak
memory allocation failure occurred on redis-cache,Memory Leak
container memory usage continuously increasing on redis-cache,Memory Leak
high memory utilization detected on frontend-app,Memory Leak
oom killer terminated process on frontend-app,Memory Leak
oom killer terminated process on prod-server-2,Memory Leak
container memory usage continuously increasing on kafka-broker,Memory Leak
oom killer terminated process on api-gateway,Memory Leak
java heap space out of memory on redis-cache,Memory Leak
java heap space out of memory on k8s-node-4,Memory Leak
memory allocation failure occurred on api-gateway,Memory Leak
memory leak suspected in application on prod-server-2,Memory Leak
java heap space out of memory on k8s-node-4,Memory Leak
java heap space out of memory on prod-server-2,Memory Leak
oom killer terminated process on api-gateway,Memory Leak
oom killer terminated process on auth-service,Memory Leak
memory allocation failure occurred on frontend-app,Memory Leak
high memory utilization detected on redis-cache,Memory Leak
memory allocation failure occurred on prod-server-1,Memory Leak
memory leak suspected in application on auth-service,Memory Leak
java heap space out of memory on frontend-app,Memory Leak
high memory utilization detected on payment-service,Memory Leak
memory allocation failure occurred on prod-server-1,Memory Leak
oom killer terminated process on api-gateway,Memory Leak
java heap space out of memory on k8s-node-4,Memory Leak
high memory utilization detected on kafka-broker,Memory Leak
container memory usage continuously increasing on db-cluster,Memory Leak
container memory usage continuously increasing on prod-server-1,Memory Leak
java heap space out of memory on prod-server-2,Memory Leak
memory allocation failure occurred on api-gateway,Memory Leak
memory leak suspected in application on k8s-node-4,Memory Leak
high memory utilization detected on prod-server-1,Memory Leak
high memory utilization detected on prod-server-2,Memory Leak
container memory usage continuously increasing on db-cluster,Memory Leak
oom killer terminated process on auth-service,Memory Leak
oom killer terminated process on kafka-broker,Memory Leak
memory leak suspected in application on prod-server-1,Memory Leak
oom killer terminated process on redis-cache,Memory Leak
memory leak suspected in application on kafka-broker,Memory Leak
container memory usage continuously increasing on frontend-app,Memory Leak
java heap space out of memory on k8s-node-4,Memory Leak
java heap space out of memory on kafka-broker,Memory Leak
memory allocation failure occurred on api-gateway,Memory Leak
memory allocation failure occurred on prod-server-1,Memory Leak
container memory usage continuously increasing on kafka-broker,Memory Leak
oom killer terminated process on auth-service,Memory Leak
container memory usage continuously increasing on payment-service,Memory Leak
memory leak suspected in application on auth-service,Memory Leak
container memory usage continuously increasing on prod-server-2,Memory Leak
high memory utilization detected on auth-service,Memory Leak
java heap space out of memory on k8s-node-4,Memory Leak
memory leak suspected in application on frontend-app,Memory Leak
container memory usage continuously increasing on auth-service,Memory Leak
java heap space out of memory on frontend-app,Memory Leak
java heap space out of memory on prod-server-2,Memory Leak
memory allocation failure occurred on frontend-app,Memory Leak
java heap space out of memory on db-cluster,Memory Leak
java heap space out of memory on api-gateway,Memory Leak
java heap space out of memory on k8s-node-4,Memory Leak
oom killer terminated process on prod-server-1,Memory Leak
memory leak suspected in application on prod-server-1,Memory Leak
container memory usage continuously increasing on frontend-app,Memory Leak
oom killer terminated process on db-cluster,Memory Leak
java heap space out of memory on prod-server-2,Memory Leak
container memory usage continuously increasing on frontend-app,Memory Leak
memory allocation failure occurred on db-cluster,Memory Leak
memory leak suspected in application on auth-service,Memory Leak
container memory usage continuously increasing on auth-service,Memory Leak
memory leak suspected in application on auth-service,Memory Leak
java heap space out of memory on prod-server-2,Memory Leak
memory leak suspected in application on api-gateway,Memory Leak
java heap space out of memory on kafka-broker,Memory Leak
memory allocation failure occurred on frontend-app,Memory Leak
memory leak suspected in application on auth-service,Memory Leak
memory leak suspected in application on redis-cache,Memory Leak
high memory utilization detected on prod-server-1,Memory Leak
memory leak suspected in application on kafka-broker,Memory Leak
memory allocation failure occurred on redis-cache,Memory Leak
memory allocation failure occurred on prod-server-2,Memory Leak
high memory utilization detected on payment-service,Memory Leak
memory leak suspected in application on api-gateway,Memory Leak
high memory utilization detected on frontend-app,Memory Leak
java heap space out of memory on prod-server-1,Memory Leak
high memory utilization detected on k8s-node-4,Memory Leak
oom killer terminated process on payment-service,Memory Leak
container memory usage continuously increasing on auth-service,Memory Leak
oom killer terminated process on redis-cache,Memory Leak
high memory utilization detected on prod-server-1,Memory Leak
memory allocation failure occurred on api-gateway,Memory Leak
memory leak suspected in application on api-gateway,Memory Leak
java heap space out of memory on k8s-node-4,Memory Leak
oom killer terminated process on api-gateway,Memory Leak
high memory utilization detected on prod-server-1,Memory Leak
container memory usage continuously increasing on prod-server-1,Memory Leak
memory leak suspected in application on payment-service,Memory Leak
high memory utilization detected on payment-service,Memory Leak
container memory usage continuously increasing on auth-service,Memory Leak
memory leak suspected in application on redis-cache,Memory Leak
java heap space out of memory on kafka-broker,Memory Leak
high memory utilization detected on prod-server-1,Memory Leak
oom killer terminated process on frontend-app,Memory Leak
memory allocation failure occurred on kafka-broker,Memory Leak
high memory utilization detected on db-cluster,Memory Leak
container memory usage continuously increasing on api-gateway,Memory Leak
high memory utilization detected on prod-server-1,Memory Leak
java heap space out of memory on db-cluster,Memory Leak
container memory usage continuously increasing on db-cluster,Memory Leak
memory allocation failure occurred on payment-service,Memory Leak
memory allocation failure occurred on payment-service,Memory Leak
oom killer terminated process on db-cluster,Memory Leak
java heap space out of memory on payment-service,Memory Leak
memory leak suspected in application on db-cluster,Memory Leak
memory leak suspected in application on db-cluster,Memory Leak
container memory usage continuously increasing on prod-server-1,Memory Leak
memory leak suspected in application on api-gateway,Memory Leak
oom killer terminated process on kafka-broker,Memory Leak
java heap space out of memory on redis-cache,Memory Leak
memory leak suspected in application on prod-server-2,Memory Leak
memory leak suspected in application on prod-server-2,Memory Leak
oom killer terminated process on payment-service,Memory Leak
java heap space out of memory on k8s-node-4,Memory Leak
memory allocation failure occurred on k8s-node-4,Memory Leak
memory allocation failure occurred on auth-service,Memory Leak
high memory utilization detected on api-gateway,Memory Leak
container memory usage continuously increasing on auth-service,Memory Leak
memory allocation failure occurred on prod-server-1,Memory Leak
high memory utilization detected on redis-cache,Memory Leak
oom killer terminated process on k8s-node-4,Memory Leak
container memory usage continuously increasing on payment-service,Memory Leak
memory allocation failure occurred on frontend-app,Memory Leak
memory leak suspected in application on api-gateway,Memory Leak
memory leak suspected in application on prod-server-1,Memory Leak
high memory utilization detected on auth-service,Memory Leak
java heap space out of memory on db-cluster,Memory Leak
high memory utilization detected on auth-service,Memory Leak
memory leak suspected in application on frontend-app,Memory Leak
high memory utilization detected on api-gateway,Memory Leak
oom killer terminated process on payment-service,Memory Leak
oom killer terminated process on kafka-broker,Memory Leak
java heap space out of memory on redis-cache,Memory Leak
high memory utilization detected on payment-service,Memory Leak
java heap space out of memory on prod-server-1,Memory Leak
java heap space out of memory on redis-cache,Memory Leak
memory allocation failure occurred on redis-cache,Memory Leak
oom killer terminated process on db-cluster,Memory Leak
oom killer terminated process on db-cluster,Memory Leak
java heap space out of memory on prod-server-2,Memory Leak
oom killer terminated process on api-gateway,Memory Leak
container memory usage continuously increasing on api-gateway,Memory Leak
memory allocation failure occurred on frontend-app,Memory Leak
memory leak suspected in application on db-cluster,Memory Leak
high memory utilization detected on redis-cache,Memory Leak
memory leak suspected in application on prod-server-2,Memory Leak
oom killer terminated process on prod-server-2,Memory Leak
container memory usage continuously increasing on k8s-node-4,Memory Leak
memory allocation failure occurred on kafka-broker,Memory Leak
java heap space out of memory on k8s-node-4,Memory Leak
oom killer terminated process on prod-server-1,Memory Leak
container memory usage continuously increasing on prod-server-1,Memory Leak
memory leak suspected in application on k8s-node-4,Memory Leak
high memory utilization detected on db-cluster,Memory Leak
memory leak suspected in application on prod-server-1,Memory Leak
container memory usage continuously increasing on api-gateway,Memory Leak
container memory usage continuously increasing on auth-service,Memory Leak
java heap space out of memory on api-gateway,Memory Leak
memory allocation failure occurred on prod-server-2,Memory Leak
high memory utilization detected on api-gateway,Memory Leak
memory leak suspected in application on db-cluster,Memory Leak
memory leak suspected in application on payment-service,Memory Leak
oom killer terminated process on frontend-app,Memory Leak
high memory utilization detected on prod-server-1,Memory Leak
memory leak suspected in application on k8s-node-4,Memory Leak
memory allocation failure occurred on redis-cache,Memory Leak
memory leak suspected in application on api-gateway,Memory Leak
memory leak suspected in application on k8s-node-4,Memory Leak
high memory utilization detected on payment-service,Memory Leak
memory allocation failure occurred on prod-server-1,Memory Leak
java heap space out of memory on api-gateway,Memory Leak
memory leak suspected in application on prod-server-2,Memory Leak
container memory usage continuously increasing on db-cluster,Memory Leak
memory leak suspected in application on prod-server-2,Memory Leak
high memory utilization detected on redis-cache,Memory Leak
high memory utilization detected on api-gateway,Memory Leak
java heap space out of memory on api-gateway,Memory Leak
memory leak suspected in application on k8s-node-4,Memory Leak
java heap space out of memory on auth-service,Memory Leak
memory leak suspected in application on db-cluster,Memory Leak
memory allocation failure occurred on prod-server-2,Memory Leak
memory leak suspected in application on prod-server-1,Memory Leak
memory allocation failure occurred on prod-server-1,Memory Leak
container memory usage continuously increasing on k8s-node-4,Memory Leak
memory allocation failure occurred on prod-server-2,Memory Leak
memory leak suspected in application on kafka-broker,Memory Leak
memory allocation failure occurred on prod-server-1,Memory Leak
memory allocation failure occurred on kafka-broker,Memory Leak
memory leak suspected in application on payment-service,Memory Leak
memory leak suspected in application on k8s-node-4,Memory Leak
high memory utilization detected on frontend-app,Memory Leak
oom killer terminated process on auth-service,Memory Leak
memory leak suspected in application on kafka-broker,Memory Leak
container memory usage continuously increasing on auth-service,Memory Leak
memory allocation failure occurred on payment-service,Memory Leak
high memory utilization detected on prod-server-1,Memory Leak
memory leak suspected in application on prod-server-2,Memory Leak
memory allocation failure occurred on k8s-node-4,Memory Leak
oom killer terminated process on kafka-broker,Memory Leak
oom killer terminated process on prod-server-2,Memory Leak
java heap space out of memory on prod-server-1,Memory Leak
high memory utilization detected on payment-service,Memory Leak
container memory usage continuously increasing on prod-server-2,Memory Leak
high memory utilization detected on prod-server-1,Memory Leak
memory allocation failure occurred on prod-server-1,Memory Leak
high memory utilization detected on kafka-broker,Memory Leak
container memory usage continuously increasing on api-gateway,Memory Leak
memory allocation failure occurred on payment-service,Memory Leak
memory leak suspected in application on redis-cache,Memory Leak
memory leak suspected in application on api-gateway,Memory Leak
java heap space out of memory on frontend-app,Memory Leak
java heap space out of memory on prod-server-2,Memory Leak
memory allocation failure occurred on redis-cache,Memory Leak
java heap space out of memory on auth-service,Memory Leak
java heap space out of memory on payment-service,Memory Leak
memory allocation failure occurred on auth-service,Memory Leak
java heap space out of memory on db-cluster,Memory Leak
oom killer terminated process on redis-cache,Memory Leak
high memory utilization detected on auth-service,Memory Leak
memory leak suspected in application on payment-service,Memory Leak
high memory utilization detected on prod-server-2,Memory Leak
memory leak suspected in application on payment-service,Memory Leak
memory leak suspected in application on payment-service,Memory Leak
high memory utilization detected on prod-server-2,Memory Leak
oom killer terminated process on prod-server-1,Memory Leak
memory allocation failure occurred on payment-service,Memory Leak
java heap space out of memory on auth-service,Memory Leak
java heap space out of memory on prod-server-2,Memory Leak
oom killer terminated process on prod-server-1,Memory Leak
java heap space out of memory on auth-service,Memory Leak
oom killer terminated process on auth-service,Memory Leak
memory leak suspected in application on k8s-node-4,Memory Leak
high memory utilization detected on db-cluster,Memory Leak
java heap space out of memory on prod-server-2,Memory Leak
memory allocation failure occurred on prod-server-1,Memory Leak
memory leak suspected in application on auth-service,Memory Leak
memory leak suspected in application on k8s-node-4,Memory Leak
oom killer terminated process on payment-service,Memory Leak
container memory usage continuously increasing on payment-service,Memory Leak
oom killer terminated process on frontend-app,Memory Leak
java heap space out of memory on db-cluster,Memory Leak
memory leak suspected in application on api-gateway,Memory Leak
memory allocation failure occurred on db-cluster,Memory Leak
java heap space out of memory on auth-service,Memory Leak
container memory usage continuously increasing on auth-service,Memory Leak
container memory usage continuously increasing on db-cluster,Memory Leak
oom killer terminated process on k8s-node-4,Memory Leak
high memory utilization detected on api-gateway,Memory Leak
container memory usage continuously increasing on k8s-node-4,Memory Leak
oom killer terminated process on kafka-broker,Memory Leak
memory leak suspected in application on prod-server-1,Memory Leak
memory leak suspected in application on db-cluster,Memory Leak
memory allocation failure occurred on kafka-broker,Memory Leak
container memory usage continuously increasing on db-cluster,Memory Leak
container memory usage continuously increasing on k8s-node-4,Memory Leak
java heap space out of memory on auth-service,Memory Leak
high memory utilization detected on db-cluster,Memory Leak
java heap space out of memory on prod-server-2,Memory Leak
memory allocation failure occurred on prod-server-1,Memory Leak
memory allocation failure occurred on auth-service,Memory Leak
java heap space out of memory on kafka-broker,Memory Leak
container memory usage continuously increasing on auth-service,Memory Leak
high memory utilization detected on frontend-app,Memory Leak
java heap space out of memory on redis-cache,Memory Leak
high memory utilization detected on prod-server-1,Memory Leak
memory leak suspected in application on payment-service,Memory Leak
java heap space out of memory on redis-cache,Memory Leak
high memory utilization detected on db-cluster,Memory Leak
container memory usage continuously increasing on frontend-app,Memory Leak
memory allocation failure occurred on api-gateway,Memory Leak
oom killer terminated process on frontend-app,Memory Leak
memory allocation failure occurred on prod-server-2,Memory Leak
memory allocation failure occurred on payment-service,Memory Leak
memory leak suspected in application on prod-server-2,Memory Leak
high memory utilization detected on payment-service,Memory Leak
memory allocation failure occurred on payment-service,Memory Leak
container memory usage continuously increasing on auth-service,Memory Leak
oom killer terminated process on kafka-broker,Memory Leak
java heap space out of memory on prod-server-1,Memory Leak
high memory utilization detected on auth-service,Memory Leak
oom killer terminated process on redis-cache,Memory Leak
memory allocation failure occurred on payment-service,Memory Leak
memory leak suspected in application on redis-cache,Memory Leak
memory leak suspected in application on payment-service,Memory Leak
oom killer terminated process on redis-cache,Memory Leak
memory allocation failure occurred on api-gateway,Memory Leak
container memory usage continuously increasing on frontend-app,Memory Leak
high memory utilization detected on k8s-node-4,Memory Leak
memory allocation failure occurred on prod-server-2,Memory Leak
high memory utilization detected on payment-service,Memory Leak
memory leak suspected in application on redis-cache,Memory Leak
oom killer terminated process on api-gateway,Memory Leak
java heap space out of memory on k8s-node-4,Memory Leak
high memory utilization detected on db-cluster,Memory Leak
oom killer terminated process on auth-service,Memory Leak
container memory usage continuously increasing on prod-server-2,Memory Leak
memory allocation failure occurred on payment-service,Memory Leak
container memory usage continuously increasing on auth-service,Memory Leak
container memory usage continuously increasing on auth-service,Memory Leak
oom killer terminated process on prod-server-2,Memory Leak
container memory usage continuously increasing on kafka-broker,Memory Leak
java heap space out of memory on api-gateway,Memory Leak
memory allocation failure occurred on api-gateway,Memory Leak
high memory utilization detected on redis-cache,Memory Leak
high memory utilization detected on redis-cache,Memory Leak
oom killer terminated process on db-cluster,Memory Leak
container memory usage continuously increasing on payment-service,Memory Leak
high memory utilization detected on kafka-broker,Memory Leak
memory allocation failure occurred on prod-server-2,Memory Leak
container memory usage continuously increasing on k8s-node-4,Memory Leak
memory allocation failure occurred on frontend-app,Memory Leak
memory allocation failure occurred on db-cluster,Memory Leak
java heap space out of memory on db-cluster,Memory Leak
java heap space out of memory on db-cluster,Memory Leak
memory allocation failure occurred on redis-cache,Memory Leak
memory leak suspected in application on payment-service,Memory Leak
memory allocation failure occurred on redis-cache,Memory Leak
high memory utilization detected on frontend-app,Memory Leak
container memory usage continuously increasing on db-cluster,Memory Leak
container memory usage continuously increasing on redis-cache,Memory Leak
memory allocation failure occurred on frontend-app,Memory Leak
java heap space out of memory on frontend-app,Memory Leak
memory allocation failure occurred on kafka-broker,Memory Leak
memory leak suspected in application on db-cluster,Memory Leak
container memory usage continuously increasing on prod-server-1,Memory Leak
high memory utilization detected on auth-service,Memory Leak
oom killer terminated process on kafka-broker,Memory Leak
high memory utilization detected on prod-server-2,Memory Leak
high memory utilization detected on db-cluster,Memory Leak
memory leak suspected in application on redis-cache,Memory Leak
oom killer terminated process on frontend-app,Memory Leak
container memory usage continuously increasing on k8s-node-4,Memory Leak
memory allocation failure occurred on prod-server-2,Memory Leak
oom killer terminated process on api-gateway,Memory Leak
container memory usage continuously increasing on redis-cache,Memory Leak
high memory utilization detected on payment-service,Memory Leak
memory allocation failure occurred on frontend-app,Memory Leak
memory leak suspected in application on k8s-node-4,Memory Leak
memory allocation failure occurred on prod-server-1,Memory Leak
memory allocation failure occurred on k8s-node-4,Memory Leak
oom killer terminated process on k8s-node-4,Memory Leak
container memory usage continuously increasing on frontend-app,Memory Leak
memory allocation failure occurred on api-gateway,Memory Leak
high memory utilization detected on payment-service,Memory Leak
oom killer terminated process on prod-server-1,Memory Leak
memory leak suspected in application on kafka-broker,Memory Leak
high memory utilization detected on kafka-broker,Memory Leak
container memory usage continuously increasing on redis-cache,Memory Leak
high memory utilization detected on kafka-broker,Memory Leak
oom killer terminated process on api-gateway,Memory Leak
high memory utilization detected on prod-server-1,Memory Leak
memory leak suspected in application on auth-service,Memory Leak
high memory utilization detected on k8s-node-4,Memory Leak
container memory usage continuously increasing on prod-server-2,Memory Leak
oom killer terminated process on k8s-node-4,Memory Leak
memory leak suspected in application on redis-cache,Memory Leak
oom killer terminated process on api-gateway,Memory Leak
memory allocation failure occurred on frontend-app,Memory Leak
container memory usage continuously increasing on frontend-app,Memory Leak
container memory usage continuously increasing on kafka-broker,Memory Leak
memory allocation failure occurred on auth-service,Memory Leak
memory allocation failure occurred on payment-service,Memory Leak
memory allocation failure occurred on prod-server-1,Memory Leak
high memory utilization detected on prod-server-2,Memory Leak
java heap space out of memory on db-cluster,Memory Leak
java heap space out of memory on k8s-node-4,Memory Leak
high memory utilization detected on db-cluster,Memory Leak
memory allocation failure occurred on api-gateway,Memory Leak
oom killer terminated process on db-cluster,Memory Leak
java heap space out of memory on prod-server-2,Memory Leak
high memory utilization detected on prod-server-2,Memory Leak
memory leak suspected in application on db-cluster,Memory Leak
container memory usage continuously increasing on db-cluster,Memory Leak
high memory utilization detected on payment-service,Memory Leak
memory allocation failure occurred on redis-cache,Memory Leak
java heap space out of memory on redis-cache,Memory Leak
memory allocation failure occurred on k8s-node-4,Memory Leak
high memory utilization detected on prod-server-2,Memory Leak
memory allocation failure occurred on prod-server-1,Memory Leak
container memory usage continuously increasing on k8s-node-4,Memory Leak
java heap space out of memory on k8s-node-4,Memory Leak
memory allocation failure occurred on prod-server-1,Memory Leak
high memory utilization detected on frontend-app,Memory Leak
container memory usage continuously increasing on k8s-node-4,Memory Leak
java heap space out of memory on frontend-app,Memory Leak
memory allocation failure occurred on frontend-app,Memory Leak
java heap space out of memory on k8s-node-4,Memory Leak
java heap space out of memory on frontend-app,Memory Leak
oom killer terminated process on kafka-broker,Memory Leak
java heap space out of memory on redis-cache,Memory Leak
high memory utilization detected on frontend-app,Memory Leak
cpu saturation warning triggered on db-cluster,CPU Spike
cpu usage exceeded critical threshold on prod-server-1,CPU Spike
unexpected processor spike detected on redis-cache,CPU Spike
container cpu throttling activated on payment-service,CPU Spike
cpu usage exceeded critical threshold on prod-server-2,CPU Spike
cpu saturation warning triggered on frontend-app,CPU Spike
cpu saturation warning triggered on auth-service,CPU Spike
container cpu throttling activated on prod-server-2,CPU Spike
cpu usage exceeded critical threshold on frontend-app,CPU Spike
system under heavy computational load on kafka-broker,CPU Spike
cpu saturation warning triggered on auth-service,CPU Spike
system under heavy computational load on redis-cache,CPU Spike
cpu saturation warning triggered on redis-cache,CPU Spike
system under heavy computational load on db-cluster,CPU Spike
high cpu load on production node on frontend-app,CPU Spike
container cpu throttling activated on frontend-app,CPU Spike
cpu usage exceeded critical threshold on db-cluster,CPU Spike
unexpected processor spike detected on payment-service,CPU Spike
system under heavy computational load on api-gateway,CPU Spike
cpu usage exceeded critical threshold on auth-service,CPU Spike
unexpected processor spike detected on kafka-broker,CPU Spike
unexpected processor spike detected on db-cluster,CPU Spike
high cpu load on production node on prod-server-1,CPU Spike
cpu saturation warning triggered on prod-server-1,CPU Spike
container cpu throttling activated on k8s-node-4,CPU Spike
cpu saturation warning triggered on api-gateway,CPU Spike
container cpu throttling activated on kafka-broker,CPU Spike
container cpu throttling activated on prod-server-2,CPU Spike
cpu saturation warning triggered on prod-server-2,CPU Spike
system under heavy computational load on kafka-broker,CPU Spike
system under heavy computational load on prod-server-2,CPU Spike
container cpu throttling activated on kafka-broker,CPU Spike
cpu saturation warning triggered on payment-service,CPU Spike
cpu saturation warning triggered on auth-service,CPU Spike
system under heavy computational load on payment-service,CPU Spike
cpu usage exceeded critical threshold on db-cluster,CPU Spike
unexpected processor spike detected on kafka-broker,CPU Spike
cpu saturation warning triggered on redis-cache,CPU Spike
high cpu load on production node on redis-cache,CPU Spike
system under heavy computational load on kafka-broker,CPU Spike
high cpu load on production node on frontend-app,CPU Spike
cpu usage exceeded critical threshold on prod-server-2,CPU Spike
high cpu load on production node on api-gateway,CPU Spike
high cpu load on production node on db-cluster,CPU Spike
high cpu load on production node on db-cluster,CPU Spike
unexpected processor spike detected on payment-service,CPU Spike
cpu saturation warning triggered on auth-service,CPU Spike
unexpected processor spike detected on prod-server-1,CPU Spike
cpu saturation warning triggered on prod-server-2,CPU Spike
system under heavy computational load on auth-service,CPU Spike
cpu saturation warning triggered on k8s-node-4,CPU Spike
system under heavy computational load on api-gateway,CPU Spike
cpu saturation warning triggered on prod-server-1,CPU Spike
cpu usage exceeded critical threshold on db-cluster,CPU Spike
cpu saturation warning triggered on redis-cache,CPU Spike
high cpu load on production node on auth-service,CPU Spike
high cpu load on production node on prod-server-2,CPU Spike
unexpected processor spike detected on db-cluster,CPU Spike
cpu saturation warning triggered on api-gateway,CPU Spike
cpu usage exceeded critical threshold on prod-server-2,CPU Spike
system under heavy computational load on kafka-broker,CPU Spike
cpu saturation warning triggered on kafka-broker,CPU Spike
cpu usage exceeded critical threshold on kafka-broker,CPU Spike
high cpu load on production node on db-cluster,CPU Spike
high cpu load on production node on db-cluster,CPU Spike
high cpu load on production node on api-gateway,CPU Spike
cpu saturation warning triggered on frontend-app,CPU Spike
cpu saturation warning triggered on kafka-broker,CPU Spike
system under heavy computational load on kafka-broker,CPU Spike
unexpected processor spike detected on frontend-app,CPU Spike
cpu usage exceeded critical threshold on prod-server-1,CPU Spike
high cpu load on production node on payment-service,CPU Spike
container cpu throttling activated on prod-server-1,CPU Spike
high cpu load on production node on api-gateway,CPU Spike
unexpected processor spike detected on payment-service,CPU Spike
cpu usage exceeded critical threshold on kafka-broker,CPU Spike
high cpu load on production node on frontend-app,CPU Spike
system under heavy computational load on db-cluster,CPU Spike
system under heavy computational load on prod-server-2,CPU Spike
container cpu throttling activated on auth-service,CPU Spike
system under heavy computational load on api-gateway,CPU Spike
unexpected processor spike detected on payment-service,CPU Spike
system under heavy computational load on auth-service,CPU Spike
system under heavy computational load on prod-server-1,CPU Spike
system under heavy computational load on payment-service,CPU Spike
unexpected processor spike detected on k8s-node-4,CPU Spike
cpu saturation warning triggered on payment-service,CPU Spike
container cpu throttling activated on db-cluster,CPU Spike
unexpected processor spike detected on prod-server-1,CPU Spike
system under heavy computational load on api-gateway,CPU Spike
unexpected processor spike detected on k8s-node-4,CPU Spike
cpu usage exceeded critical threshold on auth-service,CPU Spike
system under heavy computational load on prod-server-2,CPU Spike
system under heavy computational load on kafka-broker,CPU Spike
high cpu load on production node on k8s-node-4,CPU Spike
system under heavy computational load on api-gateway,CPU Spike
high cpu load on production node on k8s-node-4,CPU Spike
cpu saturation warning triggered on prod-server-1,CPU Spike
cpu saturation warning triggered on redis-cache,CPU Spike
system under heavy computational load on payment-service,CPU Spike
system under heavy computational load on db-cluster,CPU Spike
cpu saturation warning triggered on prod-server-2,CPU Spike
cpu saturation warning triggered on prod-server-1,CPU Spike
cpu usage exceeded critical threshold on redis-cache,CPU Spike
high cpu load on production node on redis-cache,CPU Spike
high cpu load on production node on k8s-node-4,CPU Spike
container cpu throttling activated on payment-service,CPU Spike
system under heavy computational load on frontend-app,CPU Spike
system under heavy computational load on auth-service,CPU Spike
cpu usage exceeded critical threshold on prod-server-1,CPU Spike
container cpu throttling activated on frontend-app,CPU Spike
cpu saturation warning triggered on prod-server-2,CPU Spike
unexpected processor spike detected on payment-service,CPU Spike
container cpu throttling activated on db-cluster,CPU Spike
high cpu load on production node on prod-server-2,CPU Spike
unexpected processor spike detected on api-gateway,CPU Spike
cpu saturation warning triggered on payment-service,CPU Spike
system under heavy computational load on payment-service,CPU Spike
high cpu load on production node on k8s-node-4,CPU Spike
container cpu throttling activated on db-cluster,CPU Spike
cpu saturation warning triggered on auth-service,CPU Spike
system under heavy computational load on kafka-broker,CPU Spike
system under heavy computational load on prod-server-1,CPU Spike
cpu saturation warning triggered on redis-cache,CPU Spike
system under heavy computational load on prod-server-2,CPU Spike
cpu usage exceeded critical threshold on k8s-node-4,CPU Spike
cpu saturation warning triggered on prod-server-2,CPU Spike
cpu saturation warning triggered on k8s-node-4,CPU Spike
system under heavy computational load on prod-server-2,CPU Spike
high cpu load on production node on redis-cache,CPU Spike
system under heavy computational load on frontend-app,CPU Spike
cpu usage exceeded critical threshold on k8s-node-4,CPU Spike
cpu saturation warning triggered on frontend-app,CPU Spike
unexpected processor spike detected on kafka-broker,CPU Spike
high cpu load on production node on auth-service,CPU Spike
cpu usage exceeded critical threshold on api-gateway,CPU Spike
high cpu load on production node on kafka-broker,CPU Spike
unexpected processor spike detected on k8s-node-4,CPU Spike
high cpu load on production node on api-gateway,CPU Spike
unexpected processor spike detected on auth-service,CPU Spike
high cpu load on production node on prod-server-2,CPU Spike
cpu usage exceeded critical threshold on redis-cache,CPU Spike
system under heavy computational load on payment-service,CPU Spike
cpu usage exceeded critical threshold on redis-cache,CPU Spike
unexpected processor spike detected on db-cluster,CPU Spike
cpu usage exceeded critical threshold on k8s-node-4,CPU Spike
unexpected processor spike detected on kafka-broker,CPU Spike
cpu usage exceeded critical threshold on k8s-node-4,CPU Spike
cpu saturation warning triggered on frontend-app,CPU Spike
high cpu load on production node on redis-cache,CPU Spike
unexpected processor spike detected on prod-server-1,CPU Spike
container cpu throttling activated on redis-cache,CPU Spike
unexpected processor spike detected on kafka-broker,CPU Spike
container cpu throttling activated on frontend-app,CPU Spike
cpu usage exceeded critical threshold on prod-server-2,CPU Spike
system under heavy computational load on frontend-app,CPU Spike
system under heavy computational load on k8s-node-4,CPU Spike
high cpu load on production node on redis-cache,CPU Spike
cpu saturation warning triggered on frontend-app,CPU Spike
cpu usage exceeded critical threshold on prod-server-1,CPU Spike
high cpu load on production node on redis-cache,CPU Spike
cpu saturation warning triggered on redis-cache,CPU Spike
cpu saturation warning triggered on k8s-node-4,CPU Spike
system under heavy computational load on frontend-app,CPU Spike
cpu usage exceeded critical threshold on redis-cache,CPU Spike
cpu saturation warning triggered on redis-cache,CPU Spike
high cpu load on production node on db-cluster,CPU Spike
container cpu throttling activated on api-gateway,CPU Spike
system under heavy computational load on k8s-node-4,CPU Spike
cpu saturation warning triggered on k8s-node-4,CPU Spike
unexpected processor spike detected on payment-service,CPU Spike
cpu saturation warning triggered on kafka-broker,CPU Spike
cpu usage exceeded critical threshold on prod-server-2,CPU Spike
high cpu load on production node on payment-service,CPU Spike
cpu saturation warning triggered on kafka-broker,CPU Spike
system under heavy computational load on db-cluster,CPU Spike
system under heavy computational load on redis-cache,CPU Spike
system under heavy computational load on k8s-node-4,CPU Spike
unexpected processor spike detected on auth-service,CPU Spike
container cpu throttling activated on prod-server-1,CPU Spike
cpu saturation warning triggered on prod-server-1,CPU Spike
cpu saturation warning triggered on k8s-node-4,CPU Spike
cpu usage exceeded critical threshold on payment-service,CPU Spike
cpu saturation warning triggered on redis-cache,CPU Spike
container cpu throttling activated on prod-server-2,CPU Spike
high cpu load on production node on payment-service,CPU Spike
cpu usage exceeded critical threshold on redis-cache,CPU Spike
cpu usage exceeded critical threshold on prod-server-2,CPU Spike
container cpu throttling activated on frontend-app,CPU Spike
high cpu load on production node on frontend-app,CPU Spike
cpu usage exceeded critical threshold on db-cluster,CPU Spike
system under heavy computational load on prod-server-2,CPU Spike
container cpu throttling activated on redis-cache,CPU Spike
cpu usage exceeded critical threshold on kafka-broker,CPU Spike
cpu saturation warning triggered on prod-server-1,CPU Spike
high cpu load on production node on auth-service,CPU Spike
cpu usage exceeded critical threshold on frontend-app,CPU Spike
high cpu load on production node on kafka-broker,CPU Spike
unexpected processor spike detected on db-cluster,CPU Spike
container cpu throttling activated on api-gateway,CPU Spike
cpu usage exceeded critical threshold on frontend-app,CPU Spike
cpu usage exceeded critical threshold on k8s-node-4,CPU Spike
cpu saturation warning triggered on redis-cache,CPU Spike
unexpected processor spike detected on k8s-node-4,CPU Spike
container cpu throttling activated on k8s-node-4,CPU Spike
high cpu load on production node on kafka-broker,CPU Spike
system under heavy computational load on db-cluster,CPU Spike
cpu usage exceeded critical threshold on prod-server-1,CPU Spike
cpu usage exceeded critical threshold on k8s-node-4,CPU Spike
container cpu throttling activated on api-gateway,CPU Spike
high cpu load on production node on api-gateway,CPU Spike
high cpu load on production node on redis-cache,CPU Spike
unexpected processor spike detected on frontend-app,CPU Spike
high cpu load on production node on prod-server-1,CPU Spike
cpu usage exceeded critical threshold on db-cluster,CPU Spike
container cpu throttling activated on prod-server-2,CPU Spike
cpu usage exceeded critical threshold on payment-service,CPU Spike
unexpected processor spike detected on auth-service,CPU Spike
cpu usage exceeded critical threshold on auth-service,CPU Spike
container cpu throttling activated on auth-service,CPU Spike
high cpu load on production node on frontend-app,CPU Spike
unexpected processor spike detected on frontend-app,CPU Spike
unexpected processor spike detected on payment-service,CPU Spike
cpu usage exceeded critical threshold on prod-server-2,CPU Spike
container cpu throttling activated on auth-service,CPU Spike
container cpu throttling activated on prod-server-1,CPU Spike
system under heavy computational load on kafka-broker,CPU Spike
cpu usage exceeded critical threshold on auth-service,CPU Spike
unexpected processor spike detected on auth-service,CPU Spike
high cpu load on production node on frontend-app,CPU Spike
high cpu load on production node on redis-cache,CPU Spike
system under heavy computational load on auth-service,CPU Spike
unexpected processor spike detected on auth-service,CPU Spike
cpu saturation warning triggered on frontend-app,CPU Spike
high cpu load on production node on redis-cache,CPU Spike
high cpu load on production node on prod-server-2,CPU Spike
high cpu load on production node on payment-service,CPU Spike
system under heavy computational load on redis-cache,CPU Spike
cpu usage exceeded critical threshold on api-gateway,CPU Spike
container cpu throttling activated on api-gateway,CPU Spike
container cpu throttling activated on api-gateway,CPU Spike
high cpu load on production node on redis-cache,CPU Spike
high cpu load on production node on kafka-broker,CPU Spike
high cpu load on production node on redis-cache,CPU Spike
high cpu load on production node on db-cluster,CPU Spike
cpu usage exceeded critical threshold on kafka-broker,CPU Spike
container cpu throttling activated on kafka-broker,CPU Spike
cpu saturation warning triggered on redis-cache,CPU Spike
container cpu throttling activated on k8s-node-4,CPU Spike
unexpected processor spike detected on auth-service,CPU Spike
cpu usage exceeded critical threshold on prod-server-2,CPU Spike
unexpected processor spike detected on prod-server-1,CPU Spike
container cpu throttling activated on kafka-broker,CPU Spike
cpu usage exceeded critical threshold on k8s-node-4,CPU Spike
high cpu load on production node on prod-server-1,CPU Spike
unexpected processor spike detected on frontend-app,CPU Spike
unexpected processor spike detected on auth-service,CPU Spike
system under heavy computational load on payment-service,CPU Spike
container cpu throttling activated on k8s-node-4,CPU Spike
cpu saturation warning triggered on k8s-node-4,CPU Spike
container cpu throttling activated on prod-server-1,CPU Spike
system under heavy computational load on auth-service,CPU Spike
container cpu throttling activated on auth-service,CPU Spike
container cpu throttling activated on kafka-broker,CPU Spike
unexpected processor spike detected on k8s-node-4,CPU Spike
cpu saturation warning triggered on api-gateway,CPU Spike
system under heavy computational load on kafka-broker,CPU Spike
unexpected processor spike detected on redis-cache,CPU Spike
cpu usage exceeded critical threshold on prod-server-2,CPU Spike
system under heavy computational load on api-gateway,CPU Spike
cpu saturation warning triggered on db-cluster,CPU Spike
unexpected processor spike detected on db-cluster,CPU Spike
high cpu load on production node on db-cluster,CPU Spike
cpu usage exceeded critical threshold on prod-server-1,CPU Spike
cpu saturation warning triggered on auth-service,CPU Spike
high cpu load on production node on db-cluster,CPU Spike
cpu saturation warning triggered on prod-server-1,CPU Spike
cpu saturation warning triggered on api-gateway,CPU Spike
cpu saturation warning triggered on frontend-app,CPU Spike
cpu saturation warning triggered on kafka-broker,CPU Spike
cpu saturation warning triggered on kafka-broker,CPU Spike
cpu saturation warning triggered on kafka-broker,CPU Spike
system under heavy computational load on prod-server-2,CPU Spike
unexpected processor spike detected on prod-server-1,CPU Spike
system under heavy computational load on kafka-broker,CPU Spike
cpu usage exceeded critical threshold on prod-server-2,CPU Spike
cpu usage exceeded critical threshold on redis-cache,CPU Spike
unexpected processor spike detected on redis-cache,CPU Spike
container cpu throttling activated on db-cluster,CPU Spike
cpu saturation warning triggered on prod-server-1,CPU Spike
unexpected processor spike detected on redis-cache,CPU Spike
cpu usage exceeded critical threshold on auth-service,CPU Spike
high cpu load on production node on payment-service,CPU Spike
unexpected processor spike detected on kafka-broker,CPU Spike
cpu saturation warning triggered on payment-service,CPU Spike
container cpu throttling activated on kafka-broker,CPU Spike
cpu saturation warning triggered on kafka-broker,CPU Spike
high cpu load on production node on k8s-node-4,CPU Spike
cpu saturation warning triggered on redis-cache,CPU Spike
system under heavy computational load on frontend-app,CPU Spike
system under heavy computational load on prod-server-2,CPU Spike
container cpu throttling activated on auth-service,CPU Spike
cpu usage exceeded critical threshold on db-cluster,CPU Spike
cpu saturation warning triggered on payment-service,CPU Spike
high cpu load on production node on redis-cache,CPU Spike
cpu saturation warning triggered on k8s-node-4,CPU Spike
cpu usage exceeded critical threshold on frontend-app,CPU Spike
cpu usage exceeded critical threshold on api-gateway,CPU Spike
cpu usage exceeded critical threshold on redis-cache,CPU Spike
container cpu throttling activated on kafka-broker,CPU Spike
unexpected processor spike detected on frontend-app,CPU Spike
high cpu load on production node on db-cluster,CPU Spike
cpu usage exceeded critical threshold on payment-service,CPU Spike
cpu usage exceeded critical threshold on payment-service,CPU Spike
high cpu load on production node on api-gateway,CPU Spike
system under heavy computational load on frontend-app,CPU Spike
system under heavy computational load on api-gateway,CPU Spike
cpu saturation warning triggered on kafka-broker,CPU Spike
high cpu load on production node on kafka-broker,CPU Spike
container cpu throttling activated on payment-service,CPU Spike
container cpu throttling activated on kafka-broker,CPU Spike
high cpu load on production node on k8s-node-4,CPU Spike
high cpu load on production node on redis-cache,CPU Spike
cpu saturation warning triggered on api-gateway,CPU Spike
container cpu throttling activated on auth-service,CPU Spike
high cpu load on production node on kafka-broker,CPU Spike
system under heavy computational load on payment-service,CPU Spike
unexpected processor spike detected on api-gateway,CPU Spike
cpu saturation warning triggered on payment-service,CPU Spike
cpu usage exceeded critical threshold on api-gateway,CPU Spike
high cpu load on production node on prod-server-1,CPU Spike
container cpu throttling activated on api-gateway,CPU Spike
container cpu throttling activated on kafka-broker,CPU Spike
system under heavy computational load on api-gateway,CPU Spike
unexpected processor spike detected on kafka-broker,CPU Spike
system under heavy computational load on kafka-broker,CPU Spike
unexpected processor spike detected on api-gateway,CPU Spike
unexpected processor spike detected on payment-service,CPU Spike
cpu usage exceeded critical threshold on kafka-broker,CPU Spike
container cpu throttling activated on prod-server-1,CPU Spike
container cpu throttling activated on payment-service,CPU Spike
cpu saturation warning triggered on kafka-broker,CPU Spike
unexpected processor spike detected on db-cluster,CPU Spike
cpu usage exceeded critical threshold on auth-service,CPU Spike
high cpu load on production node on api-gateway,CPU Spike
high cpu load on production node on prod-server-1,CPU Spike
high cpu load on production node on redis-cache,CPU Spike
cpu usage exceeded critical threshold on frontend-app,CPU Spike
unexpected processor spike detected on prod-server-2,CPU Spike
system under heavy computational load on kafka-broker,CPU Spike
container cpu throttling activated on redis-cache,CPU Spike
system under heavy computational load on api-gateway,CPU Spike
cpu usage exceeded critical threshold on k8s-node-4,CPU Spike
system under heavy computational load on payment-service,CPU Spike
cpu saturation warning triggered on frontend-app,CPU Spike
high cpu load on production node on payment-service,CPU Spike
system under heavy computational load on prod-server-2,CPU Spike
cpu usage exceeded critical threshold on payment-service,CPU Spike
unexpected processor spike detected on kafka-broker,CPU Spike
cpu saturation warning triggered on prod-server-2,CPU Spike
high cpu load on production node on k8s-node-4,CPU Spike
cpu usage exceeded critical threshold on prod-server-1,CPU Spike
high cpu load on production node on auth-service,CPU Spike
cpu usage exceeded critical threshold on payment-service,CPU Spike
cpu saturation warning triggered on api-gateway,CPU Spike
high cpu load on production node on k8s-node-4,CPU Spike
container cpu throttling activated on frontend-app,CPU Spike
cpu usage exceeded critical threshold on db-cluster,CPU Spike
cpu saturation warning triggered on auth-service,CPU Spike
container cpu throttling activated on db-cluster,CPU Spike
unexpected processor spike detected on kafka-broker,CPU Spike
cpu saturation warning triggered on prod-server-2,CPU Spike
cpu usage exceeded critical threshold on auth-service,CPU Spike
unexpected processor spike detected on frontend-app,CPU Spike
cpu usage exceeded critical threshold on db-cluster,CPU Spike
cpu usage exceeded critical threshold on redis-cache,CPU Spike
cpu saturation warning triggered on api-gateway,CPU Spike
cpu saturation warning triggered on redis-cache,CPU Spike
container cpu throttling activated on frontend-app,CPU Spike
high cpu load on production node on kafka-broker,CPU Spike
container cpu throttling activated on frontend-app,CPU Spike
cpu saturation warning triggered on redis-cache,CPU Spike
high cpu load on production node on prod-server-1,CPU Spike
system under heavy computational load on kafka-broker,CPU Spike
unexpected processor spike detected on frontend-app,CPU Spike
container cpu throttling activated on auth-service,CPU Spike
system under heavy computational load on auth-service,CPU Spike
cpu usage exceeded critical threshold on payment-service,CPU Spike
cpu saturation warning triggered on k8s-node-4,CPU Spike
cpu saturation warning triggered on auth-service,CPU Spike
unexpected processor spike detected on auth-service,CPU Spike
high cpu load on production node on payment-service,CPU Spike
high cpu load on production node on frontend-app,CPU Spike
high cpu load on production node on frontend-app,CPU Spike
system under heavy computational load on frontend-app,CPU Spike
system under heavy computational load on prod-server-1,CPU Spike
cpu usage exceeded critical threshold on payment-service,CPU Spike
container cpu throttling activated on prod-server-1,CPU Spike
high cpu load on production node on redis-cache,CPU Spike
high cpu load on production node on auth-service,CPU Spike
cpu saturation warning triggered on api-gateway,CPU Spike
high cpu load on production node on db-cluster,CPU Spike
unexpected processor spike detected on prod-server-2,CPU Spike
cpu saturation warning triggered on frontend-app,CPU Spike
high cpu load on production node on prod-server-1,CPU Spike
cpu saturation warning triggered on api-gateway,CPU Spike
unexpected processor spike detected on prod-server-1,CPU Spike
cpu usage exceeded critical threshold on api-gateway,CPU Spike
system under heavy computational load on kafka-broker,CPU Spike
cpu saturation warning triggered on api-gateway,CPU Spike
high cpu load on production node on api-gateway,CPU Spike
system under heavy computational load on api-gateway,CPU Spike
unexpected processor spike detected on kafka-broker,CPU Spike
cpu usage exceeded critical threshold on api-gateway,CPU Spike
cpu usage exceeded critical threshold on redis-cache,CPU Spike
container cpu throttling activated on prod-server-2,CPU Spike
high cpu load on production node on auth-service,CPU Spike
cpu usage exceeded critical threshold on api-gateway,CPU Spike
system under heavy computational load on prod-server-2,CPU Spike
cpu usage exceeded critical threshold on auth-service,CPU Spike
unexpected processor spike detected on prod-server-2,CPU Spike
system under heavy computational load on prod-server-1,CPU Spike
unexpected processor spike detected on prod-server-1,CPU Spike
unexpected processor spike detected on auth-service,CPU Spike
container cpu throttling activated on prod-server-1,CPU Spike
container cpu throttling activated on k8s-node-4,CPU Spike
unexpected processor spike detected on prod-server-2,CPU Spike
container cpu throttling activated on auth-service,CPU Spike
cpu usage exceeded critical threshold on api-gateway,CPU Spike
system under heavy computational load on payment-service,CPU Spike
cpu usage exceeded critical threshold on auth-service,CPU Spike
system under heavy computational load on prod-server-2,CPU Spike
cpu saturation warning triggered on prod-server-2,CPU Spike
cpu usage exceeded critical threshold on frontend-app,CPU Spike
high cpu load on production node on auth-service,CPU Spike
container cpu throttling activated on prod-server-2,CPU Spike
cpu usage exceeded critical threshold on payment-service,CPU Spike
cpu saturation warning triggered on frontend-app,CPU Spike
cpu saturation warning triggered on auth-service,CPU Spike
cpu usage exceeded critical threshold on auth-service,CPU Spike
container cpu throttling activated on auth-service,CPU Spike
system under heavy computational load on prod-server-1,CPU Spike
cpu usage exceeded critical threshold on redis-cache,CPU Spike
system under heavy computational load on auth-service,CPU Spike
unexpected processor spike detected on frontend-app,CPU Spike
container cpu throttling activated on k8s-node-4,CPU Spike
high cpu load on production node on frontend-app,CPU Spike
system under heavy computational load on frontend-app,CPU Spike
system under heavy computational load on k8s-node-4,CPU Spike
cpu usage exceeded critical threshold on api-gateway,CPU Spike
container cpu throttling activated on api-gateway,CPU Spike
container cpu throttling activated on payment-service,CPU Spike
unexpected processor spike detected on auth-service,CPU Spike
cpu saturation warning triggered on prod-server-1,CPU Spike
high cpu load on production node on kafka-broker,CPU Spike
high cpu load on production node on frontend-app,CPU Spike
system under heavy computational load on db-cluster,CPU Spike
cpu saturation warning triggered on api-gateway,CPU Spike
cpu usage exceeded critical threshold on k8s-node-4,CPU Spike
unexpected processor spike detected on payment-service,CPU Spike
container cpu throttling activated on db-cluster,CPU Spike
cpu usage exceeded critical threshold on frontend-app,CPU Spike
container cpu throttling activated on auth-service,CPU Spike
high cpu load on production node on auth-service,CPU Spike
system under heavy computational load on frontend-app,CPU Spike
system under heavy computational load on db-cluster,CPU Spike
unexpected processor spike detected on frontend-app,CPU Spike
system under heavy computational load on k8s-node-4,CPU Spike
high cpu load on production node on k8s-node-4,CPU Spike
system under heavy computational load on frontend-app,CPU Spike
system under heavy computational load on prod-server-2,CPU Spike
container cpu throttling activated on db-cluster,CPU Spike
unexpected processor spike detected on prod-server-2,CPU Spike
high cpu load on production node on kafka-broker,CPU Spike
cpu saturation warning triggered on api-gateway,CPU Spike
system under heavy computational load on k8s-node-4,CPU Spike
unexpected processor spike detected on k8s-node-4,CPU Spike
high cpu load on production node on prod-server-2,CPU Spike
container cpu throttling activated on k8s-node-4,CPU Spike
system under heavy computational load on redis-cache,CPU Spike
system under heavy computational load on kafka-broker,CPU Spike
cpu usage exceeded critical threshold on redis-cache,CPU Spike
unexpected processor spike detected on api-gateway,CPU Spike
high cpu load on production node on auth-service,CPU Spike
cpu saturation warning triggered on prod-server-1,CPU Spike
unexpected processor spike detected on prod-server-2,CPU Spike
cpu saturation warning triggered on api-gateway,CPU Spike
cpu saturation warning triggered on frontend-app,CPU Spike
container cpu throttling activated on frontend-app,CPU Spike
unexpected processor spike detected on kafka-broker,CPU Spike
cpu usage exceeded critical threshold on api-gateway,CPU Spike
system under heavy computational load on kafka-broker,CPU Spike
cpu usage exceeded critical threshold on k8s-node-4,CPU Spike
high cpu load on production node on frontend-app,CPU Spike
high cpu load on production node on kafka-broker,CPU Spike
high cpu load on production node on frontend-app,CPU Spike
cpu usage exceeded critical threshold on kafka-broker,CPU Spike
cpu saturation warning triggered on prod-server-1,CPU Spike
high cpu load on production node on auth-service,CPU Spike
system under heavy computational load on api-gateway,CPU Spike
system under heavy computational load on api-gateway,CPU Spike
high cpu load on production node on prod-server-2,CPU Spike
container cpu throttling activated on prod-server-2,CPU Spike
cpu usage exceeded critical threshold on kafka-broker,CPU Spike
high cpu load on production node on api-gateway,CPU Spike
unexpected processor spike detected on db-cluster,CPU Spike
cpu saturation warning triggered on redis-cache,CPU Spike
system under heavy computational load on prod-server-1,CPU Spike
system under heavy computational load on payment-service,CPU Spike
unexpected processor spike detected on redis-cache,CPU Spike
cpu usage exceeded critical threshold on kafka-broker,CPU Spike
unexpected processor spike detected on db-cluster,CPU Spike
high cpu load on production node on redis-cache,CPU Spike
container cpu throttling activated on prod-server-1,CPU Spike
cpu usage exceeded critical threshold on redis-cache,CPU Spike
system under heavy computational load on prod-server-1,CPU Spike
cpu usage exceeded critical threshold on db-cluster,CPU Spike
system under heavy computational load on auth-service,CPU Spike
cpu usage exceeded critical threshold on k8s-node-4,CPU Spike
container cpu throttling activated on redis-cache,CPU Spike
unexpected processor spike detected on frontend-app,CPU Spike
cpu usage exceeded critical threshold on payment-service,CPU Spike
container cpu throttling activated on redis-cache,CPU Spike
unexpected processor spike detected on prod-server-1,CPU Spike
unexpected processor spike detected on payment-service,CPU Spike
high cpu load on production node on frontend-app,CPU Spike
container cpu throttling activated on frontend-app,CPU Spike
cpu saturation warning triggered on frontend-app,CPU Spike
system under heavy computational load on api-gateway,CPU Spike
system under heavy computational load on redis-cache,CPU Spike
system under heavy computational load on redis-cache,CPU Spike
cpu saturation warning triggered on db-cluster,CPU Spike
system under heavy computational load on api-gateway,CPU Spike
container cpu throttling activated on kafka-broker,CPU Spike
system under heavy computational load on k8s-node-4,CPU Spike
system under heavy computational load on k8s-node-4,CPU Spike
cpu usage exceeded critical threshold on api-gateway,CPU Spike
container cpu throttling activated on payment-service,CPU Spike
container cpu throttling activated on redis-cache,CPU Spike
system under heavy computational load on api-gateway,CPU Spike
system under heavy computational load on frontend-app,CPU Spike
cpu saturation warning triggered on redis-cache,CPU Spike
cpu saturation warning triggered on auth-service,CPU Spike
high cpu load on production node on kafka-broker,CPU Spike
cpu saturation warning triggered on payment-service,CPU Spike
cpu saturation warning triggered on auth-service,CPU Spike
high cpu load on production node on prod-server-1,CPU Spike
high cpu load on production node on frontend-app,CPU Spike
high cpu load on production node on redis-cache,CPU Spike
cpu saturation warning triggered on k8s-node-4,CPU Spike
system under heavy computational load on k8s-node-4,CPU Spike
cpu saturation warning triggered on db-cluster,CPU Spike
container cpu throttling activated on k8s-node-4,CPU Spike
system under heavy computational load on redis-cache,CPU Spike
container cpu throttling activated on frontend-app,CPU Spike
high cpu load on production node on prod-server-1,CPU Spike
high cpu load on production node on kafka-broker,CPU Spike
cpu saturation warning triggered on k8s-node-4,CPU Spike
container cpu throttling activated on kafka-broker,CPU Spike
unexpected processor spike detected on kafka-broker,CPU Spike
high cpu load on production node on auth-service,CPU Spike
unexpected processor spike detected on prod-server-1,CPU Spike
cpu saturation warning triggered on redis-cache,CPU Spike
container cpu throttling activated on frontend-app,CPU Spike
cpu saturation warning triggered on redis-cache,CPU Spike
high cpu load on production node on auth-service,CPU Spike
container cpu throttling activated on frontend-app,CPU Spike
system under heavy computational load on auth-service,CPU Spike
high cpu load on production node on db-cluster,CPU Spike
container cpu throttling activated on redis-cache,CPU Spike
cpu usage exceeded critical threshold on prod-server-1,CPU Spike
system under heavy computational load on prod-server-1,CPU Spike
container cpu throttling activated on frontend-app,CPU Spike
high cpu load on production node on frontend-app,CPU Spike
cpu usage exceeded critical threshold on prod-server-1,CPU Spike
unexpected processor spike detected on auth-service,CPU Spike
system under heavy computational load on payment-service,CPU Spike
system under heavy computational load on prod-server-1,CPU Spike
high cpu load on production node on k8s-node-4,CPU Spike
high cpu load on production node on k8s-node-4,CPU Spike
container cpu throttling activated on auth-service,CPU Spike
unexpected processor spike detected on prod-server-2,CPU Spike
cpu saturation warning triggered on frontend-app,CPU Spike
cpu saturation warning triggered on prod-server-2,CPU Spike
cpu saturation warning triggered on payment-service,CPU Spike
cpu usage exceeded critical threshold on frontend-app,CPU Spike
cpu saturation warning triggered on k8s-node-4,CPU Spike
unexpected processor spike detected on prod-server-2,CPU Spike
system under heavy computational load on kafka-broker,CPU Spike
system under heavy computational load on payment-service,CPU Spike
high cpu load on production node on frontend-app,CPU Spike
system under heavy computational load on db-cluster,CPU Spike
container cpu throttling activated on k8s-node-4,CPU Spike
cpu saturation warning triggered on prod-server-2,CPU Spike
cpu saturation warning triggered on frontend-app,CPU Spike
cpu saturation warning triggered on api-gateway,CPU Spike
cpu saturation warning triggered on k8s-node-4,CPU Spike
system under heavy computational load on k8s-node-4,CPU Spike
unexpected processor spike detected on payment-service,CPU Spike
cpu saturation warning triggered on kafka-broker,CPU Spike
high cpu load on production node on prod-server-1,CPU Spike
system under heavy computational load on redis-cache,CPU Spike
cpu usage exceeded critical threshold on prod-server-2,CPU Spike
cpu saturation warning triggered on api-gateway,CPU Spike
high cpu load on production node on frontend-app,CPU Spike
cpu saturation warning triggered on k8s-node-4,CPU Spike
unexpected processor spike detected on k8s-node-4,CPU Spike
cpu usage exceeded critical threshold on payment-service,CPU Spike
cpu saturation warning triggered on auth-service,CPU Spike
unexpected processor spike detected on prod-server-1,CPU Spike
unexpected processor spike detected on redis-cache,CPU Spike
system under heavy computational load on payment-service,CPU Spike
cpu usage exceeded critical threshold on auth-service,CPU Spike
container cpu throttling activated on prod-server-2,CPU Spike
container cpu throttling activated on frontend-app,CPU Spike
container cpu throttling activated on auth-service,CPU Spike
high cpu load on production node on prod-server-1,CPU Spike
high cpu load on production node on auth-service,CPU Spike
container cpu throttling activated on payment-service,CPU Spike
system under heavy computational load on prod-server-2,CPU Spike
unexpected processor spike detected on prod-server-1,CPU Spike
unexpected processor spike detected on db-cluster,CPU Spike
unexpected processor spike detected on prod-server-1,CPU Spike
unexpected processor spike detected on auth-service,CPU Spike
unexpected processor spike detected on db-cluster,CPU Spike
system under heavy computational load on auth-service,CPU Spike
high cpu load on production node on redis-cache,CPU Spike
cpu usage exceeded critical threshold on k8s-node-4,CPU Spike
container cpu throttling activated on payment-service,CPU Spike
system under heavy computational load on redis-cache,CPU Spike
high cpu load on production node on db-cluster,CPU Spike
cpu usage exceeded critical threshold on api-gateway,CPU Spike
system under heavy computational load on kafka-broker,CPU Spike
system under heavy computational load on prod-server-1,CPU Spike
container cpu throttling activated on prod-server-1,CPU Spike
system under heavy computational load on k8s-node-4,CPU Spike
cpu saturation warning triggered on k8s-node-4,CPU Spike
cpu saturation warning triggered on auth-service,CPU Spike
high cpu load on production node on auth-service,CPU Spike
cpu usage exceeded critical threshold on prod-server-1,CPU Spike
cpu saturation warning triggered on api-gateway,CPU Spike
high cpu load on production node on k8s-node-4,CPU Spike
unexpected processor spike detected on db-cluster,CPU Spike
cpu usage exceeded critical threshold on prod-server-2,CPU Spike
cpu saturation warning triggered on db-cluster,CPU Spike
high cpu load on production node on auth-service,CPU Spike
unexpected processor spike detected on k8s-node-4,CPU Spike
system under heavy computational load on kafka-broker,CPU Spike
cpu saturation warning triggered on prod-server-2,CPU Spike
cpu saturation warning triggered on frontend-app,CPU Spike
system under heavy computational load on kafka-broker,CPU Spike
cpu usage exceeded critical threshold on redis-cache,CPU Spike
system under heavy computational load on prod-server-2,CPU Spike
container cpu throttling activated on k8s-node-4,CPU Spike
system under heavy computational load on frontend-app,CPU Spike
cpu usage exceeded critical threshold on db-cluster,CPU Spike
unexpected processor spike detected on db-cluster,CPU Spike
container cpu throttling activated on kafka-broker,CPU Spike
unexpected processor spike detected on prod-server-1,CPU Spike
container cpu throttling activated on db-cluster,CPU Spike
system under heavy computational load on redis-cache,CPU Spike
cpu usage exceeded critical threshold on payment-service,CPU Spike
cpu usage exceeded critical threshold on db-cluster,CPU Spike
container cpu throttling activated on k8s-node-4,CPU Spike
cpu saturation warning triggered on kafka-broker,CPU Spike
system under heavy computational load on payment-service,CPU Spike
high cpu load on production node on db-cluster,CPU Spike
high cpu load on production node on frontend-app,CPU Spike
system under heavy computational load on frontend-app,CPU Spike
cpu usage exceeded critical threshold on frontend-app,CPU Spike
cpu usage exceeded critical threshold on k8s-node-4,CPU Spike
container cpu throttling activated on redis-cache,CPU Spike
container cpu throttling activated on prod-server-1,CPU Spike
high cpu load on production node on prod-server-1,CPU Spike
unexpected processor spike detected on db-cluster,CPU Spike
system under heavy computational load on k8s-node-4,CPU Spike
unexpected processor spike detected on prod-server-1,CPU Spike
high cpu load on production node on k8s-node-4,CPU Spike
cpu saturation warning triggered on redis-cache,CPU Spike
unexpected processor spike detected on prod-server-1,CPU Spike
cpu saturation warning triggered on redis-cache,CPU Spike
high cpu load on production node on frontend-app,CPU Spike
system under heavy computational load on db-cluster,CPU Spike
container cpu throttling activated on prod-server-2,CPU Spike
cpu usage exceeded critical threshold on kafka-broker,CPU Spike
container cpu throttling activated on redis-cache,CPU Spike
cpu saturation warning triggered on db-cluster,CPU Spike
system under heavy computational load on redis-cache,CPU Spike
cpu saturation warning triggered on kafka-broker,CPU Spike
container cpu throttling activated on auth-service,CPU Spike
system under heavy computational load on kafka-broker,CPU Spike
container cpu throttling activated on frontend-app,CPU Spike
high cpu load on production node on kafka-broker,CPU Spike
container cpu throttling activated on k8s-node-4,CPU Spike
high cpu load on production node on frontend-app,CPU Spike
system under heavy computational load on auth-service,CPU Spike
cpu saturation warning triggered on payment-service,CPU Spike
high cpu load on production node on prod-server-1,CPU Spike
system under heavy computational load on redis-cache,CPU Spike
system under heavy computational load on payment-service,CPU Spike
pod healthcheck failed continuously on prod-server-2,Kubernetes CrashLoop
pod healthcheck failed continuously on prod-server-1,Kubernetes CrashLoop
container terminated unexpectedly on db-cluster,Kubernetes CrashLoop
container terminated unexpectedly on payment-service,Kubernetes CrashLoop
kubernetes pod restarting repeatedly on kafka-broker,Kubernetes CrashLoop
container terminated unexpectedly on db-cluster,Kubernetes CrashLoop
pod healthcheck failed continuously on api-gateway,Kubernetes CrashLoop
pod entered crashloopbackoff state on payment-service,Kubernetes CrashLoop
pod healthcheck failed continuously on frontend-app,Kubernetes CrashLoop
container terminated unexpectedly on redis-cache,Kubernetes CrashLoop
pod healthcheck failed continuously on frontend-app,Kubernetes CrashLoop
pod entered crashloopbackoff state on k8s-node-4,Kubernetes CrashLoop
deployment failed due to pod crash on k8s-node-4,Kubernetes CrashLoop
pod entered crashloopbackoff state on kafka-broker,Kubernetes CrashLoop
kubernetes pod restarting repeatedly on auth-service,Kubernetes CrashLoop
deployment failed due to pod crash on prod-server-1,Kubernetes CrashLoop
container terminated unexpectedly on db-cluster,Kubernetes CrashLoop
kubernetes pod restarting repeatedly on db-cluster,Kubernetes CrashLoop
pod entered crashloopbackoff state on prod-server-1,Kubernetes CrashLoop
deployment failed due to pod crash on api-gateway,Kubernetes CrashLoop
kubernetes pod restarting repeatedly on kafka-broker,Kubernetes CrashLoop
deployment failed due to pod crash on frontend-app,Kubernetes CrashLoop
orchestrator detected unstable container on payment-service,Kubernetes CrashLoop
deployment failed due to pod crash on frontend-app,Kubernetes CrashLoop
deployment failed due to pod crash on frontend-app,Kubernetes CrashLoop
pod healthcheck failed continuously on k8s-node-4,Kubernetes CrashLoop
orchestrator detected unstable container on frontend-app,Kubernetes CrashLoop
deployment failed due to pod crash on payment-service,Kubernetes CrashLoop
container terminated unexpectedly on db-cluster,Kubernetes CrashLoop
pod healthcheck failed continuously on kafka-broker,Kubernetes CrashLoop
pod entered crashloopbackoff state on k8s-node-4,Kubernetes CrashLoop
orchestrator detected unstable container on api-gateway,Kubernetes CrashLoop
container terminated unexpectedly on payment-service,Kubernetes CrashLoop
pod healthcheck failed continuously on kafka-broker,Kubernetes CrashLoop
pod healthcheck failed continuously on prod-server-1,Kubernetes CrashLoop
pod healthcheck failed continuously on db-cluster,Kubernetes CrashLoop
pod entered crashloopbackoff state on prod-server-2,Kubernetes CrashLoop
orchestrator detected unstable container on prod-server-1,Kubernetes CrashLoop
pod entered crashloopbackoff state on db-cluster,Kubernetes CrashLoop
pod healthcheck failed continuously on payment-service,Kubernetes CrashLoop
container terminated unexpectedly on prod-server-2,Kubernetes CrashLoop
orchestrator detected unstable container on redis-cache,Kubernetes CrashLoop
pod entered crashloopbackoff state on api-gateway,Kubernetes CrashLoop
pod healthcheck failed continuously on redis-cache,Kubernetes CrashLoop
kubernetes pod restarting repeatedly on kafka-broker,Kubernetes CrashLoop
container terminated unexpectedly on db-cluster,Kubernetes CrashLoop
pod healthcheck failed continuously on kafka-broker,Kubernetes CrashLoop
orchestrator detected unstable container on kafka-broker,Kubernetes CrashLoop
pod healthcheck failed continuously on k8s-node-4,Kubernetes CrashLoop
deployment failed due to pod crash on payment-service,Kubernetes CrashLoop
kubernetes pod restarting repeatedly on kafka-broker,Kubernetes CrashLoop
pod healthcheck failed continuously on auth-service,Kubernetes CrashLoop
orchestrator detected unstable container on api-gateway,Kubernetes CrashLoop
kubernetes pod restarting repeatedly on redis-cache,Kubernetes CrashLoop
container terminated unexpectedly on kafka-broker,Kubernetes CrashLoop
container terminated unexpectedly on auth-service,Kubernetes CrashLoop
container terminated unexpectedly on prod-server-2,Kubernetes CrashLoop
pod entered crashloopbackoff state on frontend-app,Kubernetes CrashLoop
container terminated unexpectedly on prod-server-1,Kubernetes CrashLoop
pod healthcheck failed continuously on db-cluster,Kubernetes CrashLoop
pod healthcheck failed continuously on redis-cache,Kubernetes CrashLoop
pod healthcheck failed continuously on payment-service,Kubernetes CrashLoop
container terminated unexpectedly on redis-cache,Kubernetes CrashLoop
kubernetes pod restarting repeatedly on payment-service,Kubernetes CrashLoop
kubernetes pod restarting repeatedly on frontend-app,Kubernetes CrashLoop
pod entered crashloopbackoff state on redis-cache,Kubernetes CrashLoop
pod healthcheck failed continuously on frontend-app,Kubernetes CrashLoop
deployment failed due to pod crash on redis-cache,Kubernetes CrashLoop
container terminated unexpectedly on auth-service,Kubernetes CrashLoop
deployment failed due to pod crash on payment-service,Kubernetes CrashLoop
container terminated unexpectedly on auth-service,Kubernetes CrashLoop
pod entered crashloopbackoff state on payment-service,Kubernetes CrashLoop
pod entered crashloopbackoff state on prod-server-1,Kubernetes CrashLoop
deployment failed due to pod crash on frontend-app,Kubernetes CrashLoop
pod healthcheck failed continuously on frontend-app,Kubernetes CrashLoop
kubernetes pod restarting repeatedly on db-cluster,Kubernetes CrashLoop
pod healthcheck failed continuously on prod-server-2,Kubernetes CrashLoop
kubernetes pod restarting repeatedly on kafka-broker,Kubernetes CrashLoop
deployment failed due to pod crash on api-gateway,Kubernetes CrashLoop
kubernetes pod restarting repeatedly on auth-service,Kubernetes CrashLoop
pod healthcheck failed continuously on db-cluster,Kubernetes CrashLoop
pod entered crashloopbackoff state on kafka-broker,Kubernetes CrashLoop
pod entered crashloopbackoff state on prod-server-2,Kubernetes CrashLoop
container terminated unexpectedly on prod-server-2,Kubernetes CrashLoop
deployment failed due to pod crash on payment-service,Kubernetes CrashLoop
deployment failed due to pod crash on prod-server-1,Kubernetes CrashLoop
pod entered crashloopbackoff state on kafka-broker,Kubernetes CrashLoop
deployment failed due to pod crash on prod-server-2,Kubernetes CrashLoop
pod entered crashloopbackoff state on k8s-node-4,Kubernetes CrashLoop
deployment failed due to pod crash on api-gateway,Kubernetes CrashLoop
pod entered crashloopbackoff state on prod-server-1,Kubernetes CrashLoop
pod healthcheck failed continuously on kafka-broker,Kubernetes CrashLoop
container terminated unexpectedly on api-gateway,Kubernetes CrashLoop
pod entered crashloopbackoff state on payment-service,Kubernetes CrashLoop
pod entered crashloopbackoff state on kafka-broker,Kubernetes CrashLoop
kubernetes pod restarting repeatedly on redis-cache,Kubernetes CrashLoop
deployment failed due to pod crash on db-cluster,Kubernetes CrashLoop
kubernetes pod restarting repeatedly on payment-service,Kubernetes CrashLoop
deployment failed due to pod crash on auth-service,Kubernetes CrashLoop
pod healthcheck failed continuously on payment-service,Kubernetes CrashLoop
container terminated unexpectedly on kafka-broker,Kubernetes CrashLoop
pod healthcheck failed continuously on api-gateway,Kubernetes CrashLoop
orchestrator detected unstable container on payment-service,Kubernetes CrashLoop
deployment failed due to pod crash on auth-service,Kubernetes CrashLoop
orchestrator detected unstable container on db-cluster,Kubernetes CrashLoop
orchestrator detected unstable container on db-cluster,Kubernetes CrashLoop
pod healthcheck failed continuously on db-cluster,Kubernetes CrashLoop
orchestrator detected unstable container on prod-server-1,Kubernetes CrashLoop
deployment failed due to pod crash on redis-cache,Kubernetes CrashLoop
deployment failed due to pod crash on frontend-app,Kubernetes CrashLoop
pod entered crashloopbackoff state on k8s-node-4,Kubernetes CrashLoop
container terminated unexpectedly on redis-cache,Kubernetes CrashLoop
kubernetes pod restarting repeatedly on k8s-node-4,Kubernetes CrashLoop
container terminated unexpectedly on api-gateway,Kubernetes CrashLoop
pod entered crashloopbackoff state on payment-service,Kubernetes CrashLoop
container terminated unexpectedly on prod-server-2,Kubernetes CrashLoop
pod entered crashloopbackoff state on k8s-node-4,Kubernetes CrashLoop
orchestrator detected unstable container on k8s-node-4,Kubernetes CrashLoop
pod healthcheck failed continuously on k8s-node-4,Kubernetes CrashLoop
kubernetes pod restarting repeatedly on prod-server-2,Kubernetes CrashLoop
deployment failed due to pod crash on payment-service,Kubernetes CrashLoop
kubernetes pod restarting repeatedly on prod-server-2,Kubernetes CrashLoop
pod entered crashloopbackoff state on redis-cache,Kubernetes CrashLoop
orchestrator detected unstable container on k8s-node-4,Kubernetes CrashLoop
pod entered crashloopbackoff state on db-cluster,Kubernetes CrashLoop
orchestrator detected unstable container on frontend-app,Kubernetes CrashLoop
pod entered crashloopbackoff state on kafka-broker,Kubernetes CrashLoop
pod entered crashloopbackoff state on auth-service,Kubernetes CrashLoop
deployment failed due to pod crash on frontend-app,Kubernetes CrashLoop
container terminated unexpectedly on kafka-broker,Kubernetes CrashLoop
orchestrator detected unstable container on k8s-node-4,Kubernetes CrashLoop
kubernetes pod restarting repeatedly on auth-service,Kubernetes CrashLoop
pod healthcheck failed continuously on redis-cache,Kubernetes CrashLoop
container terminated unexpectedly on auth-service,Kubernetes CrashLoop
deployment failed due to pod crash on frontend-app,Kubernetes CrashLoop
kubernetes pod restarting repeatedly on frontend-app,Kubernetes CrashLoop
kubernetes pod restarting repeatedly on k8s-node-4,Kubernetes CrashLoop
orchestrator detected unstable container on k8s-node-4,Kubernetes CrashLoop
deployment failed due to pod crash on frontend-app,Kubernetes CrashLoop
container terminated unexpectedly on prod-server-2,Kubernetes CrashLoop
kubernetes pod restarting repeatedly on auth-service,Kubernetes CrashLoop
container terminated unexpectedly on k8s-node-4,Kubernetes CrashLoop
pod entered crashloopbackoff state on k8s-node-4,Kubernetes CrashLoop
pod entered crashloopbackoff state on payment-service,Kubernetes CrashLoop
pod entered crashloopbackoff state on api-gateway,Kubernetes CrashLoop
pod healthcheck failed continuously on payment-service,Kubernetes CrashLoop
deployment failed due to pod crash on prod-server-2,Kubernetes CrashLoop
pod entered crashloopbackoff state on redis-cache,Kubernetes CrashLoop
pod entered crashloopbackoff state on kafka-broker,Kubernetes CrashLoop
kubernetes pod restarting repeatedly on auth-service,Kubernetes CrashLoop
kubernetes pod restarting repeatedly on frontend-app,Kubernetes CrashLoop
container terminated unexpectedly on payment-service,Kubernetes CrashLoop
pod entered crashloopbackoff state on k8s-node-4,Kubernetes CrashLoop
orchestrator detected unstable container on prod-server-1,Kubernetes CrashLoop
pod healthcheck failed continuously on frontend-app,Kubernetes CrashLoop
deployment failed due to pod crash on prod-server-2,Kubernetes CrashLoop
deployment failed due to pod crash on db-cluster,Kubernetes CrashLoop
container terminated unexpectedly on kafka-broker,Kubernetes CrashLoop
pod healthcheck failed continuously on api-gateway,Kubernetes CrashLoop
kubernetes pod restarting repeatedly on kafka-broker,Kubernetes CrashLoop
orchestrator detected unstable container on api-gateway,Kubernetes CrashLoop
pod healthcheck failed continuously on frontend-app,Kubernetes CrashLoop
deployment failed due to pod crash on prod-server-2,Kubernetes CrashLoop
deployment failed due to pod crash on redis-cache,Kubernetes CrashLoop
pod entered crashloopbackoff state on auth-service,Kubernetes CrashLoop
kubernetes pod restarting repeatedly on auth-service,Kubernetes CrashLoop
pod healthcheck failed continuously on prod-server-2,Kubernetes CrashLoop
pod entered crashloopbackoff state on auth-service,Kubernetes CrashLoop
pod healthcheck failed continuously on auth-service,Kubernetes CrashLoop
container terminated unexpectedly on payment-service,Kubernetes CrashLoop
pod entered crashloopbackoff state on db-cluster,Kubernetes CrashLoop
container terminated unexpectedly on api-gateway,Kubernetes CrashLoop
container terminated unexpectedly on kafka-broker,Kubernetes CrashLoop
kubernetes pod restarting repeatedly on prod-server-1,Kubernetes CrashLoop
pod entered crashloopbackoff state on prod-server-1,Kubernetes CrashLoop
orchestrator detected unstable container on db-cluster,Kubernetes CrashLoop
pod healthcheck failed continuously on payment-service,Kubernetes CrashLoop
kubernetes pod restarting repeatedly on payment-service,Kubernetes CrashLoop
kubernetes pod restarting repeatedly on api-gateway,Kubernetes CrashLoop
pod entered crashloopbackoff state on redis-cache,Kubernetes CrashLoop
pod entered crashloopbackoff state on k8s-node-4,Kubernetes CrashLoop
deployment failed due to pod crash on redis-cache,Kubernetes CrashLoop
orchestrator detected unstable container on kafka-broker,Kubernetes CrashLoop
container terminated unexpectedly on k8s-node-4,Kubernetes CrashLoop
kubernetes pod restarting repeatedly on db-cluster,Kubernetes CrashLoop
container terminated unexpectedly on db-cluster,Kubernetes CrashLoop
orchestrator detected unstable container on k8s-node-4,Kubernetes CrashLoop
orchestrator detected unstable container on db-cluster,Kubernetes CrashLoop
pod entered crashloopbackoff state on redis-cache,Kubernetes CrashLoop
orchestrator detected unstable container on frontend-app,Kubernetes CrashLoop
deployment failed due to pod crash on db-cluster,Kubernetes CrashLoop
pod entered crashloopbackoff state on kafka-broker,Kubernetes CrashLoop
kubernetes pod restarting repeatedly on redis-cache,Kubernetes CrashLoop
pod entered crashloopbackoff state on api-gateway,Kubernetes CrashLoop
pod healthcheck failed continuously on api-gateway,Kubernetes CrashLoop
pod healthcheck failed continuously on frontend-app,Kubernetes CrashLoop
pod entered crashloopbackoff state on redis-cache,Kubernetes CrashLoop
pod healthcheck failed continuously on api-gateway,Kubernetes CrashLoop
orchestrator detected unstable container on api-gateway,Kubernetes CrashLoop
deployment failed due to pod crash on k8s-node-4,Kubernetes CrashLoop
deployment failed due to pod crash on kafka-broker,Kubernetes CrashLoop
pod healthcheck failed continuously on db-cluster,Kubernetes CrashLoop
pod entered crashloopbackoff state on kafka-broker,Kubernetes CrashLoop
kubernetes pod restarting repeatedly on api-gateway,Kubernetes CrashLoop
kubernetes pod restarting repeatedly on prod-server-1,Kubernetes CrashLoop
deployment failed due to pod crash on prod-server-2,Kubernetes CrashLoop
container terminated unexpectedly on prod-server-2,Kubernetes CrashLoop
pod healthcheck failed continuously on payment-service,Kubernetes CrashLoop
container terminated unexpectedly on auth-service,Kubernetes CrashLoop
pod healthcheck failed continuously on kafka-broker,Kubernetes CrashLoop
container terminated unexpectedly on k8s-node-4,Kubernetes CrashLoop
orchestrator detected unstable container on k8s-node-4,Kubernetes CrashLoop
orchestrator detected unstable container on auth-service,Kubernetes CrashLoop
container terminated unexpectedly on frontend-app,Kubernetes CrashLoop
kubernetes pod restarting repeatedly on payment-service,Kubernetes CrashLoop
orchestrator detected unstable container on prod-server-1,Kubernetes CrashLoop
orchestrator detected unstable container on prod-server-1,Kubernetes CrashLoop
container terminated unexpectedly on db-cluster,Kubernetes CrashLoop
deployment failed due to pod crash on frontend-app,Kubernetes CrashLoop
deployment failed due to pod crash on frontend-app,Kubernetes CrashLoop
container terminated unexpectedly on redis-cache,Kubernetes CrashLoop
deployment failed due to pod crash on auth-service,Kubernetes CrashLoop
pod entered crashloopbackoff state on db-cluster,Kubernetes CrashLoop
pod entered crashloopbackoff state on payment-service,Kubernetes CrashLoop
pod entered crashloopbackoff state on prod-server-2,Kubernetes CrashLoop
kubernetes pod restarting repeatedly on frontend-app,Kubernetes CrashLoop
pod entered crashloopbackoff state on prod-server-2,Kubernetes CrashLoop
pod entered crashloopbackoff state on frontend-app,Kubernetes CrashLoop
orchestrator detected unstable container on auth-service,Kubernetes CrashLoop
deployment failed due to pod crash on prod-server-1,Kubernetes CrashLoop
kubernetes pod restarting repeatedly on frontend-app,Kubernetes CrashLoop
container terminated unexpectedly on auth-service,Kubernetes CrashLoop
container terminated unexpectedly on api-gateway,Kubernetes CrashLoop
container terminated unexpectedly on frontend-app,Kubernetes CrashLoop
pod entered crashloopbackoff state on payment-service,Kubernetes CrashLoop
kubernetes pod restarting repeatedly on kafka-broker,Kubernetes CrashLoop
pod entered crashloopbackoff state on auth-service,Kubernetes CrashLoop
kubernetes pod restarting repeatedly on api-gateway,Kubernetes CrashLoop
orchestrator detected unstable container on kafka-broker,Kubernetes CrashLoop
deployment failed due to pod crash on k8s-node-4,Kubernetes CrashLoop
pod healthcheck failed continuously on prod-server-2,Kubernetes CrashLoop
pod entered crashloopbackoff state on prod-server-1,Kubernetes CrashLoop
orchestrator detected unstable container on db-cluster,Kubernetes CrashLoop
deployment failed due to pod crash on prod-server-2,Kubernetes CrashLoop
orchestrator detected unstable container on k8s-node-4,Kubernetes CrashLoop
container terminated unexpectedly on auth-service,Kubernetes CrashLoop
pod healthcheck failed continuously on prod-server-1,Kubernetes CrashLoop
container terminated unexpectedly on auth-service,Kubernetes CrashLoop
pod healthcheck failed continuously on auth-service,Kubernetes CrashLoop
kubernetes pod restarting repeatedly on auth-service,Kubernetes CrashLoop
orchestrator detected unstable container on frontend-app,Kubernetes CrashLoop
orchestrator detected unstable container on auth-service,Kubernetes CrashLoop
kubernetes pod restarting repeatedly on db-cluster,Kubernetes CrashLoop
pod entered crashloopbackoff state on db-cluster,Kubernetes CrashLoop
pod entered crashloopbackoff state on payment-service,Kubernetes CrashLoop
kubernetes pod restarting repeatedly on db-cluster,Kubernetes CrashLoop
kubernetes pod restarting repeatedly on kafka-broker,Kubernetes CrashLoop
pod entered crashloopbackoff state on prod-server-1,Kubernetes CrashLoop
pod healthcheck failed continuously on auth-service,Kubernetes CrashLoop
container terminated unexpectedly on auth-service,Kubernetes CrashLoop
pod healthcheck failed continuously on k8s-node-4,Kubernetes CrashLoop
pod entered crashloopbackoff state on api-gateway,Kubernetes CrashLoop
container terminated unexpectedly on api-gateway,Kubernetes CrashLoop
kubernetes pod restarting repeatedly on auth-service,Kubernetes CrashLoop
deployment failed due to pod crash on auth-service,Kubernetes CrashLoop
pod healthcheck failed continuously on k8s-node-4,Kubernetes CrashLoop
kubernetes pod restarting repeatedly on auth-service,Kubernetes CrashLoop
orchestrator detected unstable container on kafka-broker,Kubernetes CrashLoop
pod entered crashloopbackoff state on payment-service,Kubernetes CrashLoop
orchestrator detected unstable container on redis-cache,Kubernetes CrashLoop
pod healthcheck failed continuously on prod-server-2,Kubernetes CrashLoop
container terminated unexpectedly on k8s-node-4,Kubernetes CrashLoop
orchestrator detected unstable container on frontend-app,Kubernetes CrashLoop
container terminated unexpectedly on kafka-broker,Kubernetes CrashLoop
pod entered crashloopbackoff state on db-cluster,Kubernetes CrashLoop
deployment failed due to pod crash on redis-cache,Kubernetes CrashLoop
kubernetes pod restarting repeatedly on kafka-broker,Kubernetes CrashLoop
orchestrator detected unstable container on frontend-app,Kubernetes CrashLoop
kubernetes pod restarting repeatedly on kafka-broker,Kubernetes CrashLoop
pod healthcheck failed continuously on redis-cache,Kubernetes CrashLoop
pod entered crashloopbackoff state on prod-server-2,Kubernetes CrashLoop
pod entered crashloopbackoff state on payment-service,Kubernetes CrashLoop
pod healthcheck failed continuously on db-cluster,Kubernetes CrashLoop
orchestrator detected unstable container on kafka-broker,Kubernetes CrashLoop
deployment failed due to pod crash on api-gateway,Kubernetes CrashLoop
container terminated unexpectedly on redis-cache,Kubernetes CrashLoop
pod healthcheck failed continuously on redis-cache,Kubernetes CrashLoop
kubernetes pod restarting repeatedly on redis-cache,Kubernetes CrashLoop
deployment failed due to pod crash on prod-server-2,Kubernetes CrashLoop
pod healthcheck failed continuously on api-gateway,Kubernetes CrashLoop
pod healthcheck failed continuously on prod-server-1,Kubernetes CrashLoop
deployment failed due to pod crash on redis-cache,Kubernetes CrashLoop
deployment failed due to pod crash on api-gateway,Kubernetes CrashLoop
deployment failed due to pod crash on db-cluster,Kubernetes CrashLoop
deployment failed due to pod crash on redis-cache,Kubernetes CrashLoop
orchestrator detected unstable container on prod-server-2,Kubernetes CrashLoop
deployment failed due to pod crash on payment-service,Kubernetes CrashLoop
kubernetes pod restarting repeatedly on k8s-node-4,Kubernetes CrashLoop
pod entered crashloopbackoff state on prod-server-1,Kubernetes CrashLoop
pod entered crashloopbackoff state on prod-server-1,Kubernetes CrashLoop
deployment failed due to pod crash on payment-service,Kubernetes CrashLoop
orchestrator detected unstable container on auth-service,Kubernetes CrashLoop
kubernetes pod restarting repeatedly on prod-server-1,Kubernetes CrashLoop
container terminated unexpectedly on k8s-node-4,Kubernetes CrashLoop
kubernetes pod restarting repeatedly on payment-service,Kubernetes CrashLoop
orchestrator detected unstable container on db-cluster,Kubernetes CrashLoop
pod entered crashloopbackoff state on k8s-node-4,Kubernetes CrashLoop
pod entered crashloopbackoff state on redis-cache,Kubernetes CrashLoop
deployment failed due to pod crash on prod-server-1,Kubernetes CrashLoop
pod entered crashloopbackoff state on k8s-node-4,Kubernetes CrashLoop
container terminated unexpectedly on frontend-app,Kubernetes CrashLoop
pod entered crashloopbackoff state on kafka-broker,Kubernetes CrashLoop
pod healthcheck failed continuously on auth-service,Kubernetes CrashLoop
pod entered crashloopbackoff state on db-cluster,Kubernetes CrashLoop
orchestrator detected unstable container on prod-server-2,Kubernetes CrashLoop
pod healthcheck failed continuously on prod-server-1,Kubernetes CrashLoop
kubernetes pod restarting repeatedly on auth-service,Kubernetes CrashLoop
kubernetes pod restarting repeatedly on k8s-node-4,Kubernetes CrashLoop
kubernetes pod restarting repeatedly on redis-cache,Kubernetes CrashLoop
orchestrator detected unstable container on db-cluster,Kubernetes CrashLoop
kubernetes pod restarting repeatedly on prod-server-2,Kubernetes CrashLoop
pod healthcheck failed continuously on redis-cache,Kubernetes CrashLoop
container terminated unexpectedly on frontend-app,Kubernetes CrashLoop
orchestrator detected unstable container on kafka-broker,Kubernetes CrashLoop
deployment failed due to pod crash on prod-server-1,Kubernetes CrashLoop
container terminated unexpectedly on prod-server-2,Kubernetes CrashLoop
orchestrator detected unstable container on api-gateway,Kubernetes CrashLoop
container terminated unexpectedly on prod-server-1,Kubernetes CrashLoop
pod entered crashloopbackoff state on k8s-node-4,Kubernetes CrashLoop
container terminated unexpectedly on db-cluster,Kubernetes CrashLoop
container terminated unexpectedly on k8s-node-4,Kubernetes CrashLoop
orchestrator detected unstable container on frontend-app,Kubernetes CrashLoop
orchestrator detected unstable container on prod-server-1,Kubernetes CrashLoop
kubernetes pod restarting repeatedly on prod-server-1,Kubernetes CrashLoop
kubernetes pod restarting repeatedly on redis-cache,Kubernetes CrashLoop
container terminated unexpectedly on payment-service,Kubernetes CrashLoop
container terminated unexpectedly on frontend-app,Kubernetes CrashLoop
kubernetes pod restarting repeatedly on kafka-broker,Kubernetes CrashLoop
pod entered crashloopbackoff state on prod-server-2,Kubernetes CrashLoop
pod entered crashloopbackoff state on k8s-node-4,Kubernetes CrashLoop
container terminated unexpectedly on k8s-node-4,Kubernetes CrashLoop
deployment failed due to pod crash on prod-server-1,Kubernetes CrashLoop
kubernetes pod restarting repeatedly on prod-server-1,Kubernetes CrashLoop
deployment failed due to pod crash on db-cluster,Kubernetes CrashLoop
kubernetes pod restarting repeatedly on kafka-broker,Kubernetes CrashLoop
deployment failed due to pod crash on redis-cache,Kubernetes CrashLoop
deployment failed due to pod crash on redis-cache,Kubernetes CrashLoop
container terminated unexpectedly on auth-service,Kubernetes CrashLoop
container terminated unexpectedly on prod-server-1,Kubernetes CrashLoop
container terminated unexpectedly on auth-service,Kubernetes CrashLoop
deployment failed due to pod crash on k8s-node-4,Kubernetes CrashLoop
deployment failed due to pod crash on kafka-broker,Kubernetes CrashLoop
pod entered crashloopbackoff state on db-cluster,Kubernetes CrashLoop
kubernetes pod restarting repeatedly on payment-service,Kubernetes CrashLoop
pod entered crashloopbackoff state on api-gateway,Kubernetes CrashLoop
container terminated unexpectedly on prod-server-2,Kubernetes CrashLoop
kubernetes pod restarting repeatedly on frontend-app,Kubernetes CrashLoop
kubernetes pod restarting repeatedly on frontend-app,Kubernetes CrashLoop
kubernetes pod restarting repeatedly on frontend-app,Kubernetes CrashLoop
container terminated unexpectedly on auth-service,Kubernetes CrashLoop
pod healthcheck failed continuously on k8s-node-4,Kubernetes CrashLoop
container terminated unexpectedly on api-gateway,Kubernetes CrashLoop
kubernetes pod restarting repeatedly on api-gateway,Kubernetes CrashLoop
orchestrator detected unstable container on payment-service,Kubernetes CrashLoop
pod entered crashloopbackoff state on auth-service,Kubernetes CrashLoop
pod entered crashloopbackoff state on prod-server-2,Kubernetes CrashLoop
container terminated unexpectedly on kafka-broker,Kubernetes CrashLoop
pod entered crashloopbackoff state on kafka-broker,Kubernetes CrashLoop
container terminated unexpectedly on frontend-app,Kubernetes CrashLoop
orchestrator detected unstable container on db-cluster,Kubernetes CrashLoop
pod entered crashloopbackoff state on api-gateway,Kubernetes CrashLoop
pod healthcheck failed continuously on redis-cache,Kubernetes CrashLoop
container terminated unexpectedly on auth-service,Kubernetes CrashLoop
pod entered crashloopbackoff state on redis-cache,Kubernetes CrashLoop
pod healthcheck failed continuously on db-cluster,Kubernetes CrashLoop
kubernetes pod restarting repeatedly on frontend-app,Kubernetes CrashLoop
pod entered crashloopbackoff state on payment-service,Kubernetes CrashLoop
pod healthcheck failed continuously on prod-server-1,Kubernetes CrashLoop
pod healthcheck failed continuously on kafka-broker,Kubernetes CrashLoop
container terminated unexpectedly on redis-cache,Kubernetes CrashLoop
pod entered crashloopbackoff state on redis-cache,Kubernetes CrashLoop
deployment failed due to pod crash on payment-service,Kubernetes CrashLoop
orchestrator detected unstable container on prod-server-2,Kubernetes CrashLoop
container terminated unexpectedly on k8s-node-4,Kubernetes CrashLoop
orchestrator detected unstable container on db-cluster,Kubernetes CrashLoop
pod entered crashloopbackoff state on auth-service,Kubernetes CrashLoop
kubernetes pod restarting repeatedly on payment-service,Kubernetes CrashLoop
pod healthcheck failed continuously on prod-server-1,Kubernetes CrashLoop
pod entered crashloopbackoff state on frontend-app,Kubernetes CrashLoop
pod entered crashloopbackoff state on prod-server-2,Kubernetes CrashLoop
orchestrator detected unstable container on frontend-app,Kubernetes CrashLoop
orchestrator detected unstable container on db-cluster,Kubernetes CrashLoop
orchestrator detected unstable container on k8s-node-4,Kubernetes CrashLoop
pod healthcheck failed continuously on prod-server-2,Kubernetes CrashLoop
pod entered crashloopbackoff state on kafka-broker,Kubernetes CrashLoop
pod entered crashloopbackoff state on frontend-app,Kubernetes CrashLoop
orchestrator detected unstable container on db-cluster,Kubernetes CrashLoop
deployment failed due to pod crash on auth-service,Kubernetes CrashLoop
kubernetes pod restarting repeatedly on prod-server-1,Kubernetes CrashLoop
deployment failed due to pod crash on frontend-app,Kubernetes CrashLoop
kubernetes pod restarting repeatedly on api-gateway,Kubernetes CrashLoop
deployment failed due to pod crash on redis-cache,Kubernetes CrashLoop
orchestrator detected unstable container on payment-service,Kubernetes CrashLoop
pod entered crashloopbackoff state on db-cluster,Kubernetes CrashLoop
orchestrator detected unstable container on payment-service,Kubernetes CrashLoop
kubernetes pod restarting repeatedly on auth-service,Kubernetes CrashLoop
pod healthcheck failed continuously on k8s-node-4,Kubernetes CrashLoop
kubernetes pod restarting repeatedly on api-gateway,Kubernetes CrashLoop
pod entered crashloopbackoff state on payment-service,Kubernetes CrashLoop
pod healthcheck failed continuously on prod-server-1,Kubernetes CrashLoop
kubernetes pod restarting repeatedly on db-cluster,Kubernetes CrashLoop
deployment failed due to pod crash on auth-service,Kubernetes CrashLoop
kubernetes pod restarting repeatedly on db-cluster,Kubernetes CrashLoop
deployment failed due to pod crash on payment-service,Kubernetes CrashLoop
deployment failed due to pod crash on prod-server-1,Kubernetes CrashLoop
orchestrator detected unstable container on auth-service,Kubernetes CrashLoop
container terminated unexpectedly on frontend-app,Kubernetes CrashLoop
pod healthcheck failed continuously on payment-service,Kubernetes CrashLoop
kubernetes pod restarting repeatedly on prod-server-2,Kubernetes CrashLoop
pod entered crashloopbackoff state on prod-server-2,Kubernetes CrashLoop
orchestrator detected unstable container on frontend-app,Kubernetes CrashLoop
kubernetes pod restarting repeatedly on auth-service,Kubernetes CrashLoop
kubernetes pod restarting repeatedly on prod-server-2,Kubernetes CrashLoop
container terminated unexpectedly on k8s-node-4,Kubernetes CrashLoop
kubernetes pod restarting repeatedly on db-cluster,Kubernetes CrashLoop
pod healthcheck failed continuously on frontend-app,Kubernetes CrashLoop
deployment failed due to pod crash on payment-service,Kubernetes CrashLoop
deployment failed due to pod crash on prod-server-2,Kubernetes CrashLoop
deployment failed due to pod crash on k8s-node-4,Kubernetes CrashLoop
deployment failed due to pod crash on db-cluster,Kubernetes CrashLoop
orchestrator detected unstable container on prod-server-2,Kubernetes CrashLoop
pod healthcheck failed continuously on api-gateway,Kubernetes CrashLoop
kubernetes pod restarting repeatedly on frontend-app,Kubernetes CrashLoop
deployment failed due to pod crash on kafka-broker,Kubernetes CrashLoop
deployment failed due to pod crash on payment-service,Kubernetes CrashLoop
pod healthcheck failed continuously on k8s-node-4,Kubernetes CrashLoop
pod entered crashloopbackoff state on auth-service,Kubernetes CrashLoop
pod entered crashloopbackoff state on prod-server-1,Kubernetes CrashLoop
orchestrator detected unstable container on kafka-broker,Kubernetes CrashLoop
kubernetes pod restarting repeatedly on payment-service,Kubernetes CrashLoop
kubernetes pod restarting repeatedly on prod-server-1,Kubernetes CrashLoop
pod entered crashloopbackoff state on db-cluster,Kubernetes CrashLoop
pod healthcheck failed continuously on frontend-app,Kubernetes CrashLoop
kubernetes pod restarting repeatedly on kafka-broker,Kubernetes CrashLoop
orchestrator detected unstable container on prod-server-2,Kubernetes CrashLoop
deployment failed due to pod crash on prod-server-1,Kubernetes CrashLoop
container terminated unexpectedly on redis-cache,Kubernetes CrashLoop
deployment failed due to pod crash on prod-server-1,Kubernetes CrashLoop
container terminated unexpectedly on api-gateway,Kubernetes CrashLoop
deployment failed due to pod crash on payment-service,Kubernetes CrashLoop
deployment failed due to pod crash on k8s-node-4,Kubernetes CrashLoop
container terminated unexpectedly on redis-cache,Kubernetes CrashLoop
kubernetes pod restarting repeatedly on redis-cache,Kubernetes CrashLoop
orchestrator detected unstable container on auth-service,Kubernetes CrashLoop
kubernetes pod restarting repeatedly on k8s-node-4,Kubernetes CrashLoop
orchestrator detected unstable container on api-gateway,Kubernetes CrashLoop
deployment failed due to pod crash on frontend-app,Kubernetes CrashLoop
pod entered crashloopbackoff state on payment-service,Kubernetes CrashLoop
deployment failed due to pod crash on api-gateway,Kubernetes CrashLoop
deployment failed due to pod crash on prod-server-1,Kubernetes CrashLoop
kubernetes pod restarting repeatedly on redis-cache,Kubernetes CrashLoop
container terminated unexpectedly on frontend-app,Kubernetes CrashLoop
kubernetes pod restarting repeatedly on prod-server-1,Kubernetes CrashLoop
deployment failed due to pod crash on payment-service,Kubernetes CrashLoop
orchestrator detected unstable container on api-gateway,Kubernetes CrashLoop
kubernetes pod restarting repeatedly on frontend-app,Kubernetes CrashLoop
pod healthcheck failed continuously on kafka-broker,Kubernetes CrashLoop
pod healthcheck failed continuously on redis-cache,Kubernetes CrashLoop
kubernetes pod restarting repeatedly on redis-cache,Kubernetes CrashLoop
pod healthcheck failed continuously on prod-server-2,Kubernetes CrashLoop
pod entered crashloopbackoff state on kafka-broker,Kubernetes CrashLoop
pod healthcheck failed continuously on api-gateway,Kubernetes CrashLoop
pod entered crashloopbackoff state on auth-service,Kubernetes CrashLoop
pod entered crashloopbackoff state on kafka-broker,Kubernetes CrashLoop
orchestrator detected unstable container on prod-server-1,Kubernetes CrashLoop
pod entered crashloopbackoff state on prod-server-1,Kubernetes CrashLoop
orchestrator detected unstable container on payment-service,Kubernetes CrashLoop
pod entered crashloopbackoff state on frontend-app,Kubernetes CrashLoop
orchestrator detected unstable container on redis-cache,Kubernetes CrashLoop
deployment failed due to pod crash on redis-cache,Kubernetes CrashLoop
kubernetes pod restarting repeatedly on kafka-broker,Kubernetes CrashLoop
pod healthcheck failed continuously on db-cluster,Kubernetes CrashLoop
pod entered crashloopbackoff state on kafka-broker,Kubernetes CrashLoop
container terminated unexpectedly on prod-server-2,Kubernetes CrashLoop
deployment failed due to pod crash on frontend-app,Kubernetes CrashLoop
deployment failed due to pod crash on auth-service,Kubernetes CrashLoop
pod healthcheck failed continuously on auth-service,Kubernetes CrashLoop
deployment failed due to pod crash on payment-service,Kubernetes CrashLoop
pod healthcheck failed continuously on payment-service,Kubernetes CrashLoop
pod entered crashloopbackoff state on kafka-broker,Kubernetes CrashLoop
orchestrator detected unstable container on prod-server-1,Kubernetes CrashLoop
pod entered crashloopbackoff state on prod-server-1,Kubernetes CrashLoop
orchestrator detected unstable container on prod-server-2,Kubernetes CrashLoop
orchestrator detected unstable container on auth-service,Kubernetes CrashLoop
kubernetes pod restarting repeatedly on prod-server-2,Kubernetes CrashLoop
kubernetes pod restarting repeatedly on frontend-app,Kubernetes CrashLoop
kubernetes pod restarting repeatedly on db-cluster,Kubernetes CrashLoop
pod entered crashloopbackoff state on k8s-node-4,Kubernetes CrashLoop
orchestrator detected unstable container on prod-server-2,Kubernetes CrashLoop
container terminated unexpectedly on k8s-node-4,Kubernetes CrashLoop
pod entered crashloopbackoff state on redis-cache,Kubernetes CrashLoop
deployment failed due to pod crash on frontend-app,Kubernetes CrashLoop
kubernetes pod restarting repeatedly on k8s-node-4,Kubernetes CrashLoop
deployment failed due to pod crash on kafka-broker,Kubernetes CrashLoop
orchestrator detected unstable container on payment-service,Kubernetes CrashLoop
deployment failed due to pod crash on frontend-app,Kubernetes CrashLoop
pod healthcheck failed continuously on prod-server-1,Kubernetes CrashLoop
deployment failed due to pod crash on redis-cache,Kubernetes CrashLoop
deployment failed due to pod crash on auth-service,Kubernetes CrashLoop
container terminated unexpectedly on kafka-broker,Kubernetes CrashLoop
pod healthcheck failed continuously on frontend-app,Kubernetes CrashLoop
container terminated unexpectedly on prod-server-2,Kubernetes CrashLoop
container terminated unexpectedly on auth-service,Kubernetes CrashLoop
pod healthcheck failed continuously on prod-server-1,Kubernetes CrashLoop
container terminated unexpectedly on frontend-app,Kubernetes CrashLoop
pod entered crashloopbackoff state on db-cluster,Kubernetes CrashLoop
container terminated unexpectedly on prod-server-2,Kubernetes CrashLoop
deployment failed due to pod crash on prod-server-2,Kubernetes CrashLoop
pod healthcheck failed continuously on payment-service,Kubernetes CrashLoop
pod entered crashloopbackoff state on prod-server-2,Kubernetes CrashLoop
pod entered crashloopbackoff state on api-gateway,Kubernetes CrashLoop
kubernetes pod restarting repeatedly on k8s-node-4,Kubernetes CrashLoop
container terminated unexpectedly on api-gateway,Kubernetes CrashLoop
deployment failed due to pod crash on prod-server-2,Kubernetes CrashLoop
pod entered crashloopbackoff state on prod-server-1,Kubernetes CrashLoop
pod entered crashloopbackoff state on frontend-app,Kubernetes CrashLoop
pod entered crashloopbackoff state on prod-server-2,Kubernetes CrashLoop
pod entered crashloopbackoff state on payment-service,Kubernetes CrashLoop
pod healthcheck failed continuously on redis-cache,Kubernetes CrashLoop
container terminated unexpectedly on auth-service,Kubernetes CrashLoop
kubernetes pod restarting repeatedly on kafka-broker,Kubernetes CrashLoop
container terminated unexpectedly on payment-service,Kubernetes CrashLoop
kubernetes pod restarting repeatedly on auth-service,Kubernetes CrashLoop
pod healthcheck failed continuously on auth-service,Kubernetes CrashLoop
pod healthcheck failed continuously on db-cluster,Kubernetes CrashLoop
pod healthcheck failed continuously on frontend-app,Kubernetes CrashLoop
container terminated unexpectedly on redis-cache,Kubernetes CrashLoop
deployment failed due to pod crash on prod-server-1,Kubernetes CrashLoop
kubernetes pod restarting repeatedly on api-gateway,Kubernetes CrashLoop
deployment failed due to pod crash on redis-cache,Kubernetes CrashLoop
deployment failed due to pod crash on frontend-app,Kubernetes CrashLoop
kubernetes pod restarting repeatedly on api-gateway,Kubernetes CrashLoop
container terminated unexpectedly on kafka-broker,Kubernetes CrashLoop
orchestrator detected unstable container on prod-server-2,Kubernetes CrashLoop
pod entered crashloopbackoff state on db-cluster,Kubernetes CrashLoop
pod entered crashloopbackoff state on payment-service,Kubernetes CrashLoop
kubernetes pod restarting repeatedly on payment-service,Kubernetes CrashLoop
container terminated unexpectedly on api-gateway,Kubernetes CrashLoop
orchestrator detected unstable container on api-gateway,Kubernetes CrashLoop
kubernetes pod restarting repeatedly on prod-server-1,Kubernetes CrashLoop
orchestrator detected unstable container on redis-cache,Kubernetes CrashLoop
pod healthcheck failed continuously on k8s-node-4,Kubernetes CrashLoop
pod healthcheck failed continuously on api-gateway,Kubernetes CrashLoop
pod entered crashloopbackoff state on db-cluster,Kubernetes CrashLoop
container terminated unexpectedly on k8s-node-4,Kubernetes CrashLoop
orchestrator detected unstable container on kafka-broker,Kubernetes CrashLoop
orchestrator detected unstable container on k8s-node-4,Kubernetes CrashLoop
orchestrator detected unstable container on kafka-broker,Kubernetes CrashLoop
pod healthcheck failed continuously on redis-cache,Kubernetes CrashLoop
orchestrator detected unstable container on auth-service,Kubernetes CrashLoop
container terminated unexpectedly on db-cluster,Kubernetes CrashLoop
pod healthcheck failed continuously on api-gateway,Kubernetes CrashLoop
deployment failed due to pod crash on prod-server-1,Kubernetes CrashLoop
pod entered crashloopbackoff state on db-cluster,Kubernetes CrashLoop
pod entered crashloopbackoff state on prod-server-2,Kubernetes CrashLoop
orchestrator detected unstable container on redis-cache,Kubernetes CrashLoop
container terminated unexpectedly on prod-server-1,Kubernetes CrashLoop
kubernetes pod restarting repeatedly on prod-server-1,Kubernetes CrashLoop
pod healthcheck failed continuously on redis-cache,Kubernetes CrashLoop
pod healthcheck failed continuously on k8s-node-4,Kubernetes CrashLoop
pod healthcheck failed continuously on api-gateway,Kubernetes CrashLoop
deployment failed due to pod crash on redis-cache,Kubernetes CrashLoop
kubernetes pod restarting repeatedly on redis-cache,Kubernetes CrashLoop
pod entered crashloopbackoff state on frontend-app,Kubernetes CrashLoop
deployment failed due to pod crash on redis-cache,Kubernetes CrashLoop
pod entered crashloopbackoff state on k8s-node-4,Kubernetes CrashLoop
pod healthcheck failed continuously on k8s-node-4,Kubernetes CrashLoop
kubernetes pod restarting repeatedly on db-cluster,Kubernetes CrashLoop
container terminated unexpectedly on payment-service,Kubernetes CrashLoop
pod healthcheck failed continuously on auth-service,Kubernetes CrashLoop
deployment failed due to pod crash on payment-service,Kubernetes CrashLoop
orchestrator detected unstable container on db-cluster,Kubernetes CrashLoop
container terminated unexpectedly on api-gateway,Kubernetes CrashLoop
kubernetes pod restarting repeatedly on prod-server-1,Kubernetes CrashLoop
kubernetes pod restarting repeatedly on frontend-app,Kubernetes CrashLoop
deployment failed due to pod crash on prod-server-1,Kubernetes CrashLoop
orchestrator detected unstable container on redis-cache,Kubernetes CrashLoop
deployment failed due to pod crash on db-cluster,Kubernetes CrashLoop
deployment failed due to pod crash on prod-server-1,Kubernetes CrashLoop
pod healthcheck failed continuously on frontend-app,Kubernetes CrashLoop
container terminated unexpectedly on redis-cache,Kubernetes CrashLoop
pod healthcheck failed continuously on frontend-app,Kubernetes CrashLoop
container terminated unexpectedly on payment-service,Kubernetes CrashLoop
pod healthcheck failed continuously on kafka-broker,Kubernetes CrashLoop
pod entered crashloopbackoff state on prod-server-2,Kubernetes CrashLoop
kubernetes pod restarting repeatedly on prod-server-1,Kubernetes CrashLoop
pod healthcheck failed continuously on payment-service,Kubernetes CrashLoop
kubernetes pod restarting repeatedly on api-gateway,Kubernetes CrashLoop
pod entered crashloopbackoff state on prod-server-1,Kubernetes CrashLoop
orchestrator detected unstable container on k8s-node-4,Kubernetes CrashLoop
pod healthcheck failed continuously on prod-server-1,Kubernetes CrashLoop
pod entered crashloopbackoff state on frontend-app,Kubernetes CrashLoop
deployment failed due to pod crash on api-gateway,Kubernetes CrashLoop
orchestrator detected unstable container on redis-cache,Kubernetes CrashLoop
pod healthcheck failed continuously on kafka-broker,Kubernetes CrashLoop
kubernetes pod restarting repeatedly on auth-service,Kubernetes CrashLoop
orchestrator detected unstable container on prod-server-1,Kubernetes CrashLoop
kubernetes pod restarting repeatedly on api-gateway,Kubernetes CrashLoop
orchestrator detected unstable container on redis-cache,Kubernetes CrashLoop
kubernetes pod restarting repeatedly on api-gateway,Kubernetes CrashLoop
pod entered crashloopbackoff state on payment-service,Kubernetes CrashLoop
container terminated unexpectedly on kafka-broker,Kubernetes CrashLoop
deployment failed due to pod crash on redis-cache,Kubernetes CrashLoop
pod healthcheck failed continuously on redis-cache,Kubernetes CrashLoop
deployment failed due to pod crash on api-gateway,Kubernetes CrashLoop
pod healthcheck failed continuously on k8s-node-4,Kubernetes CrashLoop
orchestrator detected unstable container on auth-service,Kubernetes CrashLoop
pod healthcheck failed continuously on prod-server-1,Kubernetes CrashLoop
orchestrator detected unstable container on prod-server-1,Kubernetes CrashLoop
deployment failed due to pod crash on redis-cache,Kubernetes CrashLoop
orchestrator detected unstable container on prod-server-2,Kubernetes CrashLoop
pod healthcheck failed continuously on prod-server-1,Kubernetes CrashLoop
container terminated unexpectedly on kafka-broker,Kubernetes CrashLoop
pod healthcheck failed continuously on kafka-broker,Kubernetes CrashLoop
kubernetes pod restarting repeatedly on prod-server-2,Kubernetes CrashLoop
orchestrator detected unstable container on prod-server-1,Kubernetes CrashLoop
kubernetes pod restarting repeatedly on prod-server-1,Kubernetes CrashLoop
pod healthcheck failed continuously on frontend-app,Kubernetes CrashLoop
orchestrator detected unstable container on frontend-app,Kubernetes CrashLoop
orchestrator detected unstable container on frontend-app,Kubernetes CrashLoop
deployment failed due to pod crash on auth-service,Kubernetes CrashLoop
deployment failed due to pod crash on frontend-app,Kubernetes CrashLoop
pod entered crashloopbackoff state on k8s-node-4,Kubernetes CrashLoop
orchestrator detected unstable container on prod-server-2,Kubernetes CrashLoop
orchestrator detected unstable container on prod-server-2,Kubernetes CrashLoop
kubernetes pod restarting repeatedly on kafka-broker,Kubernetes CrashLoop
deployment failed due to pod crash on prod-server-2,Kubernetes CrashLoop
deployment failed due to pod crash on k8s-node-4,Kubernetes CrashLoop
container terminated unexpectedly on auth-service,Kubernetes CrashLoop
container terminated unexpectedly on redis-cache,Kubernetes CrashLoop
pod entered crashloopbackoff state on k8s-node-4,Kubernetes CrashLoop
orchestrator detected unstable container on db-cluster,Kubernetes CrashLoop
kubernetes pod restarting repeatedly on frontend-app,Kubernetes CrashLoop
pod entered crashloopbackoff state on redis-cache,Kubernetes CrashLoop
pod entered crashloopbackoff state on prod-server-1,Kubernetes CrashLoop
deployment failed due to pod crash on api-gateway,Kubernetes CrashLoop
kubernetes pod restarting repeatedly on prod-server-2,Kubernetes CrashLoop
pod entered crashloopbackoff state on prod-server-2,Kubernetes CrashLoop
pod healthcheck failed continuously on redis-cache,Kubernetes CrashLoop
kubernetes pod restarting repeatedly on k8s-node-4,Kubernetes CrashLoop
kubernetes pod restarting repeatedly on auth-service,Kubernetes CrashLoop
kubernetes pod restarting repeatedly on payment-service,Kubernetes CrashLoop
orchestrator detected unstable container on k8s-node-4,Kubernetes CrashLoop
orchestrator detected unstable container on k8s-node-4,Kubernetes CrashLoop
container terminated unexpectedly on redis-cache,Kubernetes CrashLoop
container terminated unexpectedly on api-gateway,Kubernetes CrashLoop
deployment failed due to pod crash on prod-server-2,Kubernetes CrashLoop
orchestrator detected unstable container on redis-cache,Kubernetes CrashLoop
orchestrator detected unstable container on frontend-app,Kubernetes CrashLoop
container terminated unexpectedly on redis-cache,Kubernetes CrashLoop
kubernetes pod restarting repeatedly on db-cluster,Kubernetes CrashLoop
pod healthcheck failed continuously on prod-server-2,Kubernetes CrashLoop
orchestrator detected unstable container on payment-service,Kubernetes CrashLoop
deployment failed due to pod crash on k8s-node-4,Kubernetes CrashLoop
container terminated unexpectedly on db-cluster,Kubernetes CrashLoop
pod entered crashloopbackoff state on frontend-app,Kubernetes CrashLoop
container terminated unexpectedly on redis-cache,Kubernetes CrashLoop
pod entered crashloopbackoff state on auth-service,Kubernetes CrashLoop
pod healthcheck failed continuously on frontend-app,Kubernetes CrashLoop
container terminated unexpectedly on payment-service,Kubernetes CrashLoop
deployment failed due to pod crash on auth-service,Kubernetes CrashLoop
pod entered crashloopbackoff state on db-cluster,Kubernetes CrashLoop
pod entered crashloopbackoff state on k8s-node-4,Kubernetes CrashLoop
deployment failed due to pod crash on redis-cache,Kubernetes CrashLoop
pod healthcheck failed continuously on db-cluster,Kubernetes CrashLoop
pod healthcheck failed continuously on redis-cache,Kubernetes CrashLoop
pod healthcheck failed continuously on redis-cache,Kubernetes CrashLoop
kubernetes pod restarting repeatedly on db-cluster,Kubernetes CrashLoop
pod entered crashloopbackoff state on payment-service,Kubernetes CrashLoop
kubernetes pod restarting repeatedly on payment-service,Kubernetes CrashLoop
orchestrator detected unstable container on redis-cache,Kubernetes CrashLoop
orchestrator detected unstable container on frontend-app,Kubernetes CrashLoop
deployment failed due to pod crash on auth-service,Kubernetes CrashLoop
pod entered crashloopbackoff state on k8s-node-4,Kubernetes CrashLoop
pod entered crashloopbackoff state on kafka-broker,Kubernetes CrashLoop
orchestrator detected unstable container on payment-service,Kubernetes CrashLoop
orchestrator detected unstable container on api-gateway,Kubernetes CrashLoop
pod entered crashloopbackoff state on api-gateway,Kubernetes CrashLoop
kubernetes pod restarting repeatedly on redis-cache,Kubernetes CrashLoop
pod healthcheck failed continuously on redis-cache,Kubernetes CrashLoop
deployment failed due to pod crash on k8s-node-4,Kubernetes CrashLoop
orchestrator detected unstable container on prod-server-2,Kubernetes CrashLoop
pod entered crashloopbackoff state on kafka-broker,Kubernetes CrashLoop
deployment failed due to pod crash on db-cluster,Kubernetes CrashLoop
orchestrator detected unstable container on payment-service,Kubernetes CrashLoop
pod healthcheck failed continuously on api-gateway,Kubernetes CrashLoop
container terminated unexpectedly on db-cluster,Kubernetes CrashLoop
container terminated unexpectedly on k8s-node-4,Kubernetes CrashLoop
deployment failed due to pod crash on prod-server-1,Kubernetes CrashLoop
pod entered crashloopbackoff state on auth-service,Kubernetes CrashLoop
invalid ssl chain detected on db-cluster,SSL Error
invalid ssl chain detected on kafka-broker,SSL Error
tls handshake failure detected on payment-service,SSL Error
invalid ssl chain detected on api-gateway,SSL Error
https certificate mismatch error on kafka-broker,SSL Error
certificate validation failed on frontend-app,SSL Error
tls handshake failure detected on db-cluster,SSL Error
tls handshake failure detected on redis-cache,SSL Error
invalid ssl chain detected on auth-service,SSL Error
invalid ssl chain detected on payment-service,SSL Error
invalid ssl chain detected on redis-cache,SSL Error
https certificate mismatch error on prod-server-1,SSL Error
secure connection could not be established on payment-service,SSL Error
ssl certificate expired on payment-service,SSL Error
secure connection could not be established on payment-service,SSL Error
invalid ssl chain detected on kafka-broker,SSL Error
https certificate mismatch error on k8s-node-4,SSL Error
secure connection could not be established on kafka-broker,SSL Error
invalid ssl chain detected on payment-service,SSL Error
ssl certificate expired on prod-server-1,SSL Error
https certificate mismatch error on db-cluster,SSL Error
invalid ssl chain detected on prod-server-2,SSL Error
invalid ssl chain detected on prod-server-1,SSL Error
https certificate mismatch error on kafka-broker,SSL Error
tls handshake failure detected on k8s-node-4,SSL Error
ssl certificate expired on auth-service,SSL Error
ssl certificate expired on frontend-app,SSL Error
invalid ssl chain detected on frontend-app,SSL Error
tls handshake failure detected on prod-server-1,SSL Error
https certificate mismatch error on db-cluster,SSL Error
ssl certificate expired on kafka-broker,SSL Error
https certificate mismatch error on api-gateway,SSL Error
tls handshake failure detected on frontend-app,SSL Error
certificate validation failed on k8s-node-4,SSL Error
https certificate mismatch error on redis-cache,SSL Error
certificate validation failed on k8s-node-4,SSL Error
secure connection could not be established on prod-server-2,SSL Error
tls handshake failure detected on prod-server-2,SSL Error
https certificate mismatch error on kafka-broker,SSL Error
ssl certificate expired on prod-server-1,SSL Error
invalid ssl chain detected on db-cluster,SSL Error
certificate validation failed on kafka-broker,SSL Error
https certificate mismatch error on prod-server-1,SSL Error
secure connection could not be established on api-gateway,SSL Error
invalid ssl chain detected on auth-service,SSL Error
tls handshake failure detected on kafka-broker,SSL Error
secure connection could not be established on auth-service,SSL Error
tls handshake failure detected on frontend-app,SSL Error
secure connection could not be established on payment-service,SSL Error
invalid ssl chain detected on prod-server-2,SSL Error
https certificate mismatch error on kafka-broker,SSL Error
ssl certificate expired on auth-service,SSL Error
ssl certificate expired on prod-server-1,SSL Error
https certificate mismatch error on payment-service,SSL Error
certificate validation failed on db-cluster,SSL Error
https certificate mismatch error on prod-server-2,SSL Error
tls handshake failure detected on k8s-node-4,SSL Error
certificate validation failed on redis-cache,SSL Error
https certificate mismatch error on k8s-node-4,SSL Error
secure connection could not be established on k8s-node-4,SSL Error
https certificate mismatch error on kafka-broker,SSL Error
tls handshake failure detected on redis-cache,SSL Error
certificate validation failed on redis-cache,SSL Error
ssl certificate expired on prod-server-1,SSL Error
tls handshake failure detected on frontend-app,SSL Error
certificate validation failed on prod-server-1,SSL Error
secure connection could not be established on prod-server-1,SSL Error
https certificate mismatch error on frontend-app,SSL Error
certificate validation failed on frontend-app,SSL Error
https certificate mismatch error on k8s-node-4,SSL Error
invalid ssl chain detected on prod-server-2,SSL Error
tls handshake failure detected on redis-cache,SSL Error
https certificate mismatch error on kafka-broker,SSL Error
ssl certificate expired on api-gateway,SSL Error
tls handshake failure detected on api-gateway,SSL Error
secure connection could not be established on auth-service,SSL Error
invalid ssl chain detected on prod-server-1,SSL Error
tls handshake failure detected on k8s-node-4,SSL Error
tls handshake failure detected on k8s-node-4,SSL Error
certificate validation failed on redis-cache,SSL Error
ssl certificate expired on db-cluster,SSL Error
https certificate mismatch error on prod-server-1,SSL Error
ssl certificate expired on prod-server-2,SSL Error
tls handshake failure detected on prod-server-2,SSL Error
secure connection could not be established on k8s-node-4,SSL Error
tls handshake failure detected on auth-service,SSL Error
certificate validation failed on kafka-broker,SSL Error
secure connection could not be established on redis-cache,SSL Error
tls handshake failure detected on kafka-broker,SSL Error
ssl certificate expired on redis-cache,SSL Error
ssl certificate expired on prod-server-1,SSL Error
ssl certificate expired on payment-service,SSL Error
invalid ssl chain detected on auth-service,SSL Error
ssl certificate expired on prod-server-1,SSL Error
secure connection could not be established on k8s-node-4,SSL Error
tls handshake failure detected on payment-service,SSL Error
ssl certificate expired on redis-cache,SSL Error
invalid ssl chain detected on db-cluster,SSL Error
certificate validation failed on redis-cache,SSL Error
certificate validation failed on k8s-node-4,SSL Error
secure connection could not be established on auth-service,SSL Error
https certificate mismatch error on prod-server-2,SSL Error
tls handshake failure detected on db-cluster,SSL Error
ssl certificate expired on payment-service,SSL Error
https certificate mismatch error on k8s-node-4,SSL Error
certificate validation failed on kafka-broker,SSL Error
https certificate mismatch error on kafka-broker,SSL Error
ssl certificate expired on prod-server-2,SSL Error
https certificate mismatch error on api-gateway,SSL Error
certificate validation failed on redis-cache,SSL Error
invalid ssl chain detected on redis-cache,SSL Error
ssl certificate expired on prod-server-1,SSL Error
tls handshake failure detected on payment-service,SSL Error
tls handshake failure detected on prod-server-2,SSL Error
secure connection could not be established on frontend-app,SSL Error
secure connection could not be established on db-cluster,SSL Error
ssl certificate expired on frontend-app,SSL Error
secure connection could not be established on payment-service,SSL Error
invalid ssl chain detected on api-gateway,SSL Error
https certificate mismatch error on prod-server-1,SSL Error
secure connection could not be established on k8s-node-4,SSL Error
certificate validation failed on auth-service,SSL Error
https certificate mismatch error on payment-service,SSL Error
ssl certificate expired on prod-server-1,SSL Error
tls handshake failure detected on redis-cache,SSL Error
secure connection could not be established on auth-service,SSL Error
https certificate mismatch error on redis-cache,SSL Error
ssl certificate expired on db-cluster,SSL Error
invalid ssl chain detected on prod-server-1,SSL Error
certificate validation failed on api-gateway,SSL Error
invalid ssl chain detected on k8s-node-4,SSL Error
invalid ssl chain detected on api-gateway,SSL Error
invalid ssl chain detected on payment-service,SSL Error
secure connection could not be established on api-gateway,SSL Error
tls handshake failure detected on k8s-node-4,SSL Error
certificate validation failed on k8s-node-4,SSL Error
secure connection could not be established on k8s-node-4,SSL Error
invalid ssl chain detected on kafka-broker,SSL Error
https certificate mismatch error on kafka-broker,SSL Error
certificate validation failed on db-cluster,SSL Error
https certificate mismatch error on payment-service,SSL Error
tls handshake failure detected on redis-cache,SSL Error
secure connection could not be established on prod-server-2,SSL Error
invalid ssl chain detected on redis-cache,SSL Error
certificate validation failed on payment-service,SSL Error
https certificate mismatch error on prod-server-2,SSL Error
tls handshake failure detected on redis-cache,SSL Error
https certificate mismatch error on k8s-node-4,SSL Error
invalid ssl chain detected on payment-service,SSL Error
https certificate mismatch error on redis-cache,SSL Error
ssl certificate expired on db-cluster,SSL Error
tls handshake failure detected on auth-service,SSL Error
secure connection could not be established on k8s-node-4,SSL Error
invalid ssl chain detected on k8s-node-4,SSL Error
invalid ssl chain detected on api-gateway,SSL Error
secure connection could not be established on auth-service,SSL Error
certificate validation failed on payment-service,SSL Error
ssl certificate expired on frontend-app,SSL Error
certificate validation failed on prod-server-2,SSL Error
https certificate mismatch error on kafka-broker,SSL Error
ssl certificate expired on kafka-broker,SSL Error
https certificate mismatch error on frontend-app,SSL Error
invalid ssl chain detected on prod-server-1,SSL Error
tls handshake failure detected on redis-cache,SSL Error
ssl certificate expired on payment-service,SSL Error
secure connection could not be established on prod-server-2,SSL Error
invalid ssl chain detected on kafka-broker,SSL Error
certificate validation failed on frontend-app,SSL Error
ssl certificate expired on db-cluster,SSL Error
certificate validation failed on prod-server-1,SSL Error
tls handshake failure detected on prod-server-1,SSL Error
invalid ssl chain detected on frontend-app,SSL Error
tls handshake failure detected on redis-cache,SSL Error
secure connection could not be established on api-gateway,SSL Error
https certificate mismatch error on prod-server-1,SSL Error
secure connection could not be established on kafka-broker,SSL Error
ssl certificate expired on frontend-app,SSL Error
secure connection could not be established on kafka-broker,SSL Error
invalid ssl chain detected on k8s-node-4,SSL Error
secure connection could not be established on api-gateway,SSL Error
invalid ssl chain detected on api-gateway,SSL Error
https certificate mismatch error on redis-cache,SSL Error
https certificate mismatch error on payment-service,SSL Error
tls handshake failure detected on db-cluster,SSL Error
tls handshake failure detected on prod-server-1,SSL Error
invalid ssl chain detected on frontend-app,SSL Error
ssl certificate expired on payment-service,SSL Error
certificate validation failed on frontend-app,SSL Error
secure connection could not be established on auth-service,SSL Error
secure connection could not be established on prod-server-1,SSL Error
tls handshake failure detected on auth-service,SSL Error
https certificate mismatch error on payment-service,SSL Error
secure connection could not be established on redis-cache,SSL Error
certificate validation failed on prod-server-1,SSL Error
invalid ssl chain detected on api-gateway,SSL Error
secure connection could not be established on api-gateway,SSL Error
https certificate mismatch error on redis-cache,SSL Error
ssl certificate expired on kafka-broker,SSL Error
https certificate mismatch error on prod-server-2,SSL Error
certificate validation failed on auth-service,SSL Error
https certificate mismatch error on auth-service,SSL Error
ssl certificate expired on db-cluster,SSL Error
invalid ssl chain detected on db-cluster,SSL Error
certificate validation failed on prod-server-2,SSL Error
certificate validation failed on payment-service,SSL Error
invalid ssl chain detected on kafka-broker,SSL Error
certificate validation failed on auth-service,SSL Error
invalid ssl chain detected on kafka-broker,SSL Error
ssl certificate expired on auth-service,SSL Error
https certificate mismatch error on kafka-broker,SSL Error
secure connection could not be established on prod-server-2,SSL Error
https certificate mismatch error on frontend-app,SSL Error
invalid ssl chain detected on prod-server-2,SSL Error
https certificate mismatch error on prod-server-2,SSL Error
ssl certificate expired on prod-server-1,SSL Error
secure connection could not be established on prod-server-2,SSL Error
certificate validation failed on frontend-app,SSL Error
certificate validation failed on auth-service,SSL Error
secure connection could not be established on auth-service,SSL Error
secure connection could not be established on k8s-node-4,SSL Error
https certificate mismatch error on db-cluster,SSL Error
tls handshake failure detected on payment-service,SSL Error
ssl certificate expired on api-gateway,SSL Error
tls handshake failure detected on kafka-broker,SSL Error
secure connection could not be established on auth-service,SSL Error
https certificate mismatch error on frontend-app,SSL Error
ssl certificate expired on api-gateway,SSL Error
tls handshake failure detected on auth-service,SSL Error
https certificate mismatch error on auth-service,SSL Error
secure connection could not be established on db-cluster,SSL Error
tls handshake failure detected on k8s-node-4,SSL Error
certificate validation failed on auth-service,SSL Error
certificate validation failed on auth-service,SSL Error
tls handshake failure detected on k8s-node-4,SSL Error
certificate validation failed on prod-server-1,SSL Error
certificate validation failed on auth-service,SSL Error
tls handshake failure detected on prod-server-2,SSL Error
ssl certificate expired on api-gateway,SSL Error
https certificate mismatch error on api-gateway,SSL Error
secure connection could not be established on kafka-broker,SSL Error
certificate validation failed on frontend-app,SSL Error
ssl certificate expired on payment-service,SSL Error
https certificate mismatch error on kafka-broker,SSL Error
secure connection could not be established on redis-cache,SSL Error
secure connection could not be established on payment-service,SSL Error
secure connection could not be established on prod-server-2,SSL Error
ssl certificate expired on api-gateway,SSL Error
certificate validation failed on prod-server-2,SSL Error
certificate validation failed on k8s-node-4,SSL Error
tls handshake failure detected on kafka-broker,SSL Error
secure connection could not be established on db-cluster,SSL Error
ssl certificate expired on db-cluster,SSL Error
ssl certificate expired on k8s-node-4,SSL Error
tls handshake failure detected on payment-service,SSL Error
https certificate mismatch error on api-gateway,SSL Error
ssl certificate expired on payment-service,SSL Error
ssl certificate expired on k8s-node-4,SSL Error
ssl certificate expired on api-gateway,SSL Error
https certificate mismatch error on auth-service,SSL Error
tls handshake failure detected on prod-server-1,SSL Error
certificate validation failed on payment-service,SSL Error
secure connection could not be established on db-cluster,SSL Error
certificate validation failed on prod-server-2,SSL Error
invalid ssl chain detected on prod-server-1,SSL Error
https certificate mismatch error on auth-service,SSL Error
https certificate mismatch error on payment-service,SSL Error
https certificate mismatch error on prod-server-2,SSL Error
tls handshake failure detected on frontend-app,SSL Error
certificate validation failed on frontend-app,SSL Error
certificate validation failed on auth-service,SSL Error
certificate validation failed on prod-server-2,SSL Error
invalid ssl chain detected on k8s-node-4,SSL Error
ssl certificate expired on frontend-app,SSL Error
ssl certificate expired on kafka-broker,SSL Error
certificate validation failed on payment-service,SSL Error
secure connection could not be established on prod-server-1,SSL Error
https certificate mismatch error on payment-service,SSL Error
invalid ssl chain detected on kafka-broker,SSL Error
tls handshake failure detected on kafka-broker,SSL Error
secure connection could not be established on auth-service,SSL Error
certificate validation failed on k8s-node-4,SSL Error
tls handshake failure detected on k8s-node-4,SSL Error
https certificate mismatch error on api-gateway,SSL Error
certificate validation failed on redis-cache,SSL Error
ssl certificate expired on auth-service,SSL Error
invalid ssl chain detected on api-gateway,SSL Error
secure connection could not be established on api-gateway,SSL Error
tls handshake failure detected on payment-service,SSL Error
certificate validation failed on prod-server-2,SSL Error
https certificate mismatch error on prod-server-1,SSL Error
invalid ssl chain detected on auth-service,SSL Error
https certificate mismatch error on auth-service,SSL Error
https certificate mismatch error on kafka-broker,SSL Error
secure connection could not be established on prod-server-2,SSL Error
certificate validation failed on api-gateway,SSL Error
https certificate mismatch error on db-cluster,SSL Error
invalid ssl chain detected on redis-cache,SSL Error
secure connection could not be established on frontend-app,SSL Error
certificate validation failed on auth-service,SSL Error
ssl certificate expired on kafka-broker,SSL Error
certificate validation failed on payment-service,SSL Error
tls handshake failure detected on auth-service,SSL Error
tls handshake failure detected on payment-service,SSL Error
certificate validation failed on frontend-app,SSL Error
https certificate mismatch error on k8s-node-4,SSL Error
invalid ssl chain detected on auth-service,SSL Error
secure connection could not be established on frontend-app,SSL Error
invalid ssl chain detected on prod-server-2,SSL Error
https certificate mismatch error on redis-cache,SSL Error
ssl certificate expired on frontend-app,SSL Error
secure connection could not be established on prod-server-2,SSL Error
https certificate mismatch error on payment-service,SSL Error
certificate validation failed on frontend-app,SSL Error
certificate validation failed on prod-server-2,SSL Error
invalid ssl chain detected on api-gateway,SSL Error
certificate validation failed on redis-cache,SSL Error
https certificate mismatch error on auth-service,SSL Error
ssl certificate expired on prod-server-1,SSL Error
ssl certificate expired on db-cluster,SSL Error
secure connection could not be established on api-gateway,SSL Error
certificate validation failed on db-cluster,SSL Error
certificate validation failed on prod-server-1,SSL Error
tls handshake failure detected on redis-cache,SSL Error
certificate validation failed on frontend-app,SSL Error
ssl certificate expired on db-cluster,SSL Error
certificate validation failed on kafka-broker,SSL Error
invalid ssl chain detected on frontend-app,SSL Error
invalid ssl chain detected on k8s-node-4,SSL Error
certificate validation failed on prod-server-1,SSL Error
certificate validation failed on prod-server-2,SSL Error
certificate validation failed on prod-server-2,SSL Error
secure connection could not be established on auth-service,SSL Error
tls handshake failure detected on redis-cache,SSL Error
certificate validation failed on payment-service,SSL Error
tls handshake failure detected on auth-service,SSL Error
secure connection could not be established on redis-cache,SSL Error
secure connection could not be established on payment-service,SSL Error
certificate validation failed on kafka-broker,SSL Error
tls handshake failure detected on db-cluster,SSL Error
secure connection could not be established on auth-service,SSL Error
tls handshake failure detected on prod-server-2,SSL Error
ssl certificate expired on prod-server-1,SSL Error
https certificate mismatch error on kafka-broker,SSL Error
certificate validation failed on prod-server-1,SSL Error
ssl certificate expired on db-cluster,SSL Error
https certificate mismatch error on frontend-app,SSL Error
certificate validation failed on db-cluster,SSL Error
invalid ssl chain detected on db-cluster,SSL Error
certificate validation failed on payment-service,SSL Error
tls handshake failure detected on kafka-broker,SSL Error
invalid ssl chain detected on kafka-broker,SSL Error
ssl certificate expired on redis-cache,SSL Error
tls handshake failure detected on api-gateway,SSL Error
invalid ssl chain detected on prod-server-1,SSL Error
secure connection could not be established on payment-service,SSL Error
certificate validation failed on auth-service,SSL Error
ssl certificate expired on k8s-node-4,SSL Error
https certificate mismatch error on db-cluster,SSL Error
tls handshake failure detected on k8s-node-4,SSL Error
https certificate mismatch error on prod-server-2,SSL Error
secure connection could not be established on auth-service,SSL Error
secure connection could not be established on redis-cache,SSL Error
tls handshake failure detected on db-cluster,SSL Error
certificate validation failed on k8s-node-4,SSL Error
ssl certificate expired on payment-service,SSL Error
certificate validation failed on frontend-app,SSL Error
certificate validation failed on prod-server-1,SSL Error
https certificate mismatch error on auth-service,SSL Error
invalid ssl chain detected on kafka-broker,SSL Error
secure connection could not be established on auth-service,SSL Error
ssl certificate expired on k8s-node-4,SSL Error
secure connection could not be established on db-cluster,SSL Error
tls handshake failure detected on auth-service,SSL Error
certificate validation failed on redis-cache,SSL Error
https certificate mismatch error on db-cluster,SSL Error
invalid ssl chain detected on redis-cache,SSL Error
secure connection could not be established on db-cluster,SSL Error
certificate validation failed on api-gateway,SSL Error
tls handshake failure detected on auth-service,SSL Error
secure connection could not be established on frontend-app,SSL Error
invalid ssl chain detected on payment-service,SSL Error
secure connection could not be established on payment-service,SSL Error
tls handshake failure detected on prod-server-2,SSL Error
ssl certificate expired on prod-server-1,SSL Error
ssl certificate expired on kafka-broker,SSL Error
certificate validation failed on db-cluster,SSL Error
invalid ssl chain detected on kafka-broker,SSL Error
https certificate mismatch error on frontend-app,SSL Error
https certificate mismatch error on db-cluster,SSL Error
ssl certificate expired on redis-cache,SSL Error
certificate validation failed on kafka-broker,SSL Error
ssl certificate expired on prod-server-2,SSL Error
invalid ssl chain detected on k8s-node-4,SSL Error
ssl certificate expired on prod-server-1,SSL Error
secure connection could not be established on prod-server-1,SSL Error
certificate validation failed on kafka-broker,SSL Error
certificate validation failed on prod-server-1,SSL Error
https certificate mismatch error on frontend-app,SSL Error
tls handshake failure detected on auth-service,SSL Error
invalid ssl chain detected on auth-service,SSL Error
invalid ssl chain detected on kafka-broker,SSL Error
tls handshake failure detected on auth-service,SSL Error
certificate validation failed on prod-server-2,SSL Error
secure connection could not be established on prod-server-2,SSL Error
invalid ssl chain detected on frontend-app,SSL Error
ssl certificate expired on db-cluster,SSL Error
tls handshake failure detected on frontend-app,SSL Error
certificate validation failed on prod-server-1,SSL Error
ssl certificate expired on kafka-broker,SSL Error
secure connection could not be established on kafka-broker,SSL Error
https certificate mismatch error on k8s-node-4,SSL Error
ssl certificate expired on k8s-node-4,SSL Error
ssl certificate expired on prod-server-1,SSL Error
https certificate mismatch error on prod-server-1,SSL Error
https certificate mismatch error on auth-service,SSL Error
certificate validation failed on kafka-broker,SSL Error
https certificate mismatch error on redis-cache,SSL Error
certificate validation failed on frontend-app,SSL Error
certificate validation failed on redis-cache,SSL Error
ssl certificate expired on k8s-node-4,SSL Error
invalid ssl chain detected on api-gateway,SSL Error
tls handshake failure detected on auth-service,SSL Error
certificate validation failed on k8s-node-4,SSL Error
invalid ssl chain detected on kafka-broker,SSL Error
ssl certificate expired on payment-service,SSL Error
secure connection could not be established on k8s-node-4,SSL Error
https certificate mismatch error on prod-server-1,SSL Error
tls handshake failure detected on frontend-app,SSL Error
tls handshake failure detected on db-cluster,SSL Error
https certificate mismatch error on prod-server-2,SSL Error
secure connection could not be established on prod-server-1,SSL Error
ssl certificate expired on prod-server-2,SSL Error
tls handshake failure detected on payment-service,SSL Error
tls handshake failure detected on prod-server-1,SSL Error
invalid ssl chain detected on prod-server-1,SSL Error
certificate validation failed on k8s-node-4,SSL Error
tls handshake failure detected on k8s-node-4,SSL Error
ssl certificate expired on api-gateway,SSL Error
ssl certificate expired on redis-cache,SSL Error
ssl certificate expired on kafka-broker,SSL Error
tls handshake failure detected on k8s-node-4,SSL Error
https certificate mismatch error on api-gateway,SSL Error
invalid ssl chain detected on k8s-node-4,SSL Error
secure connection could not be established on frontend-app,SSL Error
https certificate mismatch error on k8s-node-4,SSL Error
tls handshake failure detected on api-gateway,SSL Error
invalid ssl chain detected on payment-service,SSL Error
https certificate mismatch error on k8s-node-4,SSL Error
invalid ssl chain detected on redis-cache,SSL Error
https certificate mismatch error on k8s-node-4,SSL Error
ssl certificate expired on frontend-app,SSL Error
ssl certificate expired on prod-server-1,SSL Error
invalid ssl chain detected on api-gateway,SSL Error
invalid ssl chain detected on redis-cache,SSL Error
ssl certificate expired on api-gateway,SSL Error
secure connection could not be established on db-cluster,SSL Error
certificate validation failed on prod-server-2,SSL Error
ssl certificate expired on payment-service,SSL Error
certificate validation failed on payment-service,SSL Error
secure connection could not be established on prod-server-2,SSL Error
tls handshake failure detected on api-gateway,SSL Error
secure connection could not be established on prod-server-1,SSL Error
secure connection could not be established on payment-service,SSL Error
invalid ssl chain detected on payment-service,SSL Error
secure connection could not be established on db-cluster,SSL Error
tls handshake failure detected on api-gateway,SSL Error
https certificate mismatch error on prod-server-1,SSL Error
ssl certificate expired on prod-server-2,SSL Error
https certificate mismatch error on kafka-broker,SSL Error
tls handshake failure detected on prod-server-2,SSL Error
ssl certificate expired on auth-service,SSL Error
ssl certificate expired on prod-server-1,SSL Error
certificate validation failed on prod-server-1,SSL Error
ssl certificate expired on prod-server-2,SSL Error
secure connection could not be established on prod-server-1,SSL Error
secure connection could not be established on k8s-node-4,SSL Error
tls handshake failure detected on prod-server-2,SSL Error
https certificate mismatch error on frontend-app,SSL Error
certificate validation failed on prod-server-2,SSL Error
https certificate mismatch error on redis-cache,SSL Error
secure connection could not be established on api-gateway,SSL Error
tls handshake failure detected on frontend-app,SSL Error
secure connection could not be established on redis-cache,SSL Error
certificate validation failed on frontend-app,SSL Error
certificate validation failed on kafka-broker,SSL Error
tls handshake failure detected on frontend-app,SSL Error
tls handshake failure detected on auth-service,SSL Error
secure connection could not be established on kafka-broker,SSL Error
secure connection could not be established on frontend-app,SSL Error
certificate validation failed on kafka-broker,SSL Error
tls handshake failure detected on prod-server-2,SSL Error
certificate validation failed on api-gateway,SSL Error
tls handshake failure detected on kafka-broker,SSL Error
secure connection could not be established on api-gateway,SSL Error
secure connection could not be established on redis-cache,SSL Error
invalid ssl chain detected on prod-server-1,SSL Error
tls handshake failure detected on kafka-broker,SSL Error
https certificate mismatch error on k8s-node-4,SSL Error
certificate validation failed on auth-service,SSL Error
tls handshake failure detected on payment-service,SSL Error
secure connection could not be established on prod-server-1,SSL Error
certificate validation failed on api-gateway,SSL Error
certificate validation failed on prod-server-2,SSL Error
https certificate mismatch error on payment-service,SSL Error
secure connection could not be established on kafka-broker,SSL Error
secure connection could not be established on db-cluster,SSL Error
https certificate mismatch error on auth-service,SSL Error
https certificate mismatch error on db-cluster,SSL Error
tls handshake failure detected on redis-cache,SSL Error
secure connection could not be established on payment-service,SSL Error
secure connection could not be established on db-cluster,SSL Error
ssl certificate expired on db-cluster,SSL Error
ssl certificate expired on api-gateway,SSL Error
secure connection could not be established on auth-service,SSL Error
certificate validation failed on prod-server-2,SSL Error
tls handshake failure detected on redis-cache,SSL Error
ssl certificate expired on kafka-broker,SSL Error
ssl certificate expired on prod-server-2,SSL Error
ssl certificate expired on api-gateway,SSL Error
https certificate mismatch error on prod-server-1,SSL Error
secure connection could not be established on frontend-app,SSL Error
tls handshake failure detected on db-cluster,SSL Error
certificate validation failed on redis-cache,SSL Error
secure connection could not be established on db-cluster,SSL Error
secure connection could not be established on api-gateway,SSL Error
https certificate mismatch error on redis-cache,SSL Error
certificate validation failed on kafka-broker,SSL Error
tls handshake failure detected on redis-cache,SSL Error
certificate validation failed on kafka-broker,SSL Error
certificate validation failed on db-cluster,SSL Error
https certificate mismatch error on frontend-app,SSL Error
https certificate mismatch error on kafka-broker,SSL Error
ssl certificate expired on api-gateway,SSL Error
secure connection could not be established on prod-server-2,SSL Error
ssl certificate expired on frontend-app,SSL Error
tls handshake failure detected on auth-service,SSL Error
ssl certificate expired on db-cluster,SSL Error
https certificate mismatch error on k8s-node-4,SSL Error
ssl certificate expired on prod-server-1,SSL Error
https certificate mismatch error on db-cluster,SSL Error
ssl certificate expired on db-cluster,SSL Error
https certificate mismatch error on auth-service,SSL Error
tls handshake failure detected on payment-service,SSL Error
invalid ssl chain detected on api-gateway,SSL Error
certificate validation failed on k8s-node-4,SSL Error
ssl certificate expired on api-gateway,SSL Error
ssl certificate expired on api-gateway,SSL Error
certificate validation failed on frontend-app,SSL Error
certificate validation failed on kafka-broker,SSL Error
certificate validation failed on db-cluster,SSL Error
tls handshake failure detected on auth-service,SSL Error
https certificate mismatch error on redis-cache,SSL Error
secure connection could not be established on db-cluster,SSL Error
https certificate mismatch error on frontend-app,SSL Error
secure connection could not be established on prod-server-1,SSL Error
tls handshake failure detected on payment-service,SSL Error
tls handshake failure detected on kafka-broker,SSL Error
certificate validation failed on api-gateway,SSL Error
https certificate mismatch error on kafka-broker,SSL Error
invalid ssl chain detected on k8s-node-4,SSL Error
tls handshake failure detected on db-cluster,SSL Error
secure connection could not be established on prod-server-2,SSL Error
secure connection could not be established on prod-server-1,SSL Error
certificate validation failed on db-cluster,SSL Error
secure connection could not be established on frontend-app,SSL Error
tls handshake failure detected on api-gateway,SSL Error
certificate validation failed on prod-server-1,SSL Error
invalid ssl chain detected on auth-service,SSL Error
ssl certificate expired on k8s-node-4,SSL Error
invalid ssl chain detected on db-cluster,SSL Error
tls handshake failure detected on api-gateway,SSL Error
https certificate mismatch error on api-gateway,SSL Error
secure connection could not be established on db-cluster,SSL Error
tls handshake failure detected on frontend-app,SSL Error
https certificate mismatch error on prod-server-2,SSL Error
secure connection could not be established on frontend-app,SSL Error
tls handshake failure detected on api-gateway,SSL Error
invalid ssl chain detected on k8s-node-4,SSL Error
invalid ssl chain detected on prod-server-2,SSL Error
secure connection could not be established on payment-service,SSL Error
secure connection could not be established on prod-server-2,SSL Error
secure connection could not be established on auth-service,SSL Error
certificate validation failed on api-gateway,SSL Error
ssl certificate expired on frontend-app,SSL Error
secure connection could not be established on frontend-app,SSL Error
secure connection could not be established on prod-server-1,SSL Error
tls handshake failure detected on prod-server-1,SSL Error
invalid ssl chain detected on db-cluster,SSL Error
invalid ssl chain detected on payment-service,SSL Error
tls handshake failure detected on redis-cache,SSL Error
invalid ssl chain detected on frontend-app,SSL Error
ssl certificate expired on kafka-broker,SSL Error
tls handshake failure detected on api-gateway,SSL Error
invalid ssl chain detected on kafka-broker,SSL Error
certificate validation failed on auth-service,SSL Error
ssl certificate expired on auth-service,SSL Error
https certificate mismatch error on api-gateway,SSL Error
tls handshake failure detected on api-gateway,SSL Error
ssl certificate expired on kafka-broker,SSL Error
https certificate mismatch error on auth-service,SSL Error
certificate validation failed on prod-server-2,SSL Error
secure connection could not be established on kafka-broker,SSL Error
secure connection could not be established on kafka-broker,SSL Error
secure connection could not be established on redis-cache,SSL Error
https certificate mismatch error on redis-cache,SSL Error
invalid ssl chain detected on frontend-app,SSL Error
tls handshake failure detected on frontend-app,SSL Error
certificate validation failed on kafka-broker,SSL Error
tls handshake failure detected on k8s-node-4,SSL Error
certificate validation failed on k8s-node-4,SSL Error
certificate validation failed on api-gateway,SSL Error
invalid ssl chain detected on kafka-broker,SSL Error
ssl certificate expired on api-gateway,SSL Error
invalid ssl chain detected on prod-server-2,SSL Error
ssl certificate expired on prod-server-2,SSL Error
ssl certificate expired on prod-server-2,SSL Error
tls handshake failure detected on frontend-app,SSL Error
invalid ssl chain detected on prod-server-2,SSL Error
tls handshake failure detected on redis-cache,SSL Error
invalid ssl chain detected on prod-server-2,SSL Error
tls handshake failure detected on k8s-node-4,SSL Error
certificate validation failed on kafka-broker,SSL Error
ssl certificate expired on kafka-broker,SSL Error
invalid ssl chain detected on api-gateway,SSL Error
https certificate mismatch error on auth-service,SSL Error
tls handshake failure detected on prod-server-2,SSL Error
invalid ssl chain detected on kafka-broker,SSL Error
https certificate mismatch error on prod-server-1,SSL Error
tls handshake failure detected on payment-service,SSL Error
tls handshake failure detected on auth-service,SSL Error
https certificate mismatch error on auth-service,SSL Error
https certificate mismatch error on api-gateway,SSL Error
invalid ssl chain detected on k8s-node-4,SSL Error
invalid ssl chain detected on api-gateway,SSL Error
ssl certificate expired on redis-cache,SSL Error
secure connection could not be established on api-gateway,SSL Error
https certificate mismatch error on redis-cache,SSL Error
ssl certificate expired on frontend-app,SSL Error
ssl certificate expired on kafka-broker,SSL Error
invalid ssl chain detected on db-cluster,SSL Error
ssl certificate expired on api-gateway,SSL Error
https certificate mismatch error on frontend-app,SSL Error
tls handshake failure detected on db-cluster,SSL Error
certificate validation failed on payment-service,SSL Error
tls handshake failure detected on prod-server-1,SSL Error
secure connection could not be established on redis-cache,SSL Error
tls handshake failure detected on payment-service,SSL Error
ssl certificate expired on prod-server-2,SSL Error
secure connection could not be established on db-cluster,SSL Error
certificate validation failed on payment-service,SSL Error
certificate validation failed on redis-cache,SSL Error
tls handshake failure detected on frontend-app,SSL Error
secure connection could not be established on k8s-node-4,SSL Error
secure connection could not be established on prod-server-1,SSL Error
ssl certificate expired on k8s-node-4,SSL Error
certificate validation failed on auth-service,SSL Error
tls handshake failure detected on redis-cache,SSL Error
invalid ssl chain detected on payment-service,SSL Error
https certificate mismatch error on frontend-app,SSL Error
ssl certificate expired on auth-service,SSL Error
ssl certificate expired on redis-cache,SSL Error
tls handshake failure detected on prod-server-1,SSL Error
https certificate mismatch error on k8s-node-4,SSL Error
ssl certificate expired on api-gateway,SSL Error
certificate validation failed on kafka-broker,SSL Error
https certificate mismatch error on prod-server-1,SSL Error
secure connection could not be established on payment-service,SSL Error
certificate validation failed on redis-cache,SSL Error
secure connection could not be established on db-cluster,SSL Error
https certificate mismatch error on redis-cache,SSL Error
tls handshake failure detected on prod-server-1,SSL Error
certificate validation failed on frontend-app,SSL Error
secure connection could not be established on redis-cache,SSL Error
https certificate mismatch error on auth-service,SSL Error
https certificate mismatch error on k8s-node-4,SSL Error
https certificate mismatch error on payment-service,SSL Error
certificate validation failed on payment-service,SSL Error
secure connection could not be established on prod-server-2,SSL Error
certificate validation failed on redis-cache,SSL Error
secure connection could not be established on api-gateway,SSL Error
certificate validation failed on auth-service,SSL Error
secure connection could not be established on payment-service,SSL Error
tls handshake failure detected on prod-server-2,SSL Error
ssl certificate expired on auth-service,SSL Error
invalid ssl chain detected on frontend-app,SSL Error
https certificate mismatch error on frontend-app,SSL Error
ssl certificate expired on kafka-broker,SSL Error
secure connection could not be established on redis-cache,SSL Error
ssl certificate expired on kafka-broker,SSL Error
tls handshake failure detected on frontend-app,SSL Error
invalid ssl chain detected on auth-service,SSL Error
ssl certificate expired on frontend-app,SSL Error
tls handshake failure detected on redis-cache,SSL Error
tls handshake failure detected on kafka-broker,SSL Error
ssl certificate expired on auth-service,SSL Error
ssl certificate expired on prod-server-2,SSL Error
invalid ssl chain detected on prod-server-2,SSL Error
ssl certificate expired on prod-server-2,SSL Error
ssl certificate expired on db-cluster,SSL Error
https certificate mismatch error on db-cluster,SSL Error
unable to resolve service hostname on payment-service,DNS Failure
hostname lookup timeout on frontend-app,DNS Failure
unable to resolve service hostname on api-gateway,DNS Failure
network dns lookup failure on payment-service,DNS Failure
dns server unavailable on payment-service,DNS Failure
unable to resolve service hostname on prod-server-1,DNS Failure
unable to resolve service hostname on db-cluster,DNS Failure
service discovery resolution failed on k8s-node-4,DNS Failure
network dns lookup failure on redis-cache,DNS Failure
network dns lookup failure on frontend-app,DNS Failure
service discovery resolution failed on db-cluster,DNS Failure
dns resolution failed on prod-server-1,DNS Failure
unable to resolve service hostname on frontend-app,DNS Failure
unable to resolve service hostname on frontend-app,DNS Failure
dns server unavailable on frontend-app,DNS Failure
network dns lookup failure on frontend-app,DNS Failure
dns resolution failed on prod-server-1,DNS Failure
unable to resolve service hostname on kafka-broker,DNS Failure
hostname lookup timeout on prod-server-1,DNS Failure
dns server unavailable on payment-service,DNS Failure
dns resolution failed on auth-service,DNS Failure
service discovery resolution failed on prod-server-1,DNS Failure
dns server unavailable on frontend-app,DNS Failure
dns resolution failed on kafka-broker,DNS Failure
hostname lookup timeout on frontend-app,DNS Failure
unable to resolve service hostname on api-gateway,DNS Failure
network dns lookup failure on prod-server-1,DNS Failure
network dns lookup failure on kafka-broker,DNS Failure
service discovery resolution failed on payment-service,DNS Failure
dns server unavailable on db-cluster,DNS Failure
hostname lookup timeout on k8s-node-4,DNS Failure
dns server unavailable on auth-service,DNS Failure
hostname lookup timeout on auth-service,DNS Failure
dns server unavailable on prod-server-2,DNS Failure
service discovery resolution failed on kafka-broker,DNS Failure
hostname lookup timeout on auth-service,DNS Failure
dns server unavailable on api-gateway,DNS Failure
unable to resolve service hostname on k8s-node-4,DNS Failure
dns resolution failed on redis-cache,DNS Failure
network dns lookup failure on db-cluster,DNS Failure
hostname lookup timeout on api-gateway,DNS Failure
dns resolution failed on auth-service,DNS Failure
unable to resolve service hostname on k8s-node-4,DNS Failure
network dns lookup failure on prod-server-2,DNS Failure
unable to resolve service hostname on auth-service,DNS Failure
service discovery resolution failed on db-cluster,DNS Failure
dns server unavailable on k8s-node-4,DNS Failure
dns server unavailable on api-gateway,DNS Failure
unable to resolve service hostname on db-cluster,DNS Failure
dns server unavailable on prod-server-1,DNS Failure
network dns lookup failure on k8s-node-4,DNS Failure
dns resolution failed on db-cluster,DNS Failure
network dns lookup failure on payment-service,DNS Failure
dns server unavailable on kafka-broker,DNS Failure
service discovery resolution failed on auth-service,DNS Failure
dns server unavailable on k8s-node-4,DNS Failure
service discovery resolution failed on redis-cache,DNS Failure
dns server unavailable on redis-cache,DNS Failure
unable to resolve service hostname on prod-server-1,DNS Failure
network dns lookup failure on payment-service,DNS Failure
hostname lookup timeout on k8s-node-4,DNS Failure
dns server unavailable on prod-server-1,DNS Failure
network dns lookup failure on kafka-broker,DNS Failure
dns resolution failed on redis-cache,DNS Failure
dns server unavailable on k8s-node-4,DNS Failure
service discovery resolution failed on k8s-node-4,DNS Failure
hostname lookup timeout on prod-server-1,DNS Failure
service discovery resolution failed on kafka-broker,DNS Failure
unable to resolve service hostname on prod-server-1,DNS Failure
network dns lookup failure on frontend-app,DNS Failure
hostname lookup timeout on payment-service,DNS Failure
dns server unavailable on prod-server-2,DNS Failure
dns server unavailable on prod-server-1,DNS Failure
dns resolution failed on payment-service,DNS Failure
unable to resolve service hostname on payment-service,DNS Failure
unable to resolve service hostname on payment-service,DNS Failure
unable to resolve service hostname on prod-server-2,DNS Failure
network dns lookup failure on api-gateway,DNS Failure
service discovery resolution failed on db-cluster,DNS Failure
unable to resolve service hostname on k8s-node-4,DNS Failure
dns server unavailable on db-cluster,DNS Failure
service discovery resolution failed on api-gateway,DNS Failure
dns server unavailable on redis-cache,DNS Failure
dns resolution failed on redis-cache,DNS Failure
service discovery resolution failed on prod-server-2,DNS Failure
unable to resolve service hostname on api-gateway,DNS Failure
unable to resolve service hostname on db-cluster,DNS Failure
unable to resolve service hostname on frontend-app,DNS Failure
unable to resolve service hostname on prod-server-1,DNS Failure
dns resolution failed on k8s-node-4,DNS Failure
hostname lookup timeout on prod-server-2,DNS Failure
network dns lookup failure on prod-server-1,DNS Failure
unable to resolve service hostname on api-gateway,DNS Failure
hostname lookup timeout on redis-cache,DNS Failure
service discovery resolution failed on prod-server-1,DNS Failure
network dns lookup failure on k8s-node-4,DNS Failure
network dns lookup failure on redis-cache,DNS Failure
hostname lookup timeout on api-gateway,DNS Failure
dns resolution failed on prod-server-1,DNS Failure
dns server unavailable on redis-cache,DNS Failure
hostname lookup timeout on kafka-broker,DNS Failure
dns server unavailable on auth-service,DNS Failure
dns server unavailable on k8s-node-4,DNS Failure
unable to resolve service hostname on auth-service,DNS Failure
dns resolution failed on payment-service,DNS Failure
service discovery resolution failed on frontend-app,DNS Failure
unable to resolve service hostname on prod-server-2,DNS Failure
dns resolution failed on prod-server-2,DNS Failure
hostname lookup timeout on api-gateway,DNS Failure
dns resolution failed on api-gateway,DNS Failure
network dns lookup failure on redis-cache,DNS Failure
dns server unavailable on kafka-broker,DNS Failure
hostname lookup timeout on kafka-broker,DNS Failure
network dns lookup failure on db-cluster,DNS Failure
hostname lookup timeout on auth-service,DNS Failure
dns resolution failed on redis-cache,DNS Failure
unable to resolve service hostname on prod-server-1,DNS Failure
service discovery resolution failed on prod-server-2,DNS Failure
service discovery resolution failed on kafka-broker,DNS Failure
unable to resolve service hostname on prod-server-1,DNS Failure
network dns lookup failure on payment-service,DNS Failure
dns server unavailable on k8s-node-4,DNS Failure
dns server unavailable on auth-service,DNS Failure
hostname lookup timeout on prod-server-1,DNS Failure
dns server unavailable on api-gateway,DNS Failure
unable to resolve service hostname on payment-service,DNS Failure
dns server unavailable on auth-service,DNS Failure
dns server unavailable on prod-server-2,DNS Failure
network dns lookup failure on redis-cache,DNS Failure
dns server unavailable on frontend-app,DNS Failure
dns server unavailable on kafka-broker,DNS Failure
dns resolution failed on api-gateway,DNS Failure
network dns lookup failure on kafka-broker,DNS Failure
dns resolution failed on payment-service,DNS Failure
service discovery resolution failed on api-gateway,DNS Failure
unable to resolve service hostname on k8s-node-4,DNS Failure
service discovery resolution failed on k8s-node-4,DNS Failure
dns resolution failed on api-gateway,DNS Failure
dns resolution failed on auth-service,DNS Failure
network dns lookup failure on payment-service,DNS Failure
unable to resolve service hostname on payment-service,DNS Failure
service discovery resolution failed on k8s-node-4,DNS Failure
service discovery resolution failed on db-cluster,DNS Failure
network dns lookup failure on redis-cache,DNS Failure
dns resolution failed on db-cluster,DNS Failure
unable to resolve service hostname on payment-service,DNS Failure
hostname lookup timeout on k8s-node-4,DNS Failure
unable to resolve service hostname on redis-cache,DNS Failure
dns resolution failed on frontend-app,DNS Failure
network dns lookup failure on k8s-node-4,DNS Failure
hostname lookup timeout on redis-cache,DNS Failure
unable to resolve service hostname on k8s-node-4,DNS Failure
unable to resolve service hostname on auth-service,DNS Failure
service discovery resolution failed on api-gateway,DNS Failure
service discovery resolution failed on auth-service,DNS Failure
dns server unavailable on db-cluster,DNS Failure
dns resolution failed on payment-service,DNS Failure
dns resolution failed on payment-service,DNS Failure
dns server unavailable on prod-server-2,DNS Failure
unable to resolve service hostname on payment-service,DNS Failure
hostname lookup timeout on redis-cache,DNS Failure
dns server unavailable on k8s-node-4,DNS Failure
dns server unavailable on k8s-node-4,DNS Failure
dns resolution failed on payment-service,DNS Failure
dns resolution failed on prod-server-2,DNS Failure
unable to resolve service hostname on prod-server-2,DNS Failure
dns resolution failed on api-gateway,DNS Failure
service discovery resolution failed on frontend-app,DNS Failure
dns server unavailable on redis-cache,DNS Failure
service discovery resolution failed on auth-service,DNS Failure
network dns lookup failure on redis-cache,DNS Failure
dns resolution failed on frontend-app,DNS Failure
network dns lookup failure on auth-service,DNS Failure
service discovery resolution failed on payment-service,DNS Failure
network dns lookup failure on prod-server-1,DNS Failure
unable to resolve service hostname on kafka-broker,DNS Failure
unable to resolve service hostname on prod-server-1,DNS Failure
hostname lookup timeout on auth-service,DNS Failure
network dns lookup failure on k8s-node-4,DNS Failure
service discovery resolution failed on prod-server-2,DNS Failure
dns server unavailable on k8s-node-4,DNS Failure
dns resolution failed on auth-service,DNS Failure
dns server unavailable on redis-cache,DNS Failure
dns server unavailable on db-cluster,DNS Failure
hostname lookup timeout on kafka-broker,DNS Failure
dns resolution failed on auth-service,DNS Failure
hostname lookup timeout on db-cluster,DNS Failure
service discovery resolution failed on redis-cache,DNS Failure
hostname lookup timeout on payment-service,DNS Failure
dns resolution failed on prod-server-1,DNS Failure
dns resolution failed on payment-service,DNS Failure
hostname lookup timeout on payment-service,DNS Failure
service discovery resolution failed on db-cluster,DNS Failure
service discovery resolution failed on api-gateway,DNS Failure
hostname lookup timeout on payment-service,DNS Failure
dns server unavailable on kafka-broker,DNS Failure
network dns lookup failure on k8s-node-4,DNS Failure
dns resolution failed on prod-server-2,DNS Failure
unable to resolve service hostname on payment-service,DNS Failure
service discovery resolution failed on kafka-broker,DNS Failure
dns server unavailable on prod-server-1,DNS Failure
dns resolution failed on prod-server-1,DNS Failure
unable to resolve service hostname on auth-service,DNS Failure
unable to resolve service hostname on prod-server-1,DNS Failure
dns server unavailable on kafka-broker,DNS Failure
network dns lookup failure on k8s-node-4,DNS Failure
hostname lookup timeout on db-cluster,DNS Failure
network dns lookup failure on api-gateway,DNS Failure
service discovery resolution failed on k8s-node-4,DNS Failure
dns resolution failed on db-cluster,DNS Failure
hostname lookup timeout on prod-server-2,DNS Failure
unable to resolve service hostname on db-cluster,DNS Failure
hostname lookup timeout on k8s-node-4,DNS Failure
hostname lookup timeout on redis-cache,DNS Failure
dns server unavailable on prod-server-1,DNS Failure
service discovery resolution failed on payment-service,DNS Failure
dns resolution failed on kafka-broker,DNS Failure
network dns lookup failure on prod-server-2,DNS Failure
unable to resolve service hostname on frontend-app,DNS Failure
dns server unavailable on kafka-broker,DNS Failure
network dns lookup failure on prod-server-2,DNS Failure
network dns lookup failure on api-gateway,DNS Failure
dns resolution failed on redis-cache,DNS Failure
unable to resolve service hostname on prod-server-1,DNS Failure
service discovery resolution failed on kafka-broker,DNS Failure
unable to resolve service hostname on frontend-app,DNS Failure
hostname lookup timeout on frontend-app,DNS Failure
service discovery resolution failed on auth-service,DNS Failure
dns server unavailable on k8s-node-4,DNS Failure
service discovery resolution failed on prod-server-2,DNS Failure
dns server unavailable on k8s-node-4,DNS Failure
network dns lookup failure on api-gateway,DNS Failure
network dns lookup failure on api-gateway,DNS Failure
hostname lookup timeout on frontend-app,DNS Failure
dns resolution failed on redis-cache,DNS Failure
dns server unavailable on payment-service,DNS Failure
hostname lookup timeout on payment-service,DNS Failure
network dns lookup failure on frontend-app,DNS Failure
network dns lookup failure on prod-server-1,DNS Failure
dns resolution failed on auth-service,DNS Failure
dns resolution failed on redis-cache,DNS Failure
dns server unavailable on db-cluster,DNS Failure
dns resolution failed on k8s-node-4,DNS Failure
service discovery resolution failed on payment-service,DNS Failure
unable to resolve service hostname on kafka-broker,DNS Failure
dns resolution failed on redis-cache,DNS Failure
unable to resolve service hostname on k8s-node-4,DNS Failure
dns server unavailable on db-cluster,DNS Failure
dns server unavailable on k8s-node-4,DNS Failure
unable to resolve service hostname on redis-cache,DNS Failure
hostname lookup timeout on kafka-broker,DNS Failure
dns resolution failed on prod-server-2,DNS Failure
dns server unavailable on db-cluster,DNS Failure
service discovery resolution failed on prod-server-1,DNS Failure
hostname lookup timeout on frontend-app,DNS Failure
unable to resolve service hostname on frontend-app,DNS Failure
dns server unavailable on k8s-node-4,DNS Failure
unable to resolve service hostname on prod-server-1,DNS Failure
dns server unavailable on payment-service,DNS Failure
dns server unavailable on kafka-broker,DNS Failure
network dns lookup failure on k8s-node-4,DNS Failure
unable to resolve service hostname on prod-server-2,DNS Failure
unable to resolve service hostname on k8s-node-4,DNS Failure
dns resolution failed on db-cluster,DNS Failure
network dns lookup failure on prod-server-1,DNS Failure
unable to resolve service hostname on frontend-app,DNS Failure
dns resolution failed on redis-cache,DNS Failure
dns server unavailable on auth-service,DNS Failure
network dns lookup failure on api-gateway,DNS Failure
dns server unavailable on kafka-broker,DNS Failure
hostname lookup timeout on db-cluster,DNS Failure
service discovery resolution failed on prod-server-1,DNS Failure
network dns lookup failure on redis-cache,DNS Failure
hostname lookup timeout on kafka-broker,DNS Failure
hostname lookup timeout on db-cluster,DNS Failure
unable to resolve service hostname on k8s-node-4,DNS Failure
unable to resolve service hostname on db-cluster,DNS Failure
unable to resolve service hostname on auth-service,DNS Failure
network dns lookup failure on prod-server-1,DNS Failure
dns resolution failed on db-cluster,DNS Failure
hostname lookup timeout on auth-service,DNS Failure
dns resolution failed on kafka-broker,DNS Failure
hostname lookup timeout on k8s-node-4,DNS Failure
dns server unavailable on frontend-app,DNS Failure
unable to resolve service hostname on k8s-node-4,DNS Failure
dns server unavailable on db-cluster,DNS Failure
unable to resolve service hostname on db-cluster,DNS Failure
service discovery resolution failed on k8s-node-4,DNS Failure
service discovery resolution failed on api-gateway,DNS Failure
service discovery resolution failed on kafka-broker,DNS Failure
hostname lookup timeout on frontend-app,DNS Failure
dns server unavailable on prod-server-1,DNS Failure
dns resolution failed on auth-service,DNS Failure
network dns lookup failure on kafka-broker,DNS Failure
service discovery resolution failed on api-gateway,DNS Failure
service discovery resolution failed on k8s-node-4,DNS Failure
hostname lookup timeout on prod-server-1,DNS Failure
unable to resolve service hostname on db-cluster,DNS Failure
service discovery resolution failed on prod-server-2,DNS Failure
unable to resolve service hostname on api-gateway,DNS Failure
unable to resolve service hostname on redis-cache,DNS Failure
service discovery resolution failed on prod-server-1,DNS Failure
service discovery resolution failed on payment-service,DNS Failure
network dns lookup failure on payment-service,DNS Failure
network dns lookup failure on frontend-app,DNS Failure
hostname lookup timeout on prod-server-2,DNS Failure
unable to resolve service hostname on db-cluster,DNS Failure
hostname lookup timeout on prod-server-2,DNS Failure
hostname lookup timeout on payment-service,DNS Failure
service discovery resolution failed on payment-service,DNS Failure
hostname lookup timeout on prod-server-2,DNS Failure
network dns lookup failure on api-gateway,DNS Failure
unable to resolve service hostname on redis-cache,DNS Failure
hostname lookup timeout on auth-service,DNS Failure
dns resolution failed on db-cluster,DNS Failure
dns server unavailable on payment-service,DNS Failure
service discovery resolution failed on redis-cache,DNS Failure
hostname lookup timeout on frontend-app,DNS Failure
service discovery resolution failed on redis-cache,DNS Failure
unable to resolve service hostname on auth-service,DNS Failure
service discovery resolution failed on k8s-node-4,DNS Failure
service discovery resolution failed on prod-server-1,DNS Failure
network dns lookup failure on redis-cache,DNS Failure
dns resolution failed on payment-service,DNS Failure
unable to resolve service hostname on payment-service,DNS Failure
unable to resolve service hostname on db-cluster,DNS Failure
service discovery resolution failed on frontend-app,DNS Failure
dns server unavailable on kafka-broker,DNS Failure
unable to resolve service hostname on payment-service,DNS Failure
dns server unavailable on kafka-broker,DNS Failure
unable to resolve service hostname on redis-cache,DNS Failure
dns server unavailable on auth-service,DNS Failure
network dns lookup failure on api-gateway,DNS Failure
hostname lookup timeout on db-cluster,DNS Failure
hostname lookup timeout on redis-cache,DNS Failure
dns resolution failed on payment-service,DNS Failure
hostname lookup timeout on payment-service,DNS Failure
network dns lookup failure on kafka-broker,DNS Failure
dns server unavailable on api-gateway,DNS Failure
unable to resolve service hostname on auth-service,DNS Failure
dns server unavailable on prod-server-2,DNS Failure
service discovery resolution failed on k8s-node-4,DNS Failure
dns server unavailable on auth-service,DNS Failure
service discovery resolution failed on redis-cache,DNS Failure
dns server unavailable on redis-cache,DNS Failure
network dns lookup failure on db-cluster,DNS Failure
network dns lookup failure on frontend-app,DNS Failure
dns server unavailable on db-cluster,DNS Failure
unable to resolve service hostname on k8s-node-4,DNS Failure
dns resolution failed on kafka-broker,DNS Failure
network dns lookup failure on api-gateway,DNS Failure
service discovery resolution failed on api-gateway,DNS Failure
service discovery resolution failed on prod-server-2,DNS Failure
hostname lookup timeout on auth-service,DNS Failure
hostname lookup timeout on prod-server-2,DNS Failure
dns resolution failed on k8s-node-4,DNS Failure
unable to resolve service hostname on auth-service,DNS Failure
service discovery resolution failed on frontend-app,DNS Failure
hostname lookup timeout on k8s-node-4,DNS Failure
service discovery resolution failed on prod-server-2,DNS Failure
hostname lookup timeout on redis-cache,DNS Failure
dns server unavailable on auth-service,DNS Failure
dns resolution failed on k8s-node-4,DNS Failure
service discovery resolution failed on auth-service,DNS Failure
service discovery resolution failed on api-gateway,DNS Failure
dns server unavailable on api-gateway,DNS Failure
hostname lookup timeout on prod-server-1,DNS Failure
service discovery resolution failed on frontend-app,DNS Failure
hostname lookup timeout on payment-service,DNS Failure
hostname lookup timeout on api-gateway,DNS Failure
network dns lookup failure on api-gateway,DNS Failure
network dns lookup failure on payment-service,DNS Failure
dns resolution failed on payment-service,DNS Failure
hostname lookup timeout on frontend-app,DNS Failure
unable to resolve service hostname on payment-service,DNS Failure
network dns lookup failure on frontend-app,DNS Failure
network dns lookup failure on payment-service,DNS Failure
network dns lookup failure on payment-service,DNS Failure
dns server unavailable on api-gateway,DNS Failure
dns resolution failed on kafka-broker,DNS Failure
service discovery resolution failed on redis-cache,DNS Failure
dns server unavailable on payment-service,DNS Failure
network dns lookup failure on frontend-app,DNS Failure
dns resolution failed on redis-cache,DNS Failure
dns server unavailable on payment-service,DNS Failure
unable to resolve service hostname on api-gateway,DNS Failure
hostname lookup timeout on prod-server-2,DNS Failure
dns server unavailable on db-cluster,DNS Failure
hostname lookup timeout on k8s-node-4,DNS Failure
service discovery resolution failed on prod-server-1,DNS Failure
service discovery resolution failed on frontend-app,DNS Failure
network dns lookup failure on payment-service,DNS Failure
network dns lookup failure on prod-server-2,DNS Failure
hostname lookup timeout on auth-service,DNS Failure
unable to resolve service hostname on redis-cache,DNS Failure
dns server unavailable on prod-server-2,DNS Failure
hostname lookup timeout on prod-server-1,DNS Failure
service discovery resolution failed on frontend-app,DNS Failure
dns server unavailable on prod-server-2,DNS Failure
hostname lookup timeout on db-cluster,DNS Failure
dns resolution failed on db-cluster,DNS Failure
hostname lookup timeout on prod-server-2,DNS Failure
network dns lookup failure on kafka-broker,DNS Failure
service discovery resolution failed on prod-server-1,DNS Failure
service discovery resolution failed on auth-service,DNS Failure
dns server unavailable on k8s-node-4,DNS Failure
dns server unavailable on db-cluster,DNS Failure
unable to resolve service hostname on k8s-node-4,DNS Failure
hostname lookup timeout on api-gateway,DNS Failure
service discovery resolution failed on prod-server-2,DNS Failure
hostname lookup timeout on payment-service,DNS Failure
dns server unavailable on prod-server-2,DNS Failure
unable to resolve service hostname on kafka-broker,DNS Failure
service discovery resolution failed on prod-server-2,DNS Failure
network dns lookup failure on redis-cache,DNS Failure
dns resolution failed on prod-server-1,DNS Failure
dns server unavailable on frontend-app,DNS Failure
dns resolution failed on kafka-broker,DNS Failure
network dns lookup failure on prod-server-1,DNS Failure
dns resolution failed on db-cluster,DNS Failure
service discovery resolution failed on payment-service,DNS Failure
dns resolution failed on db-cluster,DNS Failure
dns server unavailable on kafka-broker,DNS Failure
service discovery resolution failed on k8s-node-4,DNS Failure
service discovery resolution failed on kafka-broker,DNS Failure
network dns lookup failure on prod-server-1,DNS Failure
dns server unavailable on api-gateway,DNS Failure
hostname lookup timeout on api-gateway,DNS Failure
unable to resolve service hostname on k8s-node-4,DNS Failure
dns server unavailable on api-gateway,DNS Failure
dns server unavailable on prod-server-1,DNS Failure
service discovery resolution failed on k8s-node-4,DNS Failure
dns resolution failed on prod-server-1,DNS Failure
hostname lookup timeout on kafka-broker,DNS Failure
network dns lookup failure on prod-server-1,DNS Failure
network dns lookup failure on db-cluster,DNS Failure
dns resolution failed on db-cluster,DNS Failure
dns server unavailable on payment-service,DNS Failure
network dns lookup failure on redis-cache,DNS Failure
network dns lookup failure on api-gateway,DNS Failure
hostname lookup timeout on prod-server-2,DNS Failure
dns server unavailable on prod-server-2,DNS Failure
unable to resolve service hostname on redis-cache,DNS Failure
service discovery resolution failed on prod-server-1,DNS Failure
network dns lookup failure on api-gateway,DNS Failure
hostname lookup timeout on frontend-app,DNS Failure
dns resolution failed on prod-server-2,DNS Failure
dns server unavailable on prod-server-1,DNS Failure
hostname lookup timeout on prod-server-2,DNS Failure
service discovery resolution failed on api-gateway,DNS Failure
service discovery resolution failed on prod-server-1,DNS Failure
dns resolution failed on prod-server-1,DNS Failure
dns server unavailable on db-cluster,DNS Failure
dns server unavailable on frontend-app,DNS Failure
service discovery resolution failed on k8s-node-4,DNS Failure
service discovery resolution failed on k8s-node-4,DNS Failure
unable to resolve service hostname on api-gateway,DNS Failure
network dns lookup failure on payment-service,DNS Failure
dns resolution failed on prod-server-1,DNS Failure
unable to resolve service hostname on k8s-node-4,DNS Failure
unable to resolve service hostname on auth-service,DNS Failure
hostname lookup timeout on payment-service,DNS Failure
service discovery resolution failed on redis-cache,DNS Failure
dns resolution failed on db-cluster,DNS Failure
network dns lookup failure on redis-cache,DNS Failure
service discovery resolution failed on payment-service,DNS Failure
dns server unavailable on prod-server-1,DNS Failure
dns server unavailable on db-cluster,DNS Failure
dns resolution failed on k8s-node-4,DNS Failure
unable to resolve service hostname on api-gateway,DNS Failure
hostname lookup timeout on prod-server-2,DNS Failure
network dns lookup failure on api-gateway,DNS Failure
hostname lookup timeout on redis-cache,DNS Failure
service discovery resolution failed on auth-service,DNS Failure
network dns lookup failure on kafka-broker,DNS Failure
dns server unavailable on prod-server-1,DNS Failure
dns resolution failed on frontend-app,DNS Failure
network dns lookup failure on frontend-app,DNS Failure
service discovery resolution failed on redis-cache,DNS Failure
service discovery resolution failed on payment-service,DNS Failure
hostname lookup timeout on db-cluster,DNS Failure
dns resolution failed on prod-server-2,DNS Failure
dns server unavailable on k8s-node-4,DNS Failure
network dns lookup failure on db-cluster,DNS Failure
hostname lookup timeout on payment-service,DNS Failure
dns resolution failed on api-gateway,DNS Failure
dns resolution failed on api-gateway,DNS Failure
hostname lookup timeout on prod-server-2,DNS Failure
dns resolution failed on frontend-app,DNS Failure
network dns lookup failure on api-gateway,DNS Failure
service discovery resolution failed on payment-service,DNS Failure
service discovery resolution failed on auth-service,DNS Failure
unable to resolve service hostname on redis-cache,DNS Failure
unable to resolve service hostname on api-gateway,DNS Failure
network dns lookup failure on prod-server-2,DNS Failure
network dns lookup failure on k8s-node-4,DNS Failure
hostname lookup timeout on db-cluster,DNS Failure
service discovery resolution failed on payment-service,DNS Failure
unable to resolve service hostname on payment-service,DNS Failure
dns resolution failed on redis-cache,DNS Failure
dns resolution failed on kafka-broker,DNS Failure
unable to resolve service hostname on kafka-broker,DNS Failure
hostname lookup timeout on prod-server-1,DNS Failure
service discovery resolution failed on prod-server-2,DNS Failure
unable to resolve service hostname on kafka-broker,DNS Failure
dns resolution failed on api-gateway,DNS Failure
network dns lookup failure on kafka-broker,DNS Failure
service discovery resolution failed on payment-service,DNS Failure
hostname lookup timeout on db-cluster,DNS Failure
service discovery resolution failed on prod-server-1,DNS Failure
dns resolution failed on db-cluster,DNS Failure
service discovery resolution failed on db-cluster,DNS Failure
hostname lookup timeout on prod-server-1,DNS Failure
network dns lookup failure on frontend-app,DNS Failure
dns server unavailable on kafka-broker,DNS Failure
unable to resolve service hostname on payment-service,DNS Failure
service discovery resolution failed on payment-service,DNS Failure
hostname lookup timeout on db-cluster,DNS Failure
dns resolution failed on frontend-app,DNS Failure
unable to resolve service hostname on db-cluster,DNS Failure
unable to resolve service hostname on prod-server-1,DNS Failure
unable to resolve service hostname on kafka-broker,DNS Failure
hostname lookup timeout on auth-service,DNS Failure
dns resolution failed on db-cluster,DNS Failure
unable to resolve service hostname on auth-service,DNS Failure
service discovery resolution failed on auth-service,DNS Failure
dns resolution failed on auth-service,DNS Failure
network dns lookup failure on redis-cache,DNS Failure
unable to resolve service hostname on redis-cache,DNS Failure
unable to resolve service hostname on auth-service,DNS Failure
unable to resolve service hostname on db-cluster,DNS Failure
service discovery resolution failed on frontend-app,DNS Failure
network dns lookup failure on auth-service,DNS Failure
network dns lookup failure on frontend-app,DNS Failure
dns server unavailable on prod-server-1,DNS Failure
dns resolution failed on db-cluster,DNS Failure
dns resolution failed on prod-server-2,DNS Failure
service discovery resolution failed on kafka-broker,DNS Failure
unable to resolve service hostname on api-gateway,DNS Failure
network dns lookup failure on payment-service,DNS Failure
network dns lookup failure on prod-server-2,DNS Failure
dns resolution failed on prod-server-1,DNS Failure
dns resolution failed on prod-server-2,DNS Failure
dns resolution failed on payment-service,DNS Failure
dns resolution failed on api-gateway,DNS Failure
hostname lookup timeout on api-gateway,DNS Failure
network dns lookup failure on frontend-app,DNS Failure
hostname lookup timeout on kafka-broker,DNS Failure
unable to resolve service hostname on payment-service,DNS Failure
unable to resolve service hostname on auth-service,DNS Failure
hostname lookup timeout on prod-server-2,DNS Failure
hostname lookup timeout on api-gateway,DNS Failure
unable to resolve service hostname on frontend-app,DNS Failure
dns server unavailable on redis-cache,DNS Failure
dns resolution failed on prod-server-2,DNS Failure
unable to resolve service hostname on auth-service,DNS Failure
dns server unavailable on db-cluster,DNS Failure
unable to resolve service hostname on db-cluster,DNS Failure
dns resolution failed on auth-service,DNS Failure
hostname lookup timeout on prod-server-1,DNS Failure
dns resolution failed on k8s-node-4,DNS Failure
unable to resolve service hostname on prod-server-2,DNS Failure
network dns lookup failure on redis-cache,DNS Failure
unable to resolve service hostname on k8s-node-4,DNS Failure
dns resolution failed on k8s-node-4,DNS Failure
unable to resolve service hostname on api-gateway,DNS Failure
hostname lookup timeout on db-cluster,DNS Failure
dns server unavailable on redis-cache,DNS Failure
dns server unavailable on k8s-node-4,DNS Failure
dns server unavailable on redis-cache,DNS Failure
dns resolution failed on payment-service,DNS Failure
dns server unavailable on k8s-node-4,DNS Failure
unable to resolve service hostname on prod-server-1,DNS Failure
hostname lookup timeout on k8s-node-4,DNS Failure
dns resolution failed on api-gateway,DNS Failure
network dns lookup failure on prod-server-2,DNS Failure
service discovery resolution failed on k8s-node-4,DNS Failure
dns resolution failed on redis-cache,DNS Failure
dns resolution failed on api-gateway,DNS Failure
network dns lookup failure on prod-server-1,DNS Failure
network dns lookup failure on prod-server-2,DNS Failure
service discovery resolution failed on auth-service,DNS Failure
network dns lookup failure on db-cluster,DNS Failure
hostname lookup timeout on redis-cache,DNS Failure
unable to resolve service hostname on kafka-broker,DNS Failure
service discovery resolution failed on k8s-node-4,DNS Failure
unable to resolve service hostname on prod-server-1,DNS Failure
unable to resolve service hostname on k8s-node-4,DNS Failure
network dns lookup failure on kafka-broker,DNS Failure
hostname lookup timeout on db-cluster,DNS Failure
dns server unavailable on auth-service,DNS Failure
dns resolution failed on payment-service,DNS Failure
hostname lookup timeout on kafka-broker,DNS Failure
hostname lookup timeout on prod-server-2,DNS Failure
service discovery resolution failed on kafka-broker,DNS Failure
unable to resolve service hostname on auth-service,DNS Failure
service discovery resolution failed on redis-cache,DNS Failure
unable to resolve service hostname on kafka-broker,DNS Failure
dns resolution failed on kafka-broker,DNS Failure
dns server unavailable on api-gateway,DNS Failure
hostname lookup timeout on prod-server-2,DNS Failure
network dns lookup failure on auth-service,DNS Failure
unable to resolve service hostname on api-gateway,DNS Failure
service discovery resolution failed on db-cluster,DNS Failure
dns server unavailable on api-gateway,DNS Failure
dns server unavailable on redis-cache,DNS Failure
service discovery resolution failed on auth-service,DNS Failure
dns server unavailable on payment-service,DNS Failure
hostname lookup timeout on payment-service,DNS Failure
service discovery resolution failed on api-gateway,DNS Failure
network dns lookup failure on redis-cache,DNS Failure
dns server unavailable on frontend-app,DNS Failure
unable to resolve service hostname on auth-service,DNS Failure
unable to resolve service hostname on api-gateway,DNS Failure
unable to resolve service hostname on db-cluster,DNS Failure
service discovery resolution failed on payment-service,DNS Failure
hostname lookup timeout on auth-service,DNS Failure
network dns lookup failure on frontend-app,DNS Failure
dns server unavailable on api-gateway,DNS Failure
network dns lookup failure on prod-server-1,DNS Failure
unable to resolve service hostname on k8s-node-4,DNS Failure
dns resolution failed on db-cluster,DNS Failure
dns resolution failed on payment-service,DNS Failure
network dns lookup failure on k8s-node-4,DNS Failure
network dns lookup failure on k8s-node-4,DNS Failure
hostname lookup timeout on k8s-node-4,DNS Failure
network dns lookup failure on redis-cache,DNS Failure
dns resolution failed on api-gateway,DNS Failure
network dns lookup failure on redis-cache,DNS Failure
dns resolution failed on payment-service,DNS Failure
dns server unavailable on payment-service,DNS Failure
dns server unavailable on redis-cache,DNS Failure
dns resolution failed on api-gateway,DNS Failure
network dns lookup failure on auth-service,DNS Failure
hostname lookup timeout on k8s-node-4,DNS Failure
dns resolution failed on kafka-broker,DNS Failure
unable to resolve service hostname on prod-server-1,DNS Failure
unable to resolve service hostname on k8s-node-4,DNS Failure
service discovery resolution failed on k8s-node-4,DNS Failure
dns server unavailable on frontend-app,DNS Failure
hostname lookup timeout on kafka-broker,DNS Failure
unable to resolve service hostname on frontend-app,DNS Failure
network dns lookup failure on k8s-node-4,DNS Failure
network dns lookup failure on k8s-node-4,DNS Failure
dns server unavailable on redis-cache,DNS Failure
dns server unavailable on frontend-app,DNS Failure
unable to resolve service hostname on payment-service,DNS Failure
unable to resolve service hostname on api-gateway,DNS Failure
network dns lookup failure on api-gateway,DNS Failure
network dns lookup failure on db-cluster,DNS Failure
network dns lookup failure on auth-service,DNS Failure
hostname lookup timeout on prod-server-2,DNS Failure
dns resolution failed on k8s-node-4,DNS Failure
unable to resolve service hostname on kafka-broker,DNS Failure
service discovery resolution failed on auth-service,DNS Failure
dns server unavailable on redis-cache,DNS Failure
dns server unavailable on frontend-app,DNS Failure
unable to resolve service hostname on db-cluster,DNS Failure
network dns lookup failure on db-cluster,DNS Failure
dns resolution failed on kafka-broker,DNS Failure
hostname lookup timeout on k8s-node-4,DNS Failure
network dns lookup failure on prod-server-2,DNS Failure
service discovery resolution failed on db-cluster,DNS Failure
unable to resolve service hostname on auth-service,DNS Failure
dns resolution failed on redis-cache,DNS Failure
service discovery resolution failed on api-gateway,DNS Failure
unable to resolve service hostname on prod-server-1,DNS Failure
dns server unavailable on db-cluster,DNS Failure
service discovery resolution failed on redis-cache,DNS Failure
unable to resolve service hostname on db-cluster,DNS Failure
service discovery resolution failed on redis-cache,DNS Failure
hostname lookup timeout on prod-server-2,DNS Failure
unable to resolve service hostname on auth-service,DNS Failure
service discovery resolution failed on frontend-app,DNS Failure
network dns lookup failure on redis-cache,DNS Failure
dns server unavailable on payment-service,DNS Failure
network dns lookup failure on frontend-app,DNS Failure
unable to resolve service hostname on k8s-node-4,DNS Failure
service discovery resolution failed on kafka-broker,DNS Failure
dns resolution failed on payment-service,DNS Failure
dns resolution failed on frontend-app,DNS Failure
service discovery resolution failed on kafka-broker,DNS Failure
dns server unavailable on api-gateway,DNS Failure
dns server unavailable on api-gateway,DNS Failure
unable to resolve service hostname on api-gateway,DNS Failure
unable to resolve service hostname on db-cluster,DNS Failure
dns resolution failed on api-gateway,DNS Failure
service discovery resolution failed on redis-cache,DNS Failure
network dns lookup failure on payment-service,DNS Failure
dns server unavailable on prod-server-2,DNS Failure
unable to resolve service hostname on prod-server-2,DNS Failure
dns resolution failed on prod-server-1,DNS Failure
unable to resolve service hostname on redis-cache,DNS Failure
service discovery resolution failed on api-gateway,DNS Failure
hostname lookup timeout on payment-service,DNS Failure
dns resolution failed on db-cluster,DNS Failure
service discovery resolution failed on k8s-node-4,DNS Failure
service discovery resolution failed on k8s-node-4,DNS Failure
dns resolution failed on prod-server-1,DNS Failure
service discovery resolution failed on redis-cache,DNS Failure
redis cache unavailable on frontend-app,Redis Failure
redis cluster synchronization failed on frontend-app,Redis Failure
redis memory eviction triggered on db-cluster,Redis Failure
cache lookup operation failed on kafka-broker,Redis Failure
cache lookup operation failed on prod-server-1,Redis Failure
redis cluster synchronization failed on prod-server-1,Redis Failure
redis memory eviction triggered on redis-cache,Redis Failure
cache node unreachable on prod-server-2,Redis Failure
redis connection timeout on api-gateway,Redis Failure
redis cluster synchronization failed on db-cluster,Redis Failure
redis cache unavailable on auth-service,Redis Failure
redis cluster synchronization failed on prod-server-1,Redis Failure
cache node unreachable on frontend-app,Redis Failure
redis memory eviction triggered on api-gateway,Redis Failure
redis memory eviction triggered on prod-server-2,Redis Failure
redis cluster synchronization failed on kafka-broker,Redis Failure
redis cache unavailable on frontend-app,Redis Failure
cache lookup operation failed on db-cluster,Redis Failure
redis cache unavailable on frontend-app,Redis Failure
redis memory eviction triggered on kafka-broker,Redis Failure
redis cache unavailable on frontend-app,Redis Failure
redis memory eviction triggered on auth-service,Redis Failure
cache lookup operation failed on auth-service,Redis Failure
redis cluster synchronization failed on frontend-app,Redis Failure
redis cluster synchronization failed on frontend-app,Redis Failure
redis connection timeout on prod-server-2,Redis Failure
cache lookup operation failed on frontend-app,Redis Failure
redis memory eviction triggered on redis-cache,Redis Failure
redis connection timeout on api-gateway,Redis Failure
redis memory eviction triggered on prod-server-1,Redis Failure
redis cluster synchronization failed on k8s-node-4,Redis Failure
cache lookup operation failed on auth-service,Redis Failure
cache lookup operation failed on kafka-broker,Redis Failure
redis cache unavailable on frontend-app,Redis Failure
redis memory eviction triggered on db-cluster,Redis Failure
redis cluster synchronization failed on prod-server-1,Redis Failure
redis connection timeout on api-gateway,Redis Failure
cache node unreachable on k8s-node-4,Redis Failure
redis connection timeout on payment-service,Redis Failure
cache lookup operation failed on k8s-node-4,Redis Failure
redis memory eviction triggered on frontend-app,Redis Failure
cache lookup operation failed on db-cluster,Redis Failure
redis connection timeout on kafka-broker,Redis Failure
cache node unreachable on frontend-app,Redis Failure
redis connection timeout on auth-service,Redis Failure
redis cache unavailable on auth-service,Redis Failure
cache node unreachable on payment-service,Redis Failure
cache node unreachable on api-gateway,Redis Failure
redis connection timeout on frontend-app,Redis Failure
redis cache unavailable on redis-cache,Redis Failure
redis cluster synchronization failed on redis-cache,Redis Failure
cache node unreachable on frontend-app,Redis Failure
redis memory eviction triggered on kafka-broker,Redis Failure
redis connection timeout on db-cluster,Redis Failure
redis memory eviction triggered on redis-cache,Redis Failure
redis memory eviction triggered on redis-cache,Redis Failure
cache node unreachable on auth-service,Redis Failure
redis memory eviction triggered on auth-service,Redis Failure
cache lookup operation failed on prod-server-2,Redis Failure
cache lookup operation failed on auth-service,Redis Failure
redis cluster synchronization failed on prod-server-1,Redis Failure
cache node unreachable on frontend-app,Redis Failure
cache node unreachable on kafka-broker,Redis Failure
cache lookup operation failed on api-gateway,Redis Failure
redis connection timeout on payment-service,Redis Failure
redis cluster synchronization failed on payment-service,Redis Failure
redis cache unavailable on prod-server-2,Redis Failure
redis cache unavailable on prod-server-1,Redis Failure
cache lookup operation failed on frontend-app,Redis Failure
redis cluster synchronization failed on api-gateway,Redis Failure
redis cluster synchronization failed on prod-server-1,Redis Failure
redis connection timeout on k8s-node-4,Redis Failure
redis connection timeout on prod-server-1,Redis Failure
redis connection timeout on k8s-node-4,Redis Failure
cache node unreachable on frontend-app,Redis Failure
cache node unreachable on prod-server-2,Redis Failure
redis connection timeout on db-cluster,Redis Failure
redis memory eviction triggered on kafka-broker,Redis Failure
redis connection timeout on auth-service,Redis Failure
redis memory eviction triggered on prod-server-2,Redis Failure
redis memory eviction triggered on kafka-broker,Redis Failure
redis cluster synchronization failed on k8s-node-4,Redis Failure
cache lookup operation failed on k8s-node-4,Redis Failure
cache lookup operation failed on k8s-node-4,Redis Failure
redis cluster synchronization failed on api-gateway,Redis Failure
cache node unreachable on payment-service,Redis Failure
cache lookup operation failed on payment-service,Redis Failure
redis cache unavailable on db-cluster,Redis Failure
redis cache unavailable on api-gateway,Redis Failure
cache node unreachable on k8s-node-4,Redis Failure
redis memory eviction triggered on db-cluster,Redis Failure
cache node unreachable on db-cluster,Redis Failure
redis memory eviction triggered on redis-cache,Redis Failure
redis cluster synchronization failed on payment-service,Redis Failure
redis memory eviction triggered on prod-server-2,Redis Failure
redis cluster synchronization failed on prod-server-2,Redis Failure
redis cache unavailable on k8s-node-4,Redis Failure
cache node unreachable on kafka-broker,Redis Failure
cache lookup operation failed on frontend-app,Redis Failure
redis connection timeout on kafka-broker,Redis Failure
redis memory eviction triggered on prod-server-2,Redis Failure
redis cluster synchronization failed on db-cluster,Redis Failure
cache node unreachable on payment-service,Redis Failure
redis cache unavailable on api-gateway,Redis Failure
redis connection timeout on payment-service,Redis Failure
redis memory eviction triggered on db-cluster,Redis Failure
redis connection timeout on kafka-broker,Redis Failure
redis cache unavailable on prod-server-2,Redis Failure
redis cluster synchronization failed on kafka-broker,Redis Failure
redis connection timeout on frontend-app,Redis Failure
cache lookup operation failed on auth-service,Redis Failure
redis memory eviction triggered on frontend-app,Redis Failure
redis cache unavailable on api-gateway,Redis Failure
cache lookup operation failed on api-gateway,Redis Failure
redis memory eviction triggered on auth-service,Redis Failure
redis connection timeout on api-gateway,Redis Failure
cache node unreachable on frontend-app,Redis Failure
redis cache unavailable on api-gateway,Redis Failure
cache node unreachable on redis-cache,Redis Failure
redis cluster synchronization failed on k8s-node-4,Redis Failure
redis cache unavailable on auth-service,Redis Failure
redis cluster synchronization failed on payment-service,Redis Failure
redis connection timeout on frontend-app,Redis Failure
redis cluster synchronization failed on k8s-node-4,Redis Failure
redis memory eviction triggered on frontend-app,Redis Failure
cache node unreachable on db-cluster,Redis Failure
redis memory eviction triggered on kafka-broker,Redis Failure
redis cluster synchronization failed on prod-server-1,Redis Failure
redis cluster synchronization failed on auth-service,Redis Failure
redis cache unavailable on redis-cache,Redis Failure
redis cluster synchronization failed on payment-service,Redis Failure
redis memory eviction triggered on payment-service,Redis Failure
redis cache unavailable on kafka-broker,Redis Failure
cache lookup operation failed on prod-server-1,Redis Failure
cache lookup operation failed on db-cluster,Redis Failure
redis connection timeout on api-gateway,Redis Failure
cache node unreachable on kafka-broker,Redis Failure
redis cache unavailable on prod-server-2,Redis Failure
cache lookup operation failed on db-cluster,Redis Failure
cache node unreachable on auth-service,Redis Failure
redis cluster synchronization failed on redis-cache,Redis Failure
redis cache unavailable on db-cluster,Redis Failure
redis cluster synchronization failed on auth-service,Redis Failure
cache lookup operation failed on api-gateway,Redis Failure
redis cache unavailable on auth-service,Redis Failure
redis cluster synchronization failed on db-cluster,Redis Failure
redis cluster synchronization failed on k8s-node-4,Redis Failure
cache lookup operation failed on redis-cache,Redis Failure
cache lookup operation failed on prod-server-1,Redis Failure
redis cache unavailable on frontend-app,Redis Failure
cache lookup operation failed on redis-cache,Redis Failure
cache node unreachable on api-gateway,Redis Failure
redis cache unavailable on payment-service,Redis Failure
redis cluster synchronization failed on auth-service,Redis Failure
redis cache unavailable on api-gateway,Redis Failure
redis cache unavailable on k8s-node-4,Redis Failure
redis cluster synchronization failed on k8s-node-4,Redis Failure
redis cluster synchronization failed on prod-server-1,Redis Failure
cache lookup operation failed on auth-service,Redis Failure
redis memory eviction triggered on prod-server-2,Redis Failure
cache node unreachable on redis-cache,Redis Failure
redis connection timeout on prod-server-1,Redis Failure
redis connection timeout on frontend-app,Redis Failure
redis memory eviction triggered on frontend-app,Redis Failure
cache node unreachable on frontend-app,Redis Failure
cache node unreachable on db-cluster,Redis Failure
redis connection timeout on db-cluster,Redis Failure
redis connection timeout on auth-service,Redis Failure
cache node unreachable on payment-service,Redis Failure
redis cluster synchronization failed on prod-server-1,Redis Failure
redis connection timeout on api-gateway,Redis Failure
cache lookup operation failed on k8s-node-4,Redis Failure
redis connection timeout on api-gateway,Redis Failure
redis connection timeout on prod-server-1,Redis Failure
redis cache unavailable on prod-server-1,Redis Failure
redis cache unavailable on auth-service,Redis Failure
redis connection timeout on frontend-app,Redis Failure
cache node unreachable on api-gateway,Redis Failure
redis memory eviction triggered on k8s-node-4,Redis Failure
redis cache unavailable on prod-server-2,Redis Failure
redis cluster synchronization failed on prod-server-2,Redis Failure
cache lookup operation failed on api-gateway,Redis Failure
redis cluster synchronization failed on redis-cache,Redis Failure
redis cluster synchronization failed on payment-service,Redis Failure
redis cache unavailable on prod-server-2,Redis Failure
redis connection timeout on redis-cache,Redis Failure
cache node unreachable on k8s-node-4,Redis Failure
cache node unreachable on k8s-node-4,Redis Failure
cache node unreachable on frontend-app,Redis Failure
cache lookup operation failed on k8s-node-4,Redis Failure
cache lookup operation failed on kafka-broker,Redis Failure
cache node unreachable on db-cluster,Redis Failure
redis cluster synchronization failed on kafka-broker,Redis Failure
cache lookup operation failed on prod-server-1,Redis Failure
cache node unreachable on k8s-node-4,Redis Failure
cache lookup operation failed on prod-server-1,Redis Failure
redis cluster synchronization failed on prod-server-2,Redis Failure
cache lookup operation failed on frontend-app,Redis Failure
cache node unreachable on api-gateway,Redis Failure
cache node unreachable on frontend-app,Redis Failure
redis cluster synchronization failed on prod-server-1,Redis Failure
redis connection timeout on redis-cache,Redis Failure
redis connection timeout on db-cluster,Redis Failure
redis memory eviction triggered on db-cluster,Redis Failure
cache node unreachable on auth-service,Redis Failure
redis cache unavailable on redis-cache,Redis Failure
redis connection timeout on prod-server-1,Redis Failure
cache node unreachable on api-gateway,Redis Failure
cache node unreachable on payment-service,Redis Failure
redis cache unavailable on prod-server-1,Redis Failure
cache node unreachable on payment-service,Redis Failure
redis memory eviction triggered on prod-server-1,Redis Failure
redis memory eviction triggered on prod-server-2,Redis Failure
redis cache unavailable on auth-service,Redis Failure
redis cache unavailable on k8s-node-4,Redis Failure
redis connection timeout on prod-server-2,Redis Failure
cache lookup operation failed on prod-server-2,Redis Failure
cache node unreachable on prod-server-1,Redis Failure
redis connection timeout on k8s-node-4,Redis Failure
redis memory eviction triggered on api-gateway,Redis Failure
redis memory eviction triggered on frontend-app,Redis Failure
redis memory eviction triggered on auth-service,Redis Failure
cache lookup operation failed on db-cluster,Redis Failure
cache lookup operation failed on kafka-broker,Redis Failure
cache node unreachable on k8s-node-4,Redis Failure
redis cluster synchronization failed on api-gateway,Redis Failure
cache lookup operation failed on kafka-broker,Redis Failure
redis cluster synchronization failed on payment-service,Redis Failure
redis cache unavailable on auth-service,Redis Failure
redis cluster synchronization failed on db-cluster,Redis Failure
redis cluster synchronization failed on kafka-broker,Redis Failure
cache lookup operation failed on payment-service,Redis Failure
cache lookup operation failed on k8s-node-4,Redis Failure
redis connection timeout on k8s-node-4,Redis Failure
cache node unreachable on redis-cache,Redis Failure
redis connection timeout on kafka-broker,Redis Failure
cache lookup operation failed on prod-server-2,Redis Failure
cache lookup operation failed on kafka-broker,Redis Failure
cache lookup operation failed on auth-service,Redis Failure
redis cache unavailable on api-gateway,Redis Failure
redis connection timeout on auth-service,Redis Failure
redis cache unavailable on auth-service,Redis Failure
redis cluster synchronization failed on api-gateway,Redis Failure
cache node unreachable on redis-cache,Redis Failure
redis cache unavailable on prod-server-1,Redis Failure
redis cache unavailable on db-cluster,Redis Failure
redis connection timeout on db-cluster,Redis Failure
redis cluster synchronization failed on redis-cache,Redis Failure
redis memory eviction triggered on kafka-broker,Redis Failure
redis memory eviction triggered on prod-server-1,Redis Failure
cache node unreachable on prod-server-2,Redis Failure
redis memory eviction triggered on prod-server-2,Redis Failure
redis cluster synchronization failed on redis-cache,Redis Failure
cache node unreachable on prod-server-1,Redis Failure
redis cache unavailable on redis-cache,Redis Failure
cache node unreachable on k8s-node-4,Redis Failure
redis memory eviction triggered on prod-server-1,Redis Failure
redis cluster synchronization failed on api-gateway,Redis Failure
redis connection timeout on api-gateway,Redis Failure
redis cache unavailable on prod-server-1,Redis Failure
redis cluster synchronization failed on kafka-broker,Redis Failure
redis cache unavailable on frontend-app,Redis Failure
cache lookup operation failed on db-cluster,Redis Failure
cache lookup operation failed on kafka-broker,Redis Failure
redis memory eviction triggered on db-cluster,Redis Failure
redis cluster synchronization failed on redis-cache,Redis Failure
redis cache unavailable on kafka-broker,Redis Failure
cache node unreachable on auth-service,Redis Failure
redis cache unavailable on api-gateway,Redis Failure
cache lookup operation failed on auth-service,Redis Failure
redis cache unavailable on k8s-node-4,Redis Failure
redis cache unavailable on payment-service,Redis Failure
redis memory eviction triggered on api-gateway,Redis Failure
redis connection timeout on prod-server-2,Redis Failure
redis memory eviction triggered on api-gateway,Redis Failure
redis cluster synchronization failed on prod-server-2,Redis Failure
redis cache unavailable on api-gateway,Redis Failure
redis connection timeout on prod-server-2,Redis Failure
cache node unreachable on frontend-app,Redis Failure
redis connection timeout on prod-server-1,Redis Failure
cache node unreachable on payment-service,Redis Failure
redis memory eviction triggered on kafka-broker,Redis Failure
cache lookup operation failed on prod-server-2,Redis Failure
redis connection timeout on redis-cache,Redis Failure
cache node unreachable on auth-service,Redis Failure
redis connection timeout on db-cluster,Redis Failure
redis connection timeout on db-cluster,Redis Failure
redis memory eviction triggered on kafka-broker,Redis Failure
redis cluster synchronization failed on kafka-broker,Redis Failure
redis cluster synchronization failed on api-gateway,Redis Failure
redis connection timeout on k8s-node-4,Redis Failure
cache node unreachable on redis-cache,Redis Failure
cache node unreachable on db-cluster,Redis Failure
cache lookup operation failed on payment-service,Redis Failure
cache node unreachable on api-gateway,Redis Failure
cache node unreachable on frontend-app,Redis Failure
redis cache unavailable on prod-server-1,Redis Failure
redis memory eviction triggered on frontend-app,Redis Failure
redis connection timeout on payment-service,Redis Failure
redis memory eviction triggered on prod-server-1,Redis Failure
cache node unreachable on db-cluster,Redis Failure
cache lookup operation failed on payment-service,Redis Failure
redis connection timeout on api-gateway,Redis Failure
redis cache unavailable on redis-cache,Redis Failure
redis memory eviction triggered on payment-service,Redis Failure
redis cache unavailable on kafka-broker,Redis Failure
cache node unreachable on auth-service,Redis Failure
cache node unreachable on prod-server-1,Redis Failure
redis memory eviction triggered on prod-server-2,Redis Failure
redis cluster synchronization failed on k8s-node-4,Redis Failure
cache node unreachable on redis-cache,Redis Failure
redis cluster synchronization failed on redis-cache,Redis Failure
redis cluster synchronization failed on api-gateway,Redis Failure
redis cluster synchronization failed on prod-server-2,Redis Failure
redis cluster synchronization failed on payment-service,Redis Failure
redis cluster synchronization failed on prod-server-2,Redis Failure
redis memory eviction triggered on auth-service,Redis Failure
redis connection timeout on payment-service,Redis Failure
redis memory eviction triggered on prod-server-1,Redis Failure
cache node unreachable on payment-service,Redis Failure
cache node unreachable on db-cluster,Redis Failure
redis cache unavailable on api-gateway,Redis Failure
cache node unreachable on k8s-node-4,Redis Failure
cache node unreachable on prod-server-2,Redis Failure
cache lookup operation failed on payment-service,Redis Failure
redis connection timeout on k8s-node-4,Redis Failure
redis cache unavailable on redis-cache,Redis Failure
redis connection timeout on frontend-app,Redis Failure
redis memory eviction triggered on k8s-node-4,Redis Failure
cache node unreachable on api-gateway,Redis Failure
redis connection timeout on db-cluster,Redis Failure
redis connection timeout on k8s-node-4,Redis Failure
redis memory eviction triggered on prod-server-2,Redis Failure
cache lookup operation failed on payment-service,Redis Failure
redis memory eviction triggered on frontend-app,Redis Failure
redis cache unavailable on frontend-app,Redis Failure
cache lookup operation failed on payment-service,Redis Failure
cache node unreachable on prod-server-1,Redis Failure
cache lookup operation failed on k8s-node-4,Redis Failure
cache lookup operation failed on prod-server-1,Redis Failure
cache lookup operation failed on redis-cache,Redis Failure
cache lookup operation failed on prod-server-1,Redis Failure
cache lookup operation failed on prod-server-2,Redis Failure
cache lookup operation failed on prod-server-2,Redis Failure
cache lookup operation failed on kafka-broker,Redis Failure
redis memory eviction triggered on auth-service,Redis Failure
redis connection timeout on api-gateway,Redis Failure
cache node unreachable on kafka-broker,Redis Failure
cache lookup operation failed on auth-service,Redis Failure
redis cluster synchronization failed on kafka-broker,Redis Failure
redis cache unavailable on prod-server-2,Redis Failure
redis memory eviction triggered on payment-service,Redis Failure
redis connection timeout on prod-server-2,Redis Failure
redis cluster synchronization failed on api-gateway,Redis Failure
cache node unreachable on db-cluster,Redis Failure
redis cluster synchronization failed on frontend-app,Redis Failure
cache lookup operation failed on k8s-node-4,Redis Failure
redis connection timeout on prod-server-2,Redis Failure
redis connection timeout on k8s-node-4,Redis Failure
cache node unreachable on redis-cache,Redis Failure
redis cluster synchronization failed on k8s-node-4,Redis Failure
redis memory eviction triggered on redis-cache,Redis Failure
cache node unreachable on auth-service,Redis Failure
redis cluster synchronization failed on frontend-app,Redis Failure
redis memory eviction triggered on kafka-broker,Redis Failure
cache lookup operation failed on auth-service,Redis Failure
redis cache unavailable on k8s-node-4,Redis Failure
cache lookup operation failed on prod-server-1,Redis Failure
cache node unreachable on auth-service,Redis Failure
cache lookup operation failed on payment-service,Redis Failure
cache node unreachable on auth-service,Redis Failure
redis cache unavailable on api-gateway,Redis Failure
cache node unreachable on prod-server-2,Redis Failure
cache node unreachable on k8s-node-4,Redis Failure
redis cache unavailable on prod-server-1,Redis Failure
cache node unreachable on auth-service,Redis Failure
redis cache unavailable on auth-service,Redis Failure
redis cluster synchronization failed on db-cluster,Redis Failure
cache node unreachable on db-cluster,Redis Failure
redis connection timeout on k8s-node-4,Redis Failure
cache lookup operation failed on k8s-node-4,Redis Failure
cache node unreachable on payment-service,Redis Failure
redis connection timeout on api-gateway,Redis Failure
redis connection timeout on api-gateway,Redis Failure
cache lookup operation failed on db-cluster,Redis Failure
redis memory eviction triggered on prod-server-2,Redis Failure
redis cluster synchronization failed on prod-server-1,Redis Failure
redis memory eviction triggered on auth-service,Redis Failure
redis connection timeout on redis-cache,Redis Failure
cache node unreachable on auth-service,Redis Failure
redis cache unavailable on auth-service,Redis Failure
redis cluster synchronization failed on db-cluster,Redis Failure
redis cache unavailable on db-cluster,Redis Failure
cache lookup operation failed on api-gateway,Redis Failure
cache node unreachable on redis-cache,Redis Failure
redis memory eviction triggered on k8s-node-4,Redis Failure
cache lookup operation failed on db-cluster,Redis Failure
redis connection timeout on payment-service,Redis Failure
cache lookup operation failed on kafka-broker,Redis Failure
cache lookup operation failed on payment-service,Redis Failure
redis cluster synchronization failed on api-gateway,Redis Failure
redis connection timeout on db-cluster,Redis Failure
redis connection timeout on db-cluster,Redis Failure
cache node unreachable on redis-cache,Redis Failure
redis cluster synchronization failed on kafka-broker,Redis Failure
redis cache unavailable on api-gateway,Redis Failure
cache lookup operation failed on payment-service,Redis Failure
cache node unreachable on api-gateway,Redis Failure
redis cache unavailable on redis-cache,Redis Failure
redis memory eviction triggered on auth-service,Redis Failure
redis cluster synchronization failed on payment-service,Redis Failure
redis cache unavailable on payment-service,Redis Failure
redis cache unavailable on prod-server-1,Redis Failure
cache node unreachable on redis-cache,Redis Failure
redis memory eviction triggered on kafka-broker,Redis Failure
cache lookup operation failed on api-gateway,Redis Failure
redis cluster synchronization failed on redis-cache,Redis Failure
cache node unreachable on prod-server-1,Redis Failure
redis memory eviction triggered on k8s-node-4,Redis Failure
redis connection timeout on db-cluster,Redis Failure
cache node unreachable on kafka-broker,Redis Failure
redis cluster synchronization failed on db-cluster,Redis Failure
redis memory eviction triggered on api-gateway,Redis Failure
cache lookup operation failed on prod-server-1,Redis Failure
redis cluster synchronization failed on frontend-app,Redis Failure
redis memory eviction triggered on api-gateway,Redis Failure
cache lookup operation failed on auth-service,Redis Failure
cache lookup operation failed on redis-cache,Redis Failure
cache node unreachable on payment-service,Redis Failure
redis cache unavailable on prod-server-1,Redis Failure
redis cluster synchronization failed on frontend-app,Redis Failure
cache lookup operation failed on db-cluster,Redis Failure
redis connection timeout on db-cluster,Redis Failure
cache lookup operation failed on db-cluster,Redis Failure
cache node unreachable on k8s-node-4,Redis Failure
redis cache unavailable on redis-cache,Redis Failure
redis cache unavailable on redis-cache,Redis Failure
redis memory eviction triggered on auth-service,Redis Failure
redis connection timeout on payment-service,Redis Failure
redis cache unavailable on frontend-app,Redis Failure
cache lookup operation failed on db-cluster,Redis Failure
redis cluster synchronization failed on payment-service,Redis Failure
cache node unreachable on frontend-app,Redis Failure
redis cluster synchronization failed on db-cluster,Redis Failure
redis memory eviction triggered on prod-server-1,Redis Failure
redis cluster synchronization failed on payment-service,Redis Failure
redis cluster synchronization failed on redis-cache,Redis Failure
redis cluster synchronization failed on frontend-app,Redis Failure
cache lookup operation failed on api-gateway,Redis Failure
cache lookup operation failed on prod-server-2,Redis Failure
redis connection timeout on kafka-broker,Redis Failure
redis connection timeout on frontend-app,Redis Failure
cache lookup operation failed on auth-service,Redis Failure
redis memory eviction triggered on auth-service,Redis Failure
cache lookup operation failed on kafka-broker,Redis Failure
redis connection timeout on db-cluster,Redis Failure
cache lookup operation failed on k8s-node-4,Redis Failure
cache node unreachable on auth-service,Redis Failure
cache node unreachable on prod-server-2,Redis Failure
cache lookup operation failed on db-cluster,Redis Failure
cache lookup operation failed on auth-service,Redis Failure
cache lookup operation failed on auth-service,Redis Failure
cache node unreachable on api-gateway,Redis Failure
redis memory eviction triggered on prod-server-1,Redis Failure
redis connection timeout on frontend-app,Redis Failure
redis memory eviction triggered on api-gateway,Redis Failure
redis connection timeout on redis-cache,Redis Failure
redis connection timeout on db-cluster,Redis Failure
redis cache unavailable on k8s-node-4,Redis Failure
cache lookup operation failed on prod-server-2,Redis Failure
redis cluster synchronization failed on prod-server-2,Redis Failure
redis cache unavailable on k8s-node-4,Redis Failure
redis cluster synchronization failed on prod-server-1,Redis Failure
redis memory eviction triggered on prod-server-1,Redis Failure
cache node unreachable on redis-cache,Redis Failure
redis memory eviction triggered on api-gateway,Redis Failure
redis cache unavailable on kafka-broker,Redis Failure
redis cluster synchronization failed on auth-service,Redis Failure
redis connection timeout on prod-server-2,Redis Failure
redis cluster synchronization failed on prod-server-2,Redis Failure
redis connection timeout on k8s-node-4,Redis Failure
redis cluster synchronization failed on payment-service,Redis Failure
redis cluster synchronization failed on k8s-node-4,Redis Failure
redis connection timeout on prod-server-1,Redis Failure
redis memory eviction triggered on frontend-app,Redis Failure
redis cache unavailable on payment-service,Redis Failure
cache node unreachable on k8s-node-4,Redis Failure
redis cluster synchronization failed on api-gateway,Redis Failure
cache lookup operation failed on auth-service,Redis Failure
redis cache unavailable on prod-server-2,Redis Failure
cache lookup operation failed on prod-server-2,Redis Failure
cache node unreachable on frontend-app,Redis Failure
cache lookup operation failed on payment-service,Redis Failure
redis memory eviction triggered on kafka-broker,Redis Failure
redis memory eviction triggered on kafka-broker,Redis Failure
redis connection timeout on payment-service,Redis Failure
cache node unreachable on redis-cache,Redis Failure
redis connection timeout on api-gateway,Redis Failure
redis memory eviction triggered on prod-server-1,Redis Failure
redis memory eviction triggered on api-gateway,Redis Failure
redis memory eviction triggered on auth-service,Redis Failure
cache node unreachable on k8s-node-4,Redis Failure
redis connection timeout on k8s-node-4,Redis Failure
redis memory eviction triggered on kafka-broker,Redis Failure
redis memory eviction triggered on db-cluster,Redis Failure
cache lookup operation failed on prod-server-1,Redis Failure
redis cluster synchronization failed on frontend-app,Redis Failure
redis cluster synchronization failed on prod-server-2,Redis Failure
cache lookup operation failed on prod-server-1,Redis Failure
redis memory eviction triggered on api-gateway,Redis Failure
redis memory eviction triggered on k8s-node-4,Redis Failure
redis cluster synchronization failed on prod-server-1,Redis Failure
redis cache unavailable on auth-service,Redis Failure
redis cluster synchronization failed on frontend-app,Redis Failure
redis connection timeout on payment-service,Redis Failure
redis memory eviction triggered on frontend-app,Redis Failure
cache lookup operation failed on k8s-node-4,Redis Failure
redis cache unavailable on payment-service,Redis Failure
redis cluster synchronization failed on auth-service,Redis Failure
cache lookup operation failed on payment-service,Redis Failure
cache node unreachable on auth-service,Redis Failure
cache lookup operation failed on kafka-broker,Redis Failure
redis connection timeout on frontend-app,Redis Failure
redis cache unavailable on k8s-node-4,Redis Failure
redis connection timeout on frontend-app,Redis Failure
redis memory eviction triggered on prod-server-2,Redis Failure
cache node unreachable on prod-server-1,Redis Failure
redis memory eviction triggered on frontend-app,Redis Failure
cache node unreachable on frontend-app,Redis Failure
redis memory eviction triggered on frontend-app,Redis Failure
redis cache unavailable on payment-service,Redis Failure
redis cache unavailable on api-gateway,Redis Failure
redis cache unavailable on prod-server-2,Redis Failure
redis connection timeout on frontend-app,Redis Failure
redis connection timeout on auth-service,Redis Failure
cache lookup operation failed on k8s-node-4,Redis Failure
cache node unreachable on payment-service,Redis Failure
redis memory eviction triggered on prod-server-2,Redis Failure
redis cache unavailable on api-gateway,Redis Failure
cache node unreachable on api-gateway,Redis Failure
redis connection timeout on redis-cache,Redis Failure
cache node unreachable on redis-cache,Redis Failure
redis connection timeout on kafka-broker,Redis Failure
redis cache unavailable on k8s-node-4,Redis Failure
cache lookup operation failed on kafka-broker,Redis Failure
redis memory eviction triggered on api-gateway,Redis Failure
redis cache unavailable on frontend-app,Redis Failure
redis memory eviction triggered on prod-server-1,Redis Failure
redis memory eviction triggered on kafka-broker,Redis Failure
redis cluster synchronization failed on frontend-app,Redis Failure
redis connection timeout on auth-service,Redis Failure
cache node unreachable on auth-service,Redis Failure
cache lookup operation failed on api-gateway,Redis Failure
redis cache unavailable on auth-service,Redis Failure
redis memory eviction triggered on db-cluster,Redis Failure
redis cache unavailable on frontend-app,Redis Failure
redis cluster synchronization failed on api-gateway,Redis Failure
redis cluster synchronization failed on db-cluster,Redis Failure
cache node unreachable on frontend-app,Redis Failure
cache lookup operation failed on db-cluster,Redis Failure
cache lookup operation failed on db-cluster,Redis Failure
redis memory eviction triggered on prod-server-1,Redis Failure
cache node unreachable on redis-cache,Redis Failure
redis cluster synchronization failed on kafka-broker,Redis Failure
redis connection timeout on prod-server-1,Redis Failure
cache node unreachable on api-gateway,Redis Failure
redis cache unavailable on redis-cache,Redis Failure
redis connection timeout on kafka-broker,Redis Failure
cache node unreachable on redis-cache,Redis Failure
redis cache unavailable on kafka-broker,Redis Failure
cache lookup operation failed on kafka-broker,Redis Failure
redis connection timeout on db-cluster,Redis Failure
cache lookup operation failed on redis-cache,Redis Failure
redis cache unavailable on frontend-app,Redis Failure
redis cache unavailable on k8s-node-4,Redis Failure
cache lookup operation failed on prod-server-2,Redis Failure
redis memory eviction triggered on redis-cache,Redis Failure
redis connection timeout on kafka-broker,Redis Failure
redis cache unavailable on api-gateway,Redis Failure
redis memory eviction triggered on prod-server-1,Redis Failure
cache lookup operation failed on api-gateway,Redis Failure
cache node unreachable on k8s-node-4,Redis Failure
redis memory eviction triggered on kafka-broker,Redis Failure
redis memory eviction triggered on prod-server-2,Redis Failure
cache lookup operation failed on prod-server-1,Redis Failure
redis cluster synchronization failed on db-cluster,Redis Failure
redis cache unavailable on redis-cache,Redis Failure
redis connection timeout on frontend-app,Redis Failure
redis connection timeout on db-cluster,Redis Failure
redis memory eviction triggered on db-cluster,Redis Failure
redis cluster synchronization failed on api-gateway,Redis Failure
redis memory eviction triggered on prod-server-1,Redis Failure
redis cluster synchronization failed on db-cluster,Redis Failure
redis cluster synchronization failed on redis-cache,Redis Failure
redis cache unavailable on redis-cache,Redis Failure
redis cluster synchronization failed on payment-service,Redis Failure
redis memory eviction triggered on kafka-broker,Redis Failure
redis memory eviction triggered on frontend-app,Redis Failure
redis cluster synchronization failed on db-cluster,Redis Failure
cache node unreachable on api-gateway,Redis Failure
redis cluster synchronization failed on auth-service,Redis Failure
redis memory eviction triggered on prod-server-1,Redis Failure
redis cluster synchronization failed on prod-server-1,Redis Failure
redis cluster synchronization failed on prod-server-1,Redis Failure
cache node unreachable on prod-server-2,Redis Failure
redis memory eviction triggered on prod-server-2,Redis Failure
redis memory eviction triggered on api-gateway,Redis Failure
redis memory eviction triggered on prod-server-1,Redis Failure
redis memory eviction triggered on prod-server-2,Redis Failure
cache lookup operation failed on auth-service,Redis Failure
cache lookup operation failed on frontend-app,Redis Failure
redis memory eviction triggered on api-gateway,Redis Failure
redis connection timeout on frontend-app,Redis Failure
redis memory eviction triggered on k8s-node-4,Redis Failure
redis cluster synchronization failed on payment-service,Redis Failure
redis memory eviction triggered on prod-server-2,Redis Failure
redis cluster synchronization failed on payment-service,Redis Failure
cache node unreachable on redis-cache,Redis Failure
cache node unreachable on frontend-app,Redis Failure
redis connection timeout on api-gateway,Redis Failure
redis cluster synchronization failed on payment-service,Redis Failure
cache node unreachable on kafka-broker,Redis Failure
redis connection timeout on kafka-broker,Redis Failure
cache lookup operation failed on kafka-broker,Redis Failure
cache node unreachable on k8s-node-4,Redis Failure
redis cluster synchronization failed on api-gateway,Redis Failure
redis memory eviction triggered on db-cluster,Redis Failure
redis memory eviction triggered on auth-service,Redis Failure
redis cache unavailable on payment-service,Redis Failure
redis memory eviction triggered on prod-server-1,Redis Failure
cache node unreachable on api-gateway,Redis Failure
redis cache unavailable on prod-server-2,Redis Failure
redis cache unavailable on db-cluster,Redis Failure
cache node unreachable on frontend-app,Redis Failure
redis memory eviction triggered on prod-server-2,Redis Failure
cache lookup operation failed on kafka-broker,Redis Failure
redis cache unavailable on kafka-broker,Redis Failure
cache lookup operation failed on prod-server-1,Redis Failure
redis memory eviction triggered on frontend-app,Redis Failure
cache node unreachable on frontend-app,Redis Failure
redis connection timeout on frontend-app,Redis Failure
cache lookup operation failed on frontend-app,Redis Failure
redis connection timeout on redis-cache,Redis Failure
redis memory eviction triggered on api-gateway,Redis Failure
redis connection timeout on auth-service,Redis Failure
redis connection timeout on frontend-app,Redis Failure
redis cache unavailable on prod-server-1,Redis Failure
cache lookup operation failed on api-gateway,Redis Failure
redis cluster synchronization failed on payment-service,Redis Failure
redis cache unavailable on db-cluster,Redis Failure
redis memory eviction triggered on k8s-node-4,Redis Failure
cache lookup operation failed on redis-cache,Redis Failure
redis memory eviction triggered on payment-service,Redis Failure
cache node unreachable on prod-server-1,Redis Failure
redis cache unavailable on prod-server-1,Redis Failure
redis connection timeout on frontend-app,Redis Failure
cache lookup operation failed on frontend-app,Redis Failure
redis memory eviction triggered on prod-server-1,Redis Failure
redis memory eviction triggered on kafka-broker,Redis Failure
redis cache unavailable on redis-cache,Redis Failure
redis memory eviction triggered on payment-service,Redis Failure
redis connection timeout on db-cluster,Redis Failure
cache lookup operation failed on redis-cache,Redis Failure
cache lookup operation failed on api-gateway,Redis Failure
cache node unreachable on k8s-node-4,Redis Failure
redis memory eviction triggered on prod-server-2,Redis Failure
redis memory eviction triggered on prod-server-1,Redis Failure
cache lookup operation failed on prod-server-2,Redis Failure
redis connection timeout on auth-service,Redis Failure
cache node unreachable on kafka-broker,Redis Failure
redis cache unavailable on kafka-broker,Redis Failure
redis memory eviction triggered on kafka-broker,Redis Failure
redis connection timeout on kafka-broker,Redis Failure
redis cluster synchronization failed on prod-server-1,Redis Failure
redis connection timeout on prod-server-1,Redis Failure
redis connection timeout on prod-server-2,Redis Failure
redis memory eviction triggered on prod-server-1,Redis Failure
cache lookup operation failed on auth-service,Redis Failure
cache node unreachable on auth-service,Redis Failure
redis cache unavailable on db-cluster,Redis Failure
redis cache unavailable on k8s-node-4,Redis Failure
cache lookup operation failed on auth-service,Redis Failure
redis memory eviction triggered on redis-cache,Redis Failure
cache node unreachable on auth-service,Redis Failure
cache node unreachable on kafka-broker,Redis Failure
cache lookup operation failed on redis-cache,Redis Failure
redis cluster synchronization failed on prod-server-2,Redis Failure
redis memory eviction triggered on prod-server-1,Redis Failure
redis cluster synchronization failed on db-cluster,Redis Failure
redis cache unavailable on k8s-node-4,Redis Failure
cache node unreachable on prod-server-1,Redis Failure
redis cache unavailable on prod-server-2,Redis Failure
redis connection timeout on prod-server-1,Redis Failure
cache node unreachable on kafka-broker,Redis Failure
cache node unreachable on redis-cache,Redis Failure
redis cache unavailable on api-gateway,Redis Failure
redis cluster synchronization failed on frontend-app,Redis Failure
redis memory eviction triggered on payment-service,Redis Failure
cache node unreachable on payment-service,Redis Failure
redis memory eviction triggered on redis-cache,Redis Failure
kafka consumer lag exceeded threshold on db-cluster,Kafka Failure
stream processing interrupted on payment-service,Kafka Failure
failed to publish event to kafka on auth-service,Kafka Failure
kafka consumer lag exceeded threshold on frontend-app,Kafka Failure
kafka partition leader missing on prod-server-2,Kafka Failure
failed to publish event to kafka on kafka-broker,Kafka Failure
consumer group rebalance failed on prod-server-1,Kafka Failure
stream processing interrupted on api-gateway,Kafka Failure
message broker unavailable on auth-service,Kafka Failure
stream processing interrupted on prod-server-1,Kafka Failure
failed to publish event to kafka on frontend-app,Kafka Failure
message broker unavailable on redis-cache,Kafka Failure
failed to publish event to kafka on k8s-node-4,Kafka Failure
stream processing interrupted on api-gateway,Kafka Failure
kafka consumer lag exceeded threshold on api-gateway,Kafka Failure
consumer group rebalance failed on redis-cache,Kafka Failure
stream processing interrupted on prod-server-1,Kafka Failure
kafka partition leader missing on frontend-app,Kafka Failure
failed to publish event to kafka on db-cluster,Kafka Failure
message broker unavailable on k8s-node-4,Kafka Failure
consumer group rebalance failed on redis-cache,Kafka Failure
kafka partition leader missing on prod-server-1,Kafka Failure
kafka partition leader missing on prod-server-1,Kafka Failure
stream processing interrupted on prod-server-1,Kafka Failure
stream processing interrupted on prod-server-1,Kafka Failure
message broker unavailable on redis-cache,Kafka Failure
message broker unavailable on k8s-node-4,Kafka Failure
message broker unavailable on api-gateway,Kafka Failure
consumer group rebalance failed on redis-cache,Kafka Failure
failed to publish event to kafka on frontend-app,Kafka Failure
kafka consumer lag exceeded threshold on auth-service,Kafka Failure
stream processing interrupted on redis-cache,Kafka Failure
kafka partition leader missing on payment-service,Kafka Failure
message broker unavailable on prod-server-1,Kafka Failure
kafka consumer lag exceeded threshold on auth-service,Kafka Failure
kafka consumer lag exceeded threshold on k8s-node-4,Kafka Failure
consumer group rebalance failed on payment-service,Kafka Failure
message broker unavailable on kafka-broker,Kafka Failure
kafka partition leader missing on payment-service,Kafka Failure
kafka consumer lag exceeded threshold on api-gateway,Kafka Failure
consumer group rebalance failed on api-gateway,Kafka Failure
stream processing interrupted on redis-cache,Kafka Failure
stream processing interrupted on prod-server-1,Kafka Failure
failed to publish event to kafka on kafka-broker,Kafka Failure
kafka partition leader missing on db-cluster,Kafka Failure
kafka partition leader missing on auth-service,Kafka Failure
kafka partition leader missing on frontend-app,Kafka Failure
kafka partition leader missing on auth-service,Kafka Failure
kafka consumer lag exceeded threshold on prod-server-1,Kafka Failure
kafka consumer lag exceeded threshold on payment-service,Kafka Failure
message broker unavailable on api-gateway,Kafka Failure
stream processing interrupted on prod-server-1,Kafka Failure
message broker unavailable on payment-service,Kafka Failure
failed to publish event to kafka on frontend-app,Kafka Failure
message broker unavailable on auth-service,Kafka Failure
kafka consumer lag exceeded threshold on payment-service,Kafka Failure
failed to publish event to kafka on prod-server-1,Kafka Failure
failed to publish event to kafka on prod-server-1,Kafka Failure
kafka consumer lag exceeded threshold on k8s-node-4,Kafka Failure
failed to publish event to kafka on prod-server-1,Kafka Failure
kafka consumer lag exceeded threshold on k8s-node-4,Kafka Failure
message broker unavailable on api-gateway,Kafka Failure
kafka partition leader missing on db-cluster,Kafka Failure
failed to publish event to kafka on frontend-app,Kafka Failure
message broker unavailable on payment-service,Kafka Failure
failed to publish event to kafka on prod-server-2,Kafka Failure
message broker unavailable on api-gateway,Kafka Failure
kafka consumer lag exceeded threshold on frontend-app,Kafka Failure
kafka consumer lag exceeded threshold on payment-service,Kafka Failure
stream processing interrupted on auth-service,Kafka Failure
failed to publish event to kafka on prod-server-1,Kafka Failure
kafka consumer lag exceeded threshold on k8s-node-4,Kafka Failure
consumer group rebalance failed on payment-service,Kafka Failure
kafka consumer lag exceeded threshold on prod-server-1,Kafka Failure
kafka partition leader missing on k8s-node-4,Kafka Failure
consumer group rebalance failed on auth-service,Kafka Failure
kafka consumer lag exceeded threshold on k8s-node-4,Kafka Failure
kafka consumer lag exceeded threshold on prod-server-2,Kafka Failure
kafka partition leader missing on redis-cache,Kafka Failure
message broker unavailable on kafka-broker,Kafka Failure
stream processing interrupted on prod-server-1,Kafka Failure
kafka partition leader missing on prod-server-1,Kafka Failure
consumer group rebalance failed on prod-server-2,Kafka Failure
failed to publish event to kafka on api-gateway,Kafka Failure
stream processing interrupted on api-gateway,Kafka Failure
kafka consumer lag exceeded threshold on db-cluster,Kafka Failure
failed to publish event to kafka on k8s-node-4,Kafka Failure
stream processing interrupted on k8s-node-4,Kafka Failure
consumer group rebalance failed on redis-cache,Kafka Failure
failed to publish event to kafka on frontend-app,Kafka Failure
kafka consumer lag exceeded threshold on redis-cache,Kafka Failure
kafka partition leader missing on redis-cache,Kafka Failure
message broker unavailable on prod-server-1,Kafka Failure
message broker unavailable on payment-service,Kafka Failure
failed to publish event to kafka on auth-service,Kafka Failure
kafka partition leader missing on prod-server-2,Kafka Failure
message broker unavailable on redis-cache,Kafka Failure
stream processing interrupted on prod-server-1,Kafka Failure
failed to publish event to kafka on auth-service,Kafka Failure
failed to publish event to kafka on kafka-broker,Kafka Failure
consumer group rebalance failed on api-gateway,Kafka Failure
stream processing interrupted on db-cluster,Kafka Failure
stream processing interrupted on k8s-node-4,Kafka Failure
consumer group rebalance failed on api-gateway,Kafka Failure
message broker unavailable on db-cluster,Kafka Failure
consumer group rebalance failed on prod-server-1,Kafka Failure
kafka partition leader missing on auth-service,Kafka Failure
consumer group rebalance failed on redis-cache,Kafka Failure
consumer group rebalance failed on prod-server-1,Kafka Failure
kafka consumer lag exceeded threshold on payment-service,Kafka Failure
message broker unavailable on db-cluster,Kafka Failure
failed to publish event to kafka on frontend-app,Kafka Failure
consumer group rebalance failed on frontend-app,Kafka Failure
consumer group rebalance failed on kafka-broker,Kafka Failure
stream processing interrupted on kafka-broker,Kafka Failure
failed to publish event to kafka on auth-service,Kafka Failure
kafka partition leader missing on frontend-app,Kafka Failure
kafka consumer lag exceeded threshold on prod-server-2,Kafka Failure
kafka partition leader missing on payment-service,Kafka Failure
kafka partition leader missing on payment-service,Kafka Failure
kafka partition leader missing on db-cluster,Kafka Failure
failed to publish event to kafka on auth-service,Kafka Failure
failed to publish event to kafka on k8s-node-4,Kafka Failure
consumer group rebalance failed on api-gateway,Kafka Failure
consumer group rebalance failed on api-gateway,Kafka Failure
message broker unavailable on api-gateway,Kafka Failure
message broker unavailable on k8s-node-4,Kafka Failure
failed to publish event to kafka on kafka-broker,Kafka Failure
message broker unavailable on kafka-broker,Kafka Failure
failed to publish event to kafka on db-cluster,Kafka Failure
stream processing interrupted on kafka-broker,Kafka Failure
message broker unavailable on db-cluster,Kafka Failure
failed to publish event to kafka on redis-cache,Kafka Failure
kafka consumer lag exceeded threshold on prod-server-1,Kafka Failure
kafka consumer lag exceeded threshold on k8s-node-4,Kafka Failure
kafka consumer lag exceeded threshold on frontend-app,Kafka Failure
stream processing interrupted on k8s-node-4,Kafka Failure
stream processing interrupted on kafka-broker,Kafka Failure
message broker unavailable on k8s-node-4,Kafka Failure
stream processing interrupted on k8s-node-4,Kafka Failure
consumer group rebalance failed on db-cluster,Kafka Failure
consumer group rebalance failed on kafka-broker,Kafka Failure
kafka partition leader missing on auth-service,Kafka Failure
consumer group rebalance failed on payment-service,Kafka Failure
consumer group rebalance failed on db-cluster,Kafka Failure
kafka consumer lag exceeded threshold on frontend-app,Kafka Failure
kafka consumer lag exceeded threshold on payment-service,Kafka Failure
kafka consumer lag exceeded threshold on prod-server-1,Kafka Failure
kafka partition leader missing on prod-server-2,Kafka Failure
kafka consumer lag exceeded threshold on k8s-node-4,Kafka Failure
consumer group rebalance failed on k8s-node-4,Kafka Failure
stream processing interrupted on prod-server-1,Kafka Failure
failed to publish event to kafka on prod-server-2,Kafka Failure
consumer group rebalance failed on prod-server-1,Kafka Failure
consumer group rebalance failed on api-gateway,Kafka Failure
kafka consumer lag exceeded threshold on prod-server-2,Kafka Failure
consumer group rebalance failed on k8s-node-4,Kafka Failure
consumer group rebalance failed on api-gateway,Kafka Failure
consumer group rebalance failed on k8s-node-4,Kafka Failure
message broker unavailable on auth-service,Kafka Failure
failed to publish event to kafka on prod-server-1,Kafka Failure
stream processing interrupted on auth-service,Kafka Failure
kafka partition leader missing on frontend-app,Kafka Failure
message broker unavailable on redis-cache,Kafka Failure
kafka partition leader missing on db-cluster,Kafka Failure
stream processing interrupted on auth-service,Kafka Failure
stream processing interrupted on payment-service,Kafka Failure
stream processing interrupted on kafka-broker,Kafka Failure
consumer group rebalance failed on redis-cache,Kafka Failure
kafka consumer lag exceeded threshold on db-cluster,Kafka Failure
kafka consumer lag exceeded threshold on api-gateway,Kafka Failure
stream processing interrupted on auth-service,Kafka Failure
failed to publish event to kafka on k8s-node-4,Kafka Failure
kafka partition leader missing on prod-server-1,Kafka Failure
kafka partition leader missing on api-gateway,Kafka Failure
consumer group rebalance failed on prod-server-2,Kafka Failure
failed to publish event to kafka on redis-cache,Kafka Failure
kafka partition leader missing on prod-server-1,Kafka Failure
kafka consumer lag exceeded threshold on api-gateway,Kafka Failure
stream processing interrupted on payment-service,Kafka Failure
kafka partition leader missing on k8s-node-4,Kafka Failure
stream processing interrupted on db-cluster,Kafka Failure
stream processing interrupted on prod-server-2,Kafka Failure
failed to publish event to kafka on api-gateway,Kafka Failure
failed to publish event to kafka on k8s-node-4,Kafka Failure
failed to publish event to kafka on frontend-app,Kafka Failure
failed to publish event to kafka on redis-cache,Kafka Failure
consumer group rebalance failed on frontend-app,Kafka Failure
kafka consumer lag exceeded threshold on prod-server-2,Kafka Failure
failed to publish event to kafka on prod-server-2,Kafka Failure
stream processing interrupted on redis-cache,Kafka Failure
consumer group rebalance failed on prod-server-2,Kafka Failure
kafka consumer lag exceeded threshold on auth-service,Kafka Failure
kafka partition leader missing on kafka-broker,Kafka Failure
stream processing interrupted on kafka-broker,Kafka Failure
message broker unavailable on k8s-node-4,Kafka Failure
kafka consumer lag exceeded threshold on prod-server-2,Kafka Failure
message broker unavailable on redis-cache,Kafka Failure
kafka consumer lag exceeded threshold on auth-service,Kafka Failure
failed to publish event to kafka on k8s-node-4,Kafka Failure
kafka consumer lag exceeded threshold on auth-service,Kafka Failure
stream processing interrupted on prod-server-2,Kafka Failure
failed to publish event to kafka on kafka-broker,Kafka Failure
stream processing interrupted on kafka-broker,Kafka Failure
stream processing interrupted on api-gateway,Kafka Failure
kafka consumer lag exceeded threshold on prod-server-2,Kafka Failure
stream processing interrupted on auth-service,Kafka Failure
message broker unavailable on auth-service,Kafka Failure
message broker unavailable on prod-server-2,Kafka Failure
consumer group rebalance failed on db-cluster,Kafka Failure
stream processing interrupted on prod-server-1,Kafka Failure
kafka partition leader missing on payment-service,Kafka Failure
message broker unavailable on prod-server-2,Kafka Failure
kafka partition leader missing on prod-server-2,Kafka Failure
kafka partition leader missing on prod-server-1,Kafka Failure
message broker unavailable on kafka-broker,Kafka Failure
kafka partition leader missing on prod-server-2,Kafka Failure
failed to publish event to kafka on kafka-broker,Kafka Failure
consumer group rebalance failed on api-gateway,Kafka Failure
kafka consumer lag exceeded threshold on prod-server-1,Kafka Failure
consumer group rebalance failed on k8s-node-4,Kafka Failure
kafka consumer lag exceeded threshold on prod-server-2,Kafka Failure
kafka partition leader missing on api-gateway,Kafka Failure
failed to publish event to kafka on redis-cache,Kafka Failure
stream processing interrupted on frontend-app,Kafka Failure
consumer group rebalance failed on db-cluster,Kafka Failure
kafka consumer lag exceeded threshold on api-gateway,Kafka Failure
kafka consumer lag exceeded threshold on db-cluster,Kafka Failure
kafka consumer lag exceeded threshold on prod-server-1,Kafka Failure
stream processing interrupted on prod-server-1,Kafka Failure
message broker unavailable on redis-cache,Kafka Failure
stream processing interrupted on prod-server-1,Kafka Failure
kafka partition leader missing on api-gateway,Kafka Failure
consumer group rebalance failed on redis-cache,Kafka Failure
failed to publish event to kafka on auth-service,Kafka Failure
stream processing interrupted on frontend-app,Kafka Failure
consumer group rebalance failed on api-gateway,Kafka Failure
kafka partition leader missing on redis-cache,Kafka Failure
consumer group rebalance failed on frontend-app,Kafka Failure
consumer group rebalance failed on prod-server-2,Kafka Failure
kafka consumer lag exceeded threshold on prod-server-1,Kafka Failure
kafka consumer lag exceeded threshold on payment-service,Kafka Failure
stream processing interrupted on prod-server-2,Kafka Failure
consumer group rebalance failed on k8s-node-4,Kafka Failure
consumer group rebalance failed on auth-service,Kafka Failure
failed to publish event to kafka on prod-server-2,Kafka Failure
kafka consumer lag exceeded threshold on api-gateway,Kafka Failure
kafka partition leader missing on api-gateway,Kafka Failure
consumer group rebalance failed on api-gateway,Kafka Failure
failed to publish event to kafka on prod-server-2,Kafka Failure
kafka partition leader missing on prod-server-1,Kafka Failure
message broker unavailable on auth-service,Kafka Failure
stream processing interrupted on frontend-app,Kafka Failure
stream processing interrupted on kafka-broker,Kafka Failure
failed to publish event to kafka on api-gateway,Kafka Failure
message broker unavailable on kafka-broker,Kafka Failure
kafka consumer lag exceeded threshold on prod-server-1,Kafka Failure
message broker unavailable on api-gateway,Kafka Failure
stream processing interrupted on auth-service,Kafka Failure
message broker unavailable on redis-cache,Kafka Failure
failed to publish event to kafka on redis-cache,Kafka Failure
message broker unavailable on k8s-node-4,Kafka Failure
consumer group rebalance failed on prod-server-2,Kafka Failure
message broker unavailable on payment-service,Kafka Failure
kafka consumer lag exceeded threshold on db-cluster,Kafka Failure
failed to publish event to kafka on prod-server-2,Kafka Failure
kafka partition leader missing on frontend-app,Kafka Failure
message broker unavailable on k8s-node-4,Kafka Failure
kafka partition leader missing on k8s-node-4,Kafka Failure
message broker unavailable on prod-server-2,Kafka Failure
message broker unavailable on frontend-app,Kafka Failure
stream processing interrupted on auth-service,Kafka Failure
kafka partition leader missing on frontend-app,Kafka Failure
failed to publish event to kafka on db-cluster,Kafka Failure
failed to publish event to kafka on prod-server-2,Kafka Failure
consumer group rebalance failed on frontend-app,Kafka Failure
kafka partition leader missing on kafka-broker,Kafka Failure
kafka consumer lag exceeded threshold on k8s-node-4,Kafka Failure
kafka consumer lag exceeded threshold on redis-cache,Kafka Failure
consumer group rebalance failed on db-cluster,Kafka Failure
failed to publish event to kafka on kafka-broker,Kafka Failure
message broker unavailable on k8s-node-4,Kafka Failure
kafka partition leader missing on k8s-node-4,Kafka Failure
failed to publish event to kafka on redis-cache,Kafka Failure
kafka consumer lag exceeded threshold on k8s-node-4,Kafka Failure
kafka consumer lag exceeded threshold on db-cluster,Kafka Failure
kafka partition leader missing on db-cluster,Kafka Failure
consumer group rebalance failed on k8s-node-4,Kafka Failure
stream processing interrupted on redis-cache,Kafka Failure
kafka partition leader missing on api-gateway,Kafka Failure
kafka consumer lag exceeded threshold on api-gateway,Kafka Failure
stream processing interrupted on prod-server-2,Kafka Failure
kafka consumer lag exceeded threshold on auth-service,Kafka Failure
message broker unavailable on redis-cache,Kafka Failure
failed to publish event to kafka on k8s-node-4,Kafka Failure
kafka consumer lag exceeded threshold on prod-server-1,Kafka Failure
kafka partition leader missing on redis-cache,Kafka Failure
failed to publish event to kafka on api-gateway,Kafka Failure
consumer group rebalance failed on payment-service,Kafka Failure
consumer group rebalance failed on prod-server-1,Kafka Failure
kafka consumer lag exceeded threshold on frontend-app,Kafka Failure
stream processing interrupted on prod-server-1,Kafka Failure
failed to publish event to kafka on prod-server-2,Kafka Failure
kafka consumer lag exceeded threshold on k8s-node-4,Kafka Failure
consumer group rebalance failed on prod-server-2,Kafka Failure
kafka consumer lag exceeded threshold on k8s-node-4,Kafka Failure
kafka partition leader missing on api-gateway,Kafka Failure
kafka consumer lag exceeded threshold on auth-service,Kafka Failure
message broker unavailable on api-gateway,Kafka Failure
kafka consumer lag exceeded threshold on auth-service,Kafka Failure
kafka partition leader missing on k8s-node-4,Kafka Failure
kafka partition leader missing on k8s-node-4,Kafka Failure
message broker unavailable on k8s-node-4,Kafka Failure
consumer group rebalance failed on prod-server-1,Kafka Failure
kafka partition leader missing on kafka-broker,Kafka Failure
failed to publish event to kafka on auth-service,Kafka Failure
stream processing interrupted on frontend-app,Kafka Failure
consumer group rebalance failed on db-cluster,Kafka Failure
kafka partition leader missing on kafka-broker,Kafka Failure
failed to publish event to kafka on db-cluster,Kafka Failure
message broker unavailable on auth-service,Kafka Failure
message broker unavailable on payment-service,Kafka Failure
consumer group rebalance failed on kafka-broker,Kafka Failure
kafka partition leader missing on auth-service,Kafka Failure
consumer group rebalance failed on redis-cache,Kafka Failure
kafka partition leader missing on frontend-app,Kafka Failure
message broker unavailable on auth-service,Kafka Failure
stream processing interrupted on frontend-app,Kafka Failure
failed to publish event to kafka on k8s-node-4,Kafka Failure
kafka partition leader missing on auth-service,Kafka Failure
failed to publish event to kafka on auth-service,Kafka Failure
failed to publish event to kafka on redis-cache,Kafka Failure
stream processing interrupted on db-cluster,Kafka Failure
message broker unavailable on db-cluster,Kafka Failure
consumer group rebalance failed on frontend-app,Kafka Failure
kafka consumer lag exceeded threshold on k8s-node-4,Kafka Failure
stream processing interrupted on kafka-broker,Kafka Failure
stream processing interrupted on auth-service,Kafka Failure
stream processing interrupted on kafka-broker,Kafka Failure
consumer group rebalance failed on prod-server-2,Kafka Failure
failed to publish event to kafka on db-cluster,Kafka Failure
stream processing interrupted on prod-server-1,Kafka Failure
consumer group rebalance failed on frontend-app,Kafka Failure
message broker unavailable on auth-service,Kafka Failure
failed to publish event to kafka on redis-cache,Kafka Failure
kafka consumer lag exceeded threshold on k8s-node-4,Kafka Failure
message broker unavailable on prod-server-2,Kafka Failure
message broker unavailable on prod-server-2,Kafka Failure
consumer group rebalance failed on redis-cache,Kafka Failure
kafka consumer lag exceeded threshold on prod-server-1,Kafka Failure
failed to publish event to kafka on k8s-node-4,Kafka Failure
failed to publish event to kafka on kafka-broker,Kafka Failure
kafka consumer lag exceeded threshold on prod-server-1,Kafka Failure
stream processing interrupted on frontend-app,Kafka Failure
stream processing interrupted on api-gateway,Kafka Failure
stream processing interrupted on redis-cache,Kafka Failure
stream processing interrupted on api-gateway,Kafka Failure
kafka partition leader missing on k8s-node-4,Kafka Failure
failed to publish event to kafka on auth-service,Kafka Failure
message broker unavailable on prod-server-1,Kafka Failure
consumer group rebalance failed on prod-server-1,Kafka Failure
consumer group rebalance failed on db-cluster,Kafka Failure
stream processing interrupted on k8s-node-4,Kafka Failure
kafka consumer lag exceeded threshold on auth-service,Kafka Failure
kafka partition leader missing on auth-service,Kafka Failure
stream processing interrupted on prod-server-2,Kafka Failure
kafka consumer lag exceeded threshold on frontend-app,Kafka Failure
stream processing interrupted on redis-cache,Kafka Failure
consumer group rebalance failed on prod-server-1,Kafka Failure
failed to publish event to kafka on payment-service,Kafka Failure
kafka consumer lag exceeded threshold on auth-service,Kafka Failure
kafka consumer lag exceeded threshold on kafka-broker,Kafka Failure
failed to publish event to kafka on prod-server-1,Kafka Failure
kafka partition leader missing on payment-service,Kafka Failure
consumer group rebalance failed on redis-cache,Kafka Failure
consumer group rebalance failed on k8s-node-4,Kafka Failure
consumer group rebalance failed on db-cluster,Kafka Failure
kafka consumer lag exceeded threshold on prod-server-2,Kafka Failure
stream processing interrupted on kafka-broker,Kafka Failure
message broker unavailable on kafka-broker,Kafka Failure
consumer group rebalance failed on frontend-app,Kafka Failure
message broker unavailable on frontend-app,Kafka Failure
stream processing interrupted on api-gateway,Kafka Failure
consumer group rebalance failed on prod-server-1,Kafka Failure
stream processing interrupted on frontend-app,Kafka Failure
consumer group rebalance failed on redis-cache,Kafka Failure
consumer group rebalance failed on payment-service,Kafka Failure
consumer group rebalance failed on k8s-node-4,Kafka Failure
kafka consumer lag exceeded threshold on payment-service,Kafka Failure
consumer group rebalance failed on prod-server-2,Kafka Failure
message broker unavailable on auth-service,Kafka Failure
stream processing interrupted on prod-server-2,Kafka Failure
kafka consumer lag exceeded threshold on db-cluster,Kafka Failure
kafka consumer lag exceeded threshold on prod-server-2,Kafka Failure
kafka consumer lag exceeded threshold on kafka-broker,Kafka Failure
kafka partition leader missing on prod-server-1,Kafka Failure
kafka partition leader missing on kafka-broker,Kafka Failure
stream processing interrupted on redis-cache,Kafka Failure
failed to publish event to kafka on prod-server-1,Kafka Failure
message broker unavailable on frontend-app,Kafka Failure
message broker unavailable on kafka-broker,Kafka Failure
kafka consumer lag exceeded threshold on prod-server-1,Kafka Failure
stream processing interrupted on auth-service,Kafka Failure
stream processing interrupted on prod-server-2,Kafka Failure
message broker unavailable on auth-service,Kafka Failure
failed to publish event to kafka on prod-server-1,Kafka Failure
message broker unavailable on redis-cache,Kafka Failure
kafka consumer lag exceeded threshold on auth-service,Kafka Failure
stream processing interrupted on k8s-node-4,Kafka Failure
kafka partition leader missing on k8s-node-4,Kafka Failure
kafka consumer lag exceeded threshold on frontend-app,Kafka Failure
message broker unavailable on auth-service,Kafka Failure
stream processing interrupted on prod-server-2,Kafka Failure
stream processing interrupted on prod-server-2,Kafka Failure
kafka consumer lag exceeded threshold on auth-service,Kafka Failure
kafka partition leader missing on k8s-node-4,Kafka Failure
kafka partition leader missing on db-cluster,Kafka Failure
consumer group rebalance failed on kafka-broker,Kafka Failure
message broker unavailable on auth-service,Kafka Failure
stream processing interrupted on auth-service,Kafka Failure
failed to publish event to kafka on payment-service,Kafka Failure
consumer group rebalance failed on frontend-app,Kafka Failure
kafka partition leader missing on frontend-app,Kafka Failure
message broker unavailable on kafka-broker,Kafka Failure
consumer group rebalance failed on kafka-broker,Kafka Failure
message broker unavailable on api-gateway,Kafka Failure
stream processing interrupted on payment-service,Kafka Failure
consumer group rebalance failed on api-gateway,Kafka Failure
consumer group rebalance failed on payment-service,Kafka Failure
kafka partition leader missing on prod-server-2,Kafka Failure
failed to publish event to kafka on frontend-app,Kafka Failure
failed to publish event to kafka on prod-server-2,Kafka Failure
consumer group rebalance failed on prod-server-2,Kafka Failure
kafka consumer lag exceeded threshold on payment-service,Kafka Failure
stream processing interrupted on k8s-node-4,Kafka Failure
message broker unavailable on kafka-broker,Kafka Failure
consumer group rebalance failed on api-gateway,Kafka Failure
stream processing interrupted on auth-service,Kafka Failure
consumer group rebalance failed on prod-server-2,Kafka Failure
stream processing interrupted on redis-cache,Kafka Failure
failed to publish event to kafka on k8s-node-4,Kafka Failure
failed to publish event to kafka on api-gateway,Kafka Failure
message broker unavailable on prod-server-2,Kafka Failure
stream processing interrupted on prod-server-1,Kafka Failure
message broker unavailable on auth-service,Kafka Failure
kafka consumer lag exceeded threshold on api-gateway,Kafka Failure
failed to publish event to kafka on payment-service,Kafka Failure
message broker unavailable on frontend-app,Kafka Failure
failed to publish event to kafka on payment-service,Kafka Failure
message broker unavailable on prod-server-2,Kafka Failure
message broker unavailable on kafka-broker,Kafka Failure
message broker unavailable on redis-cache,Kafka Failure
consumer group rebalance failed on api-gateway,Kafka Failure
kafka consumer lag exceeded threshold on prod-server-2,Kafka Failure
failed to publish event to kafka on k8s-node-4,Kafka Failure
kafka partition leader missing on prod-server-1,Kafka Failure
message broker unavailable on db-cluster,Kafka Failure
failed to publish event to kafka on kafka-broker,Kafka Failure
message broker unavailable on auth-service,Kafka Failure
kafka partition leader missing on auth-service,Kafka Failure
kafka partition leader missing on api-gateway,Kafka Failure
stream processing interrupted on api-gateway,Kafka Failure
consumer group rebalance failed on k8s-node-4,Kafka Failure
message broker unavailable on kafka-broker,Kafka Failure
kafka consumer lag exceeded threshold on api-gateway,Kafka Failure
failed to publish event to kafka on auth-service,Kafka Failure
stream processing interrupted on payment-service,Kafka Failure
message broker unavailable on api-gateway,Kafka Failure
message broker unavailable on db-cluster,Kafka Failure
kafka partition leader missing on prod-server-1,Kafka Failure
kafka consumer lag exceeded threshold on prod-server-1,Kafka Failure
consumer group rebalance failed on payment-service,Kafka Failure
kafka consumer lag exceeded threshold on k8s-node-4,Kafka Failure
kafka partition leader missing on k8s-node-4,Kafka Failure
failed to publish event to kafka on payment-service,Kafka Failure
consumer group rebalance failed on prod-server-2,Kafka Failure
failed to publish event to kafka on prod-server-1,Kafka Failure
kafka consumer lag exceeded threshold on redis-cache,Kafka Failure
message broker unavailable on api-gateway,Kafka Failure
kafka partition leader missing on k8s-node-4,Kafka Failure
stream processing interrupted on redis-cache,Kafka Failure
kafka consumer lag exceeded threshold on kafka-broker,Kafka Failure
consumer group rebalance failed on prod-server-2,Kafka Failure
consumer group rebalance failed on prod-server-1,Kafka Failure
consumer group rebalance failed on db-cluster,Kafka Failure
consumer group rebalance failed on frontend-app,Kafka Failure
stream processing interrupted on redis-cache,Kafka Failure
kafka partition leader missing on payment-service,Kafka Failure
stream processing interrupted on api-gateway,Kafka Failure
kafka consumer lag exceeded threshold on frontend-app,Kafka Failure
message broker unavailable on kafka-broker,Kafka Failure
message broker unavailable on kafka-broker,Kafka Failure
kafka partition leader missing on prod-server-2,Kafka Failure
kafka partition leader missing on prod-server-1,Kafka Failure
kafka partition leader missing on k8s-node-4,Kafka Failure
failed to publish event to kafka on frontend-app,Kafka Failure
kafka partition leader missing on prod-server-2,Kafka Failure
message broker unavailable on kafka-broker,Kafka Failure
kafka partition leader missing on frontend-app,Kafka Failure
message broker unavailable on prod-server-1,Kafka Failure
failed to publish event to kafka on prod-server-2,Kafka Failure
failed to publish event to kafka on redis-cache,Kafka Failure
consumer group rebalance failed on kafka-broker,Kafka Failure
consumer group rebalance failed on k8s-node-4,Kafka Failure
message broker unavailable on auth-service,Kafka Failure
message broker unavailable on auth-service,Kafka Failure
kafka partition leader missing on redis-cache,Kafka Failure
kafka partition leader missing on api-gateway,Kafka Failure
message broker unavailable on frontend-app,Kafka Failure
stream processing interrupted on redis-cache,Kafka Failure
consumer group rebalance failed on payment-service,Kafka Failure
failed to publish event to kafka on frontend-app,Kafka Failure
kafka partition leader missing on prod-server-1,Kafka Failure
stream processing interrupted on auth-service,Kafka Failure
consumer group rebalance failed on payment-service,Kafka Failure
kafka partition leader missing on prod-server-2,Kafka Failure
message broker unavailable on auth-service,Kafka Failure
kafka partition leader missing on api-gateway,Kafka Failure
stream processing interrupted on prod-server-2,Kafka Failure
consumer group rebalance failed on frontend-app,Kafka Failure
stream processing interrupted on api-gateway,Kafka Failure
kafka consumer lag exceeded threshold on prod-server-1,Kafka Failure
consumer group rebalance failed on db-cluster,Kafka Failure
stream processing interrupted on payment-service,Kafka Failure
failed to publish event to kafka on api-gateway,Kafka Failure
kafka consumer lag exceeded threshold on api-gateway,Kafka Failure
kafka partition leader missing on prod-server-2,Kafka Failure
message broker unavailable on k8s-node-4,Kafka Failure
kafka consumer lag exceeded threshold on kafka-broker,Kafka Failure
kafka partition leader missing on auth-service,Kafka Failure
kafka consumer lag exceeded threshold on prod-server-2,Kafka Failure
kafka consumer lag exceeded threshold on k8s-node-4,Kafka Failure
failed to publish event to kafka on prod-server-1,Kafka Failure
kafka consumer lag exceeded threshold on redis-cache,Kafka Failure
failed to publish event to kafka on redis-cache,Kafka Failure
failed to publish event to kafka on k8s-node-4,Kafka Failure
failed to publish event to kafka on k8s-node-4,Kafka Failure
kafka consumer lag exceeded threshold on api-gateway,Kafka Failure
stream processing interrupted on kafka-broker,Kafka Failure
kafka partition leader missing on kafka-broker,Kafka Failure
kafka consumer lag exceeded threshold on k8s-node-4,Kafka Failure
message broker unavailable on auth-service,Kafka Failure
kafka consumer lag exceeded threshold on auth-service,Kafka Failure
stream processing interrupted on db-cluster,Kafka Failure
message broker unavailable on prod-server-2,Kafka Failure
consumer group rebalance failed on prod-server-2,Kafka Failure
kafka partition leader missing on kafka-broker,Kafka Failure
kafka consumer lag exceeded threshold on kafka-broker,Kafka Failure
consumer group rebalance failed on db-cluster,Kafka Failure
stream processing interrupted on prod-server-2,Kafka Failure
failed to publish event to kafka on prod-server-1,Kafka Failure
kafka partition leader missing on payment-service,Kafka Failure
stream processing interrupted on frontend-app,Kafka Failure
kafka partition leader missing on db-cluster,Kafka Failure
kafka partition leader missing on api-gateway,Kafka Failure
kafka consumer lag exceeded threshold on kafka-broker,Kafka Failure
consumer group rebalance failed on payment-service,Kafka Failure
consumer group rebalance failed on prod-server-2,Kafka Failure
message broker unavailable on prod-server-2,Kafka Failure
message broker unavailable on prod-server-2,Kafka Failure
stream processing interrupted on payment-service,Kafka Failure
kafka consumer lag exceeded threshold on api-gateway,Kafka Failure
failed to publish event to kafka on redis-cache,Kafka Failure
stream processing interrupted on payment-service,Kafka Failure
kafka partition leader missing on redis-cache,Kafka Failure
stream processing interrupted on k8s-node-4,Kafka Failure
kafka partition leader missing on k8s-node-4,Kafka Failure
kafka consumer lag exceeded threshold on k8s-node-4,Kafka Failure
failed to publish event to kafka on api-gateway,Kafka Failure
consumer group rebalance failed on auth-service,Kafka Failure
stream processing interrupted on api-gateway,Kafka Failure
kafka partition leader missing on db-cluster,Kafka Failure
kafka partition leader missing on api-gateway,Kafka Failure
consumer group rebalance failed on payment-service,Kafka Failure
consumer group rebalance failed on prod-server-1,Kafka Failure
kafka consumer lag exceeded threshold on frontend-app,Kafka Failure
consumer group rebalance failed on payment-service,Kafka Failure
consumer group rebalance failed on api-gateway,Kafka Failure
failed to publish event to kafka on db-cluster,Kafka Failure
kafka consumer lag exceeded threshold on kafka-broker,Kafka Failure
message broker unavailable on k8s-node-4,Kafka Failure
stream processing interrupted on db-cluster,Kafka Failure
stream processing interrupted on prod-server-1,Kafka Failure
consumer group rebalance failed on payment-service,Kafka Failure
stream processing interrupted on prod-server-1,Kafka Failure
kafka consumer lag exceeded threshold on prod-server-1,Kafka Failure
kafka consumer lag exceeded threshold on payment-service,Kafka Failure
failed to publish event to kafka on prod-server-1,Kafka Failure
stream processing interrupted on kafka-broker,Kafka Failure
stream processing interrupted on db-cluster,Kafka Failure
kafka partition leader missing on db-cluster,Kafka Failure
stream processing interrupted on prod-server-1,Kafka Failure
message broker unavailable on k8s-node-4,Kafka Failure
stream processing interrupted on prod-server-1,Kafka Failure
kafka partition leader missing on frontend-app,Kafka Failure
stream processing interrupted on frontend-app,Kafka Failure
stream processing interrupted on kafka-broker,Kafka Failure
kafka consumer lag exceeded threshold on api-gateway,Kafka Failure
consumer group rebalance failed on frontend-app,Kafka Failure
stream processing interrupted on auth-service,Kafka Failure
consumer group rebalance failed on frontend-app,Kafka Failure
kafka consumer lag exceeded threshold on prod-server-2,Kafka Failure
message broker unavailable on payment-service,Kafka Failure
message broker unavailable on prod-server-2,Kafka Failure
consumer group rebalance failed on prod-server-1,Kafka Failure
kafka partition leader missing on api-gateway,Kafka Failure
kafka consumer lag exceeded threshold on k8s-node-4,Kafka Failure
stream processing interrupted on prod-server-1,Kafka Failure
kafka partition leader missing on prod-server-1,Kafka Failure
stream processing interrupted on kafka-broker,Kafka Failure
consumer group rebalance failed on api-gateway,Kafka Failure
message broker unavailable on redis-cache,Kafka Failure
message broker unavailable on prod-server-1,Kafka Failure
kafka consumer lag exceeded threshold on prod-server-1,Kafka Failure
message broker unavailable on db-cluster,Kafka Failure
consumer group rebalance failed on prod-server-1,Kafka Failure
kafka partition leader missing on frontend-app,Kafka Failure
message broker unavailable on payment-service,Kafka Failure
consumer group rebalance failed on redis-cache,Kafka Failure
stream processing interrupted on auth-service,Kafka Failure
message broker unavailable on redis-cache,Kafka Failure
kafka partition leader missing on db-cluster,Kafka Failure
stream processing interrupted on prod-server-1,Kafka Failure
failed to publish event to kafka on redis-cache,Kafka Failure
kafka consumer lag exceeded threshold on k8s-node-4,Kafka Failure
consumer group rebalance failed on prod-server-2,Kafka Failure
consumer group rebalance failed on prod-server-2,Kafka Failure
kafka partition leader missing on payment-service,Kafka Failure
kafka consumer lag exceeded threshold on db-cluster,Kafka Failure
consumer group rebalance failed on api-gateway,Kafka Failure
consumer group rebalance failed on k8s-node-4,Kafka Failure
kafka partition leader missing on api-gateway,Kafka Failure
consumer group rebalance failed on api-gateway,Kafka Failure
failed to publish event to kafka on prod-server-2,Kafka Failure
failed to publish event to kafka on auth-service,Kafka Failure
message broker unavailable on db-cluster,Kafka Failure
message broker unavailable on api-gateway,Kafka Failure
kafka partition leader missing on payment-service,Kafka Failure
kafka consumer lag exceeded threshold on k8s-node-4,Kafka Failure
failed to publish event to kafka on auth-service,Kafka Failure
consumer group rebalance failed on frontend-app,Kafka Failure
failed to publish event to kafka on redis-cache,Kafka Failure
kafka partition leader missing on prod-server-2,Kafka Failure
kafka partition leader missing on payment-service,Kafka Failure
message broker unavailable on kafka-broker,Kafka Failure
stream processing interrupted on redis-cache,Kafka Failure
kafka consumer lag exceeded threshold on kafka-broker,Kafka Failure
stream processing interrupted on prod-server-2,Kafka Failure
consumer group rebalance failed on redis-cache,Kafka Failure
failed to publish event to kafka on db-cluster,Kafka Failure
failed to publish event to kafka on frontend-app,Kafka Failure
consumer group rebalance failed on auth-service,Kafka Failure
consumer group rebalance failed on frontend-app,Kafka Failure
consumer group rebalance failed on payment-service,Kafka Failure
consumer group rebalance failed on redis-cache,Kafka Failure
failed to publish event to kafka on db-cluster,Kafka Failure
stream processing interrupted on kafka-broker,Kafka Failure
failed to publish event to kafka on frontend-app,Kafka Failure
kafka consumer lag exceeded threshold on prod-server-2,Kafka Failure
failed to publish event to kafka on payment-service,Kafka Failure
message broker unavailable on prod-server-2,Kafka Failure
consumer group rebalance failed on auth-service,Kafka Failure
kafka partition leader missing on payment-service,Kafka Failure
kafka partition leader missing on db-cluster,Kafka Failure
consumer group rebalance failed on payment-service,Kafka Failure
consumer group rebalance failed on kafka-broker,Kafka Failure
stream processing interrupted on db-cluster,Kafka Failure
message broker unavailable on auth-service,Kafka Failure
kafka partition leader missing on frontend-app,Kafka Failure
kafka consumer lag exceeded threshold on k8s-node-4,Kafka Failure
message broker unavailable on api-gateway,Kafka Failure
kafka partition leader missing on api-gateway,Kafka Failure
message broker unavailable on api-gateway,Kafka Failure
stream processing interrupted on k8s-node-4,Kafka Failure
kafka partition leader missing on kafka-broker,Kafka Failure
kafka consumer lag exceeded threshold on db-cluster,Kafka Failure
consumer group rebalance failed on payment-service,Kafka Failure
kafka partition leader missing on prod-server-1,Kafka Failure
consumer group rebalance failed on api-gateway,Kafka Failure
stream processing interrupted on k8s-node-4,Kafka Failure
consumer group rebalance failed on kafka-broker,Kafka Failure
stream processing interrupted on k8s-node-4,Kafka Failure
failed to publish event to kafka on k8s-node-4,Kafka Failure
stream processing interrupted on k8s-node-4,Kafka Failure
message broker unavailable on frontend-app,Kafka Failure
stream processing interrupted on kafka-broker,Kafka Failure
failed to publish event to kafka on prod-server-1,Kafka Failure
failed to publish event to kafka on redis-cache,Kafka Failure
failed to publish event to kafka on k8s-node-4,Kafka Failure
kafka consumer lag exceeded threshold on kafka-broker,Kafka Failure
stream processing interrupted on frontend-app,Kafka Failure
consumer group rebalance failed on auth-service,Kafka Failure
kafka consumer lag exceeded threshold on k8s-node-4,Kafka Failure
kafka partition leader missing on frontend-app,Kafka Failure
failed to publish event to kafka on k8s-node-4,Kafka Failure
consumer group rebalance failed on api-gateway,Kafka Failure
message broker unavailable on db-cluster,Kafka Failure
message broker unavailable on prod-server-1,Kafka Failure
message broker unavailable on auth-service,Kafka Failure
failed to publish event to kafka on auth-service,Kafka Failure
payment transaction declined on db-cluster,Payment Failure
financial transaction rollback detected on db-cluster,Payment Failure
payment transaction declined on frontend-app,Payment Failure
payment gateway timeout occurred on auth-service,Payment Failure
unable to process customer payment on frontend-app,Payment Failure
payment gateway timeout occurred on frontend-app,Payment Failure
payment service unavailable on db-cluster,Payment Failure
financial transaction rollback detected on auth-service,Payment Failure
payment transaction declined on kafka-broker,Payment Failure
payment service unavailable on payment-service,Payment Failure
payment transaction declined on payment-service,Payment Failure
financial transaction rollback detected on auth-service,Payment Failure
credit card authorization failed on frontend-app,Payment Failure
unable to process customer payment on frontend-app,Payment Failure
payment service unavailable on frontend-app,Payment Failure
payment service unavailable on k8s-node-4,Payment Failure
payment transaction declined on k8s-node-4,Payment Failure
payment gateway timeout occurred on prod-server-1,Payment Failure
payment service unavailable on api-gateway,Payment Failure
payment gateway timeout occurred on auth-service,Payment Failure
unable to process customer payment on redis-cache,Payment Failure
credit card authorization failed on frontend-app,Payment Failure
unable to process customer payment on api-gateway,Payment Failure
unable to process customer payment on prod-server-1,Payment Failure
financial transaction rollback detected on prod-server-2,Payment Failure
credit card authorization failed on auth-service,Payment Failure
payment gateway timeout occurred on frontend-app,Payment Failure
payment transaction declined on db-cluster,Payment Failure
payment service unavailable on frontend-app,Payment Failure
unable to process customer payment on db-cluster,Payment Failure
financial transaction rollback detected on k8s-node-4,Payment Failure
payment gateway timeout occurred on api-gateway,Payment Failure
payment transaction declined on k8s-node-4,Payment Failure
financial transaction rollback detected on auth-service,Payment Failure
credit card authorization failed on kafka-broker,Payment Failure
payment gateway timeout occurred on api-gateway,Payment Failure
unable to process customer payment on kafka-broker,Payment Failure
payment transaction declined on kafka-broker,Payment Failure
payment service unavailable on frontend-app,Payment Failure
credit card authorization failed on payment-service,Payment Failure
payment service unavailable on db-cluster,Payment Failure
credit card authorization failed on kafka-broker,Payment Failure
credit card authorization failed on db-cluster,Payment Failure
credit card authorization failed on payment-service,Payment Failure
payment gateway timeout occurred on payment-service,Payment Failure
financial transaction rollback detected on kafka-broker,Payment Failure
payment transaction declined on frontend-app,Payment Failure
payment service unavailable on payment-service,Payment Failure
unable to process customer payment on kafka-broker,Payment Failure
unable to process customer payment on auth-service,Payment Failure
financial transaction rollback detected on kafka-broker,Payment Failure
unable to process customer payment on payment-service,Payment Failure
financial transaction rollback detected on payment-service,Payment Failure
payment service unavailable on prod-server-2,Payment Failure
financial transaction rollback detected on api-gateway,Payment Failure
credit card authorization failed on db-cluster,Payment Failure
payment service unavailable on redis-cache,Payment Failure
payment service unavailable on frontend-app,Payment Failure
credit card authorization failed on auth-service,Payment Failure
payment transaction declined on k8s-node-4,Payment Failure
payment service unavailable on api-gateway,Payment Failure
unable to process customer payment on auth-service,Payment Failure
credit card authorization failed on auth-service,Payment Failure
payment transaction declined on k8s-node-4,Payment Failure
credit card authorization failed on api-gateway,Payment Failure
unable to process customer payment on db-cluster,Payment Failure
payment gateway timeout occurred on prod-server-1,Payment Failure
financial transaction rollback detected on payment-service,Payment Failure
payment transaction declined on auth-service,Payment Failure
payment transaction declined on api-gateway,Payment Failure
financial transaction rollback detected on db-cluster,Payment Failure
unable to process customer payment on payment-service,Payment Failure
financial transaction rollback detected on payment-service,Payment Failure
financial transaction rollback detected on prod-server-2,Payment Failure
payment gateway timeout occurred on payment-service,Payment Failure
credit card authorization failed on redis-cache,Payment Failure
payment transaction declined on db-cluster,Payment Failure
credit card authorization failed on frontend-app,Payment Failure
credit card authorization failed on k8s-node-4,Payment Failure
payment gateway timeout occurred on db-cluster,Payment Failure
financial transaction rollback detected on kafka-broker,Payment Failure
financial transaction rollback detected on db-cluster,Payment Failure
payment transaction declined on auth-service,Payment Failure
credit card authorization failed on prod-server-2,Payment Failure
unable to process customer payment on frontend-app,Payment Failure
payment service unavailable on frontend-app,Payment Failure
payment transaction declined on auth-service,Payment Failure
financial transaction rollback detected on kafka-broker,Payment Failure
payment service unavailable on auth-service,Payment Failure
payment service unavailable on prod-server-2,Payment Failure
payment transaction declined on prod-server-1,Payment Failure
payment transaction declined on auth-service,Payment Failure
payment gateway timeout occurred on frontend-app,Payment Failure
financial transaction rollback detected on db-cluster,Payment Failure
payment gateway timeout occurred on auth-service,Payment Failure
payment transaction declined on api-gateway,Payment Failure
payment service unavailable on prod-server-1,Payment Failure
credit card authorization failed on prod-server-1,Payment Failure
unable to process customer payment on prod-server-1,Payment Failure
payment gateway timeout occurred on prod-server-1,Payment Failure
unable to process customer payment on api-gateway,Payment Failure
credit card authorization failed on api-gateway,Payment Failure
credit card authorization failed on payment-service,Payment Failure
unable to process customer payment on redis-cache,Payment Failure
payment transaction declined on redis-cache,Payment Failure
payment gateway timeout occurred on prod-server-2,Payment Failure
payment service unavailable on prod-server-1,Payment Failure
payment service unavailable on prod-server-2,Payment Failure
payment gateway timeout occurred on kafka-broker,Payment Failure
financial transaction rollback detected on db-cluster,Payment Failure
unable to process customer payment on prod-server-2,Payment Failure
unable to process customer payment on prod-server-1,Payment Failure
payment transaction declined on auth-service,Payment Failure
credit card authorization failed on db-cluster,Payment Failure
payment transaction declined on redis-cache,Payment Failure
unable to process customer payment on prod-server-1,Payment Failure
credit card authorization failed on prod-server-2,Payment Failure
payment transaction declined on kafka-broker,Payment Failure
financial transaction rollback detected on db-cluster,Payment Failure
unable to process customer payment on auth-service,Payment Failure
unable to process customer payment on db-cluster,Payment Failure
unable to process customer payment on api-gateway,Payment Failure
financial transaction rollback detected on kafka-broker,Payment Failure
financial transaction rollback detected on prod-server-1,Payment Failure
payment service unavailable on kafka-broker,Payment Failure
credit card authorization failed on frontend-app,Payment Failure
payment gateway timeout occurred on payment-service,Payment Failure
credit card authorization failed on prod-server-2,Payment Failure
payment service unavailable on redis-cache,Payment Failure
payment gateway timeout occurred on kafka-broker,Payment Failure
credit card authorization failed on payment-service,Payment Failure
financial transaction rollback detected on prod-server-1,Payment Failure
payment service unavailable on k8s-node-4,Payment Failure
financial transaction rollback detected on frontend-app,Payment Failure
credit card authorization failed on payment-service,Payment Failure
payment gateway timeout occurred on db-cluster,Payment Failure
payment service unavailable on frontend-app,Payment Failure
unable to process customer payment on api-gateway,Payment Failure
credit card authorization failed on kafka-broker,Payment Failure
payment service unavailable on redis-cache,Payment Failure
financial transaction rollback detected on k8s-node-4,Payment Failure
credit card authorization failed on payment-service,Payment Failure
financial transaction rollback detected on api-gateway,Payment Failure
unable to process customer payment on prod-server-1,Payment Failure
payment service unavailable on prod-server-2,Payment Failure
payment service unavailable on prod-server-2,Payment Failure
credit card authorization failed on api-gateway,Payment Failure
financial transaction rollback detected on redis-cache,Payment Failure
payment gateway timeout occurred on kafka-broker,Payment Failure
payment service unavailable on auth-service,Payment Failure
credit card authorization failed on api-gateway,Payment Failure
financial transaction rollback detected on frontend-app,Payment Failure
financial transaction rollback detected on db-cluster,Payment Failure
payment transaction declined on db-cluster,Payment Failure
payment gateway timeout occurred on api-gateway,Payment Failure
payment transaction declined on api-gateway,Payment Failure
payment gateway timeout occurred on k8s-node-4,Payment Failure
payment transaction declined on api-gateway,Payment Failure
financial transaction rollback detected on redis-cache,Payment Failure
payment service unavailable on payment-service,Payment Failure
payment gateway timeout occurred on auth-service,Payment Failure
credit card authorization failed on kafka-broker,Payment Failure
unable to process customer payment on k8s-node-4,Payment Failure
payment transaction declined on frontend-app,Payment Failure
payment gateway timeout occurred on k8s-node-4,Payment Failure
unable to process customer payment on k8s-node-4,Payment Failure
credit card authorization failed on prod-server-1,Payment Failure
payment service unavailable on api-gateway,Payment Failure
payment transaction declined on auth-service,Payment Failure
unable to process customer payment on prod-server-1,Payment Failure
financial transaction rollback detected on api-gateway,Payment Failure
payment gateway timeout occurred on db-cluster,Payment Failure
credit card authorization failed on kafka-broker,Payment Failure
unable to process customer payment on prod-server-2,Payment Failure
payment gateway timeout occurred on k8s-node-4,Payment Failure
payment service unavailable on api-gateway,Payment Failure
payment transaction declined on auth-service,Payment Failure
payment service unavailable on redis-cache,Payment Failure
unable to process customer payment on api-gateway,Payment Failure
payment transaction declined on k8s-node-4,Payment Failure
credit card authorization failed on k8s-node-4,Payment Failure
payment transaction declined on prod-server-1,Payment Failure
financial transaction rollback detected on kafka-broker,Payment Failure
financial transaction rollback detected on api-gateway,Payment Failure
credit card authorization failed on prod-server-2,Payment Failure
payment transaction declined on prod-server-1,Payment Failure
payment gateway timeout occurred on payment-service,Payment Failure
credit card authorization failed on prod-server-1,Payment Failure
payment service unavailable on k8s-node-4,Payment Failure
credit card authorization failed on k8s-node-4,Payment Failure
payment service unavailable on prod-server-1,Payment Failure
payment transaction declined on frontend-app,Payment Failure
credit card authorization failed on auth-service,Payment Failure
unable to process customer payment on prod-server-2,Payment Failure
financial transaction rollback detected on frontend-app,Payment Failure
payment transaction declined on db-cluster,Payment Failure
payment service unavailable on k8s-node-4,Payment Failure
payment gateway timeout occurred on redis-cache,Payment Failure
payment service unavailable on prod-server-1,Payment Failure
payment gateway timeout occurred on api-gateway,Payment Failure
payment transaction declined on redis-cache,Payment Failure
credit card authorization failed on redis-cache,Payment Failure
unable to process customer payment on db-cluster,Payment Failure
payment gateway timeout occurred on kafka-broker,Payment Failure
payment service unavailable on kafka-broker,Payment Failure
unable to process customer payment on prod-server-1,Payment Failure
financial transaction rollback detected on prod-server-2,Payment Failure
payment transaction declined on kafka-broker,Payment Failure
payment transaction declined on auth-service,Payment Failure
payment gateway timeout occurred on redis-cache,Payment Failure
payment gateway timeout occurred on auth-service,Payment Failure
unable to process customer payment on db-cluster,Payment Failure
payment service unavailable on k8s-node-4,Payment Failure
financial transaction rollback detected on api-gateway,Payment Failure
payment service unavailable on payment-service,Payment Failure
financial transaction rollback detected on prod-server-2,Payment Failure
payment service unavailable on prod-server-2,Payment Failure
credit card authorization failed on redis-cache,Payment Failure
payment service unavailable on kafka-broker,Payment Failure
payment gateway timeout occurred on api-gateway,Payment Failure
financial transaction rollback detected on kafka-broker,Payment Failure
unable to process customer payment on frontend-app,Payment Failure
unable to process customer payment on prod-server-2,Payment Failure
credit card authorization failed on auth-service,Payment Failure
payment transaction declined on api-gateway,Payment Failure
payment transaction declined on redis-cache,Payment Failure
payment transaction declined on auth-service,Payment Failure
payment transaction declined on payment-service,Payment Failure
financial transaction rollback detected on prod-server-2,Payment Failure
payment transaction declined on k8s-node-4,Payment Failure
financial transaction rollback detected on k8s-node-4,Payment Failure
payment gateway timeout occurred on prod-server-1,Payment Failure
financial transaction rollback detected on frontend-app,Payment Failure
payment transaction declined on db-cluster,Payment Failure
financial transaction rollback detected on frontend-app,Payment Failure
unable to process customer payment on redis-cache,Payment Failure
payment service unavailable on redis-cache,Payment Failure
financial transaction rollback detected on k8s-node-4,Payment Failure
payment gateway timeout occurred on prod-server-2,Payment Failure
credit card authorization failed on api-gateway,Payment Failure
unable to process customer payment on prod-server-2,Payment Failure
unable to process customer payment on frontend-app,Payment Failure
financial transaction rollback detected on frontend-app,Payment Failure
financial transaction rollback detected on db-cluster,Payment Failure
payment service unavailable on kafka-broker,Payment Failure
financial transaction rollback detected on auth-service,Payment Failure
payment service unavailable on redis-cache,Payment Failure
payment service unavailable on frontend-app,Payment Failure
payment gateway timeout occurred on kafka-broker,Payment Failure
payment service unavailable on db-cluster,Payment Failure
unable to process customer payment on payment-service,Payment Failure
credit card authorization failed on frontend-app,Payment Failure
unable to process customer payment on kafka-broker,Payment Failure
payment gateway timeout occurred on k8s-node-4,Payment Failure
unable to process customer payment on prod-server-2,Payment Failure
payment service unavailable on api-gateway,Payment Failure
payment service unavailable on redis-cache,Payment Failure
credit card authorization failed on prod-server-2,Payment Failure
financial transaction rollback detected on prod-server-2,Payment Failure
financial transaction rollback detected on prod-server-1,Payment Failure
unable to process customer payment on db-cluster,Payment Failure
financial transaction rollback detected on prod-server-2,Payment Failure
payment gateway timeout occurred on k8s-node-4,Payment Failure
payment service unavailable on prod-server-1,Payment Failure
payment service unavailable on prod-server-1,Payment Failure
payment gateway timeout occurred on k8s-node-4,Payment Failure
payment service unavailable on prod-server-1,Payment Failure
credit card authorization failed on payment-service,Payment Failure
payment gateway timeout occurred on db-cluster,Payment Failure
payment service unavailable on redis-cache,Payment Failure
payment gateway timeout occurred on db-cluster,Payment Failure
payment service unavailable on prod-server-1,Payment Failure
financial transaction rollback detected on db-cluster,Payment Failure
unable to process customer payment on payment-service,Payment Failure
payment service unavailable on redis-cache,Payment Failure
financial transaction rollback detected on kafka-broker,Payment Failure
payment gateway timeout occurred on prod-server-1,Payment Failure
unable to process customer payment on frontend-app,Payment Failure
unable to process customer payment on api-gateway,Payment Failure
payment service unavailable on payment-service,Payment Failure
payment service unavailable on kafka-broker,Payment Failure
unable to process customer payment on k8s-node-4,Payment Failure
unable to process customer payment on payment-service,Payment Failure
unable to process customer payment on frontend-app,Payment Failure
credit card authorization failed on k8s-node-4,Payment Failure
payment service unavailable on k8s-node-4,Payment Failure
payment service unavailable on prod-server-1,Payment Failure
unable to process customer payment on payment-service,Payment Failure
financial transaction rollback detected on api-gateway,Payment Failure
payment service unavailable on prod-server-2,Payment Failure
credit card authorization failed on auth-service,Payment Failure
payment service unavailable on kafka-broker,Payment Failure
payment transaction declined on prod-server-2,Payment Failure
payment gateway timeout occurred on prod-server-2,Payment Failure
credit card authorization failed on frontend-app,Payment Failure
financial transaction rollback detected on k8s-node-4,Payment Failure
payment gateway timeout occurred on payment-service,Payment Failure
credit card authorization failed on auth-service,Payment Failure
payment transaction declined on frontend-app,Payment Failure
financial transaction rollback detected on k8s-node-4,Payment Failure
unable to process customer payment on api-gateway,Payment Failure
payment gateway timeout occurred on k8s-node-4,Payment Failure
payment service unavailable on k8s-node-4,Payment Failure
financial transaction rollback detected on prod-server-2,Payment Failure
payment service unavailable on api-gateway,Payment Failure
financial transaction rollback detected on redis-cache,Payment Failure
unable to process customer payment on k8s-node-4,Payment Failure
credit card authorization failed on k8s-node-4,Payment Failure
payment service unavailable on prod-server-1,Payment Failure
credit card authorization failed on prod-server-1,Payment Failure
payment service unavailable on prod-server-2,Payment Failure
credit card authorization failed on k8s-node-4,Payment Failure
credit card authorization failed on prod-server-2,Payment Failure
financial transaction rollback detected on k8s-node-4,Payment Failure
payment transaction declined on k8s-node-4,Payment Failure
financial transaction rollback detected on redis-cache,Payment Failure
payment transaction declined on kafka-broker,Payment Failure
unable to process customer payment on db-cluster,Payment Failure
payment service unavailable on auth-service,Payment Failure
payment transaction declined on prod-server-2,Payment Failure
credit card authorization failed on redis-cache,Payment Failure
payment service unavailable on frontend-app,Payment Failure
unable to process customer payment on frontend-app,Payment Failure
financial transaction rollback detected on payment-service,Payment Failure
payment service unavailable on kafka-broker,Payment Failure
credit card authorization failed on api-gateway,Payment Failure
unable to process customer payment on redis-cache,Payment Failure
payment service unavailable on k8s-node-4,Payment Failure
payment gateway timeout occurred on api-gateway,Payment Failure
unable to process customer payment on frontend-app,Payment Failure
financial transaction rollback detected on prod-server-1,Payment Failure
payment gateway timeout occurred on prod-server-2,Payment Failure
payment service unavailable on frontend-app,Payment Failure
payment gateway timeout occurred on db-cluster,Payment Failure
payment service unavailable on frontend-app,Payment Failure
payment service unavailable on auth-service,Payment Failure
credit card authorization failed on kafka-broker,Payment Failure
credit card authorization failed on api-gateway,Payment Failure
credit card authorization failed on k8s-node-4,Payment Failure
unable to process customer payment on auth-service,Payment Failure
payment transaction declined on prod-server-1,Payment Failure
unable to process customer payment on payment-service,Payment Failure
payment gateway timeout occurred on auth-service,Payment Failure
unable to process customer payment on api-gateway,Payment Failure
credit card authorization failed on api-gateway,Payment Failure
payment service unavailable on prod-server-2,Payment Failure
payment transaction declined on k8s-node-4,Payment Failure
credit card authorization failed on frontend-app,Payment Failure
payment transaction declined on payment-service,Payment Failure
payment gateway timeout occurred on db-cluster,Payment Failure
unable to process customer payment on prod-server-1,Payment Failure
credit card authorization failed on prod-server-2,Payment Failure
unable to process customer payment on prod-server-2,Payment Failure
payment gateway timeout occurred on prod-server-1,Payment Failure
unable to process customer payment on frontend-app,Payment Failure
payment service unavailable on db-cluster,Payment Failure
payment transaction declined on redis-cache,Payment Failure
financial transaction rollback detected on db-cluster,Payment Failure
financial transaction rollback detected on k8s-node-4,Payment Failure
credit card authorization failed on api-gateway,Payment Failure
payment gateway timeout occurred on frontend-app,Payment Failure
payment service unavailable on frontend-app,Payment Failure
financial transaction rollback detected on prod-server-1,Payment Failure
credit card authorization failed on kafka-broker,Payment Failure
unable to process customer payment on payment-service,Payment Failure
credit card authorization failed on k8s-node-4,Payment Failure
payment service unavailable on kafka-broker,Payment Failure
payment service unavailable on prod-server-2,Payment Failure
unable to process customer payment on payment-service,Payment Failure
payment service unavailable on payment-service,Payment Failure
credit card authorization failed on auth-service,Payment Failure
credit card authorization failed on prod-server-2,Payment Failure
credit card authorization failed on api-gateway,Payment Failure
payment transaction declined on redis-cache,Payment Failure
unable to process customer payment on auth-service,Payment Failure
payment gateway timeout occurred on prod-server-2,Payment Failure
payment gateway timeout occurred on auth-service,Payment Failure
payment service unavailable on prod-server-1,Payment Failure
financial transaction rollback detected on prod-server-2,Payment Failure
payment service unavailable on redis-cache,Payment Failure
payment transaction declined on api-gateway,Payment Failure
payment service unavailable on kafka-broker,Payment Failure
payment transaction declined on prod-server-2,Payment Failure
payment transaction declined on k8s-node-4,Payment Failure
credit card authorization failed on db-cluster,Payment Failure
credit card authorization failed on db-cluster,Payment Failure
payment gateway timeout occurred on k8s-node-4,Payment Failure
financial transaction rollback detected on kafka-broker,Payment Failure
payment transaction declined on frontend-app,Payment Failure
credit card authorization failed on prod-server-1,Payment Failure
payment gateway timeout occurred on prod-server-1,Payment Failure
payment gateway timeout occurred on kafka-broker,Payment Failure
financial transaction rollback detected on prod-server-2,Payment Failure
payment transaction declined on kafka-broker,Payment Failure
financial transaction rollback detected on k8s-node-4,Payment Failure
credit card authorization failed on payment-service,Payment Failure
payment service unavailable on payment-service,Payment Failure
payment transaction declined on api-gateway,Payment Failure
payment service unavailable on api-gateway,Payment Failure
payment gateway timeout occurred on auth-service,Payment Failure
payment gateway timeout occurred on db-cluster,Payment Failure
payment gateway timeout occurred on auth-service,Payment Failure
payment service unavailable on auth-service,Payment Failure
payment service unavailable on api-gateway,Payment Failure
financial transaction rollback detected on kafka-broker,Payment Failure
unable to process customer payment on payment-service,Payment Failure
payment service unavailable on api-gateway,Payment Failure
payment service unavailable on kafka-broker,Payment Failure
payment service unavailable on prod-server-2,Payment Failure
credit card authorization failed on redis-cache,Payment Failure
payment transaction declined on redis-cache,Payment Failure
unable to process customer payment on payment-service,Payment Failure
financial transaction rollback detected on prod-server-1,Payment Failure
unable to process customer payment on redis-cache,Payment Failure
financial transaction rollback detected on prod-server-2,Payment Failure
financial transaction rollback detected on prod-server-2,Payment Failure
financial transaction rollback detected on db-cluster,Payment Failure
credit card authorization failed on redis-cache,Payment Failure
credit card authorization failed on frontend-app,Payment Failure
credit card authorization failed on prod-server-1,Payment Failure
credit card authorization failed on kafka-broker,Payment Failure
payment service unavailable on prod-server-1,Payment Failure
credit card authorization failed on prod-server-1,Payment Failure
payment transaction declined on prod-server-2,Payment Failure
credit card authorization failed on prod-server-2,Payment Failure
payment service unavailable on kafka-broker,Payment Failure
payment service unavailable on auth-service,Payment Failure
credit card authorization failed on prod-server-2,Payment Failure
unable to process customer payment on prod-server-1,Payment Failure
credit card authorization failed on redis-cache,Payment Failure
payment service unavailable on db-cluster,Payment Failure
financial transaction rollback detected on frontend-app,Payment Failure
unable to process customer payment on db-cluster,Payment Failure
credit card authorization failed on redis-cache,Payment Failure
payment transaction declined on frontend-app,Payment Failure
financial transaction rollback detected on api-gateway,Payment Failure
payment service unavailable on api-gateway,Payment Failure
payment gateway timeout occurred on prod-server-1,Payment Failure
unable to process customer payment on kafka-broker,Payment Failure
payment transaction declined on payment-service,Payment Failure
financial transaction rollback detected on auth-service,Payment Failure
financial transaction rollback detected on db-cluster,Payment Failure
payment gateway timeout occurred on db-cluster,Payment Failure
unable to process customer payment on api-gateway,Payment Failure
payment service unavailable on frontend-app,Payment Failure
financial transaction rollback detected on payment-service,Payment Failure
financial transaction rollback detected on api-gateway,Payment Failure
unable to process customer payment on redis-cache,Payment Failure
payment transaction declined on redis-cache,Payment Failure
payment transaction declined on payment-service,Payment Failure
payment service unavailable on payment-service,Payment Failure
payment service unavailable on prod-server-1,Payment Failure
unable to process customer payment on payment-service,Payment Failure
credit card authorization failed on api-gateway,Payment Failure
unable to process customer payment on payment-service,Payment Failure
payment gateway timeout occurred on auth-service,Payment Failure
payment transaction declined on kafka-broker,Payment Failure
unable to process customer payment on prod-server-1,Payment Failure
unable to process customer payment on api-gateway,Payment Failure
payment transaction declined on api-gateway,Payment Failure
payment service unavailable on redis-cache,Payment Failure
payment gateway timeout occurred on frontend-app,Payment Failure
unable to process customer payment on auth-service,Payment Failure
financial transaction rollback detected on redis-cache,Payment Failure
credit card authorization failed on api-gateway,Payment Failure
credit card authorization failed on prod-server-1,Payment Failure
unable to process customer payment on auth-service,Payment Failure
payment transaction declined on prod-server-2,Payment Failure
credit card authorization failed on redis-cache,Payment Failure
credit card authorization failed on k8s-node-4,Payment Failure
payment transaction declined on auth-service,Payment Failure
unable to process customer payment on frontend-app,Payment Failure
payment service unavailable on db-cluster,Payment Failure
unable to process customer payment on prod-server-2,Payment Failure
payment transaction declined on db-cluster,Payment Failure
payment gateway timeout occurred on payment-service,Payment Failure
payment gateway timeout occurred on kafka-broker,Payment Failure
credit card authorization failed on kafka-broker,Payment Failure
payment gateway timeout occurred on db-cluster,Payment Failure
financial transaction rollback detected on db-cluster,Payment Failure
payment gateway timeout occurred on payment-service,Payment Failure
payment gateway timeout occurred on payment-service,Payment Failure
unable to process customer payment on db-cluster,Payment Failure
unable to process customer payment on api-gateway,Payment Failure
financial transaction rollback detected on kafka-broker,Payment Failure
payment service unavailable on db-cluster,Payment Failure
financial transaction rollback detected on api-gateway,Payment Failure
payment transaction declined on payment-service,Payment Failure
credit card authorization failed on prod-server-1,Payment Failure
payment gateway timeout occurred on redis-cache,Payment Failure
payment gateway timeout occurred on prod-server-2,Payment Failure
unable to process customer payment on db-cluster,Payment Failure
unable to process customer payment on db-cluster,Payment Failure
financial transaction rollback detected on db-cluster,Payment Failure
financial transaction rollback detected on prod-server-2,Payment Failure
financial transaction rollback detected on auth-service,Payment Failure
payment transaction declined on payment-service,Payment Failure
payment gateway timeout occurred on prod-server-1,Payment Failure
payment gateway timeout occurred on frontend-app,Payment Failure
financial transaction rollback detected on prod-server-1,Payment Failure
credit card authorization failed on db-cluster,Payment Failure
payment gateway timeout occurred on api-gateway,Payment Failure
credit card authorization failed on k8s-node-4,Payment Failure
financial transaction rollback detected on auth-service,Payment Failure
unable to process customer payment on prod-server-2,Payment Failure
payment transaction declined on redis-cache,Payment Failure
payment transaction declined on auth-service,Payment Failure
payment transaction declined on prod-server-2,Payment Failure
credit card authorization failed on frontend-app,Payment Failure
unable to process customer payment on db-cluster,Payment Failure
payment transaction declined on kafka-broker,Payment Failure
payment gateway timeout occurred on db-cluster,Payment Failure
financial transaction rollback detected on db-cluster,Payment Failure
financial transaction rollback detected on auth-service,Payment Failure
credit card authorization failed on k8s-node-4,Payment Failure
payment transaction declined on auth-service,Payment Failure
unable to process customer payment on payment-service,Payment Failure
payment gateway timeout occurred on k8s-node-4,Payment Failure
financial transaction rollback detected on frontend-app,Payment Failure
payment gateway timeout occurred on prod-server-1,Payment Failure
unable to process customer payment on payment-service,Payment Failure
credit card authorization failed on redis-cache,Payment Failure
payment transaction declined on kafka-broker,Payment Failure
credit card authorization failed on redis-cache,Payment Failure
payment gateway timeout occurred on api-gateway,Payment Failure
payment gateway timeout occurred on db-cluster,Payment Failure
payment transaction declined on kafka-broker,Payment Failure
financial transaction rollback detected on prod-server-1,Payment Failure
payment gateway timeout occurred on api-gateway,Payment Failure
unable to process customer payment on redis-cache,Payment Failure
financial transaction rollback detected on k8s-node-4,Payment Failure
credit card authorization failed on prod-server-1,Payment Failure
credit card authorization failed on frontend-app,Payment Failure
payment gateway timeout occurred on payment-service,Payment Failure
payment gateway timeout occurred on api-gateway,Payment Failure
payment gateway timeout occurred on redis-cache,Payment Failure
payment transaction declined on prod-server-1,Payment Failure
payment transaction declined on payment-service,Payment Failure
unable to process customer payment on auth-service,Payment Failure
credit card authorization failed on api-gateway,Payment Failure
payment transaction declined on auth-service,Payment Failure
payment gateway timeout occurred on prod-server-1,Payment Failure
payment gateway timeout occurred on prod-server-1,Payment Failure
payment service unavailable on payment-service,Payment Failure
payment transaction declined on api-gateway,Payment Failure
financial transaction rollback detected on auth-service,Payment Failure
financial transaction rollback detected on api-gateway,Payment Failure
credit card authorization failed on payment-service,Payment Failure
credit card authorization failed on redis-cache,Payment Failure
payment service unavailable on auth-service,Payment Failure
payment gateway timeout occurred on api-gateway,Payment Failure
payment service unavailable on kafka-broker,Payment Failure
payment service unavailable on api-gateway,Payment Failure
unable to process customer payment on prod-server-1,Payment Failure
payment gateway timeout occurred on payment-service,Payment Failure
unable to process customer payment on frontend-app,Payment Failure
payment service unavailable on prod-server-1,Payment Failure
payment service unavailable on db-cluster,Payment Failure
payment gateway timeout occurred on redis-cache,Payment Failure
payment service unavailable on frontend-app,Payment Failure
credit card authorization failed on auth-service,Payment Failure
payment service unavailable on redis-cache,Payment Failure
financial transaction rollback detected on redis-cache,Payment Failure
payment transaction declined on prod-server-2,Payment Failure
financial transaction rollback detected on k8s-node-4,Payment Failure
payment gateway timeout occurred on prod-server-1,Payment Failure
payment service unavailable on k8s-node-4,Payment Failure
payment transaction declined on k8s-node-4,Payment Failure
payment gateway timeout occurred on db-cluster,Payment Failure
payment gateway timeout occurred on api-gateway,Payment Failure
payment transaction declined on db-cluster,Payment Failure
payment transaction declined on prod-server-2,Payment Failure
credit card authorization failed on prod-server-2,Payment Failure
financial transaction rollback detected on kafka-broker,Payment Failure
financial transaction rollback detected on kafka-broker,Payment Failure
payment transaction declined on auth-service,Payment Failure
financial transaction rollback detected on auth-service,Payment Failure
unable to process customer payment on redis-cache,Payment Failure
credit card authorization failed on api-gateway,Payment Failure
payment gateway timeout occurred on prod-server-2,Payment Failure
payment transaction declined on frontend-app,Payment Failure
payment transaction declined on payment-service,Payment Failure
financial transaction rollback detected on redis-cache,Payment Failure
payment service unavailable on api-gateway,Payment Failure
unable to process customer payment on prod-server-1,Payment Failure
financial transaction rollback detected on api-gateway,Payment Failure
credit card authorization failed on auth-service,Payment Failure
payment service unavailable on kafka-broker,Payment Failure
payment gateway timeout occurred on prod-server-1,Payment Failure
financial transaction rollback detected on db-cluster,Payment Failure
payment service unavailable on frontend-app,Payment Failure
credit card authorization failed on prod-server-1,Payment Failure
unable to process customer payment on auth-service,Payment Failure
payment transaction declined on prod-server-2,Payment Failure
payment gateway timeout occurred on db-cluster,Payment Failure
payment gateway timeout occurred on api-gateway,Payment Failure
payment transaction declined on redis-cache,Payment Failure
unable to process customer payment on api-gateway,Payment Failure
payment service unavailable on db-cluster,Payment Failure
credit card authorization failed on payment-service,Payment Failure
unable to process customer payment on db-cluster,Payment Failure
credit card authorization failed on redis-cache,Payment Failure
payment transaction declined on frontend-app,Payment Failure
credit card authorization failed on auth-service,Payment Failure
credit card authorization failed on payment-service,Payment Failure
payment transaction declined on api-gateway,Payment Failure
credit card authorization failed on api-gateway,Payment Failure
payment transaction declined on k8s-node-4,Payment Failure
payment service unavailable on api-gateway,Payment Failure
payment transaction declined on frontend-app,Payment Failure
credit card authorization failed on redis-cache,Payment Failure
payment transaction declined on prod-server-1,Payment Failure
payment gateway timeout occurred on auth-service,Payment Failure
unable to process customer payment on payment-service,Payment Failure
financial transaction rollback detected on payment-service,Payment Failure
financial transaction rollback detected on auth-service,Payment Failure
unable to process customer payment on db-cluster,Payment Failure
financial transaction rollback detected on api-gateway,Payment Failure
credit card authorization failed on redis-cache,Payment Failure
payment transaction declined on payment-service,Payment Failure
credit card authorization failed on auth-service,Payment Failure
payment transaction declined on kafka-broker,Payment Failure
credit card authorization failed on api-gateway,Payment Failure
unable to process customer payment on prod-server-2,Payment Failure
payment gateway timeout occurred on prod-server-2,Payment Failure
payment service unavailable on auth-service,Payment Failure
payment service unavailable on frontend-app,Payment Failure
unable to process customer payment on prod-server-1,Payment Failure
payment gateway timeout occurred on frontend-app,Payment Failure
financial transaction rollback detected on db-cluster,Payment Failure
payment transaction declined on auth-service,Payment Failure
unable to process customer payment on redis-cache,Payment Failure
financial transaction rollback detected on frontend-app,Payment Failure
financial transaction rollback detected on k8s-node-4,Payment Failure
payment gateway timeout occurred on k8s-node-4,Payment Failure
unable to process customer payment on db-cluster,Payment Failure
payment transaction declined on prod-server-2,Payment Failure
unable to process customer payment on prod-server-1,Payment Failure
credit card authorization failed on redis-cache,Payment Failure
credit card authorization failed on frontend-app,Payment Failure
payment transaction declined on frontend-app,Payment Failure
financial transaction rollback detected on prod-server-1,Payment Failure
financial transaction rollback detected on prod-server-1,Payment Failure
unable to process customer payment on prod-server-1,Payment Failure
payment gateway timeout occurred on payment-service,Payment Failure
payment gateway timeout occurred on prod-server-1,Payment Failure
unable to process customer payment on payment-service,Payment Failure
payment service unavailable on prod-server-2,Payment Failure
financial transaction rollback detected on k8s-node-4,Payment Failure
payment service unavailable on kafka-broker,Payment Failure
credit card authorization failed on frontend-app,Payment Failure
payment gateway timeout occurred on kafka-broker,Payment Failure
payment transaction declined on payment-service,Payment Failure
credit card authorization failed on k8s-node-4,Payment Failure
payment service unavailable on api-gateway,Payment Failure
unable to process customer payment on frontend-app,Payment Failure
payment gateway timeout occurred on redis-cache,Payment Failure
unable to process customer payment on kafka-broker,Payment Failure
credit card authorization failed on payment-service,Payment Failure
payment gateway timeout occurred on frontend-app,Payment Failure
financial transaction rollback detected on prod-server-2,Payment Failure
payment service unavailable on frontend-app,Payment Failure
unable to process customer payment on prod-server-2,Payment Failure
credit card authorization failed on prod-server-1,Payment Failure
payment transaction declined on redis-cache,Payment Failure
payment transaction declined on prod-server-2,Payment Failure
unable to process customer payment on k8s-node-4,Payment Failure
payment gateway timeout occurred on db-cluster,Payment Failure
payment gateway timeout occurred on prod-server-1,Payment Failure
payment service unavailable on db-cluster,Payment Failure
unable to process customer payment on payment-service,Payment Failure
payment gateway timeout occurred on k8s-node-4,Payment Failure
credit card authorization failed on auth-service,Payment Failure
credit card authorization failed on redis-cache,Payment Failure
credit card authorization failed on auth-service,Payment Failure
financial transaction rollback detected on frontend-app,Payment Failure
payment gateway timeout occurred on auth-service,Payment Failure
credit card authorization failed on k8s-node-4,Payment Failure
credit card authorization failed on payment-service,Payment Failure
payment transaction declined on db-cluster,Payment Failure
financial transaction rollback detected on kafka-broker,Payment Failure
credit card authorization failed on frontend-app,Payment Failure
credit card authorization failed on auth-service,Payment Failure
payment gateway timeout occurred on db-cluster,Payment Failure
payment transaction declined on api-gateway,Payment Failure
financial transaction rollback detected on payment-service,Payment Failure
payment service unavailable on prod-server-2,Payment Failure
financial transaction rollback detected on db-cluster,Payment Failure
financial transaction rollback detected on k8s-node-4,Payment Failure
financial transaction rollback detected on prod-server-2,Payment Failure
unable to process customer payment on kafka-broker,Payment Failure
financial transaction rollback detected on kafka-broker,Payment Failure
payment transaction declined on frontend-app,Payment Failure
payment gateway timeout occurred on payment-service,Payment Failure
credit card authorization failed on kafka-broker,Payment Failure
financial transaction rollback detected on api-gateway,Payment Failure
credit card authorization failed on k8s-node-4,Payment Failure
payment gateway timeout occurred on payment-service,Payment Failure
unable to process customer payment on auth-service,Payment Failure
financial transaction rollback detected on db-cluster,Payment Failure
